spec	Fold_0
nist_1056446	train
nist_1057022	train
nist_1057030	train
nist_1057038	train
nist_1057046	train
nist_1058536	train
nist_1058740	train
nist_1059715	train
nist_1059963	train
nist_1060321	train
nist_1060379	train
nist_1060556	train
nist_1060619	train
nist_1060635	train
nist_1061251	train
nist_1061892	train
nist_1062444	train
nist_1062753	train
nist_1063480	train
nist_1064715	train
nist_1065622	train
nist_1066407	train
nist_1066455	train
nist_1066607	train
nist_1067022	train
nist_1067465	train
nist_1068959	train
nist_1069246	train
nist_1070656	train
nist_1071625	train
nist_1072564	train
nist_1072580	train
nist_1072679	train
nist_1072828	train
nist_1072907	train
nist_1073237	train
nist_1074267	train
nist_1074304	train
nist_1074693	train
nist_1074863	train
nist_1074978	train
nist_1075313	train
nist_1075391	train
nist_1075407	train
nist_1075574	train
nist_1075621	train
nist_1075653	train
nist_1076574	train
nist_1090318	train
nist_1091402	train
nist_1091411	train
nist_1091424	train
nist_1091493	train
nist_1091499	train
nist_1091514	train
nist_1091517	train
nist_1091522	train
nist_1091543	train
nist_1091635	train
nist_1091641	train
nist_1091864	train
nist_1091870	train
nist_1091881	train
nist_1091920	train
nist_1091925	train
nist_1091978	train
nist_1091983	train
nist_1091988	train
nist_1091997	train
nist_1092002	train
nist_1092009	train
nist_1092017	train
nist_1092023	train
nist_1092028	train
nist_1092036	train
nist_1092058	train
nist_1092063	train
nist_1092081	train
nist_1092086	train
nist_1092109	train
nist_1092119	train
nist_1092173	train
nist_1092179	train
nist_1092184	train
nist_1092199	train
nist_1092221	train
nist_1092231	train
nist_1092351	train
nist_1092378	train
nist_1092383	train
nist_1092392	train
nist_1092408	train
nist_1092471	train
nist_1092587	train
nist_1092623	train
nist_1092807	train
nist_1092812	train
nist_1092817	train
nist_1092895	train
nist_1092900	train
nist_1092914	train
nist_1092924	train
nist_1092928	train
nist_1092945	train
nist_1093053	train
nist_1093064	train
nist_1093181	train
nist_1093191	train
nist_1093216	train
nist_1093225	train
nist_1093390	train
nist_1093398	train
nist_1093501	train
nist_1093509	train
nist_1093537	train
nist_1093542	train
nist_1093691	train
nist_1093700	train
nist_1093817	train
nist_1093826	train
nist_1093854	train
nist_1093863	train
nist_1094029	train
nist_1094034	train
nist_1094082	train
nist_1094087	train
nist_1094095	train
nist_1094105	train
nist_1094114	train
nist_1094122	train
nist_1094130	train
nist_1094136	train
nist_1094141	train
nist_1094149	train
nist_1094175	train
nist_1094183	train
nist_1094204	train
nist_1094209	train
nist_1094233	train
nist_1094243	train
nist_1094299	train
nist_1094301	train
nist_1094309	train
nist_1094337	train
nist_1094464	train
nist_1094562	train
nist_1094568	train
nist_1094616	train
nist_1094621	train
nist_1094626	train
nist_1094632	train
nist_1094637	train
nist_1094648	train
nist_1094656	train
nist_1094662	train
nist_1094672	train
nist_1094683	train
nist_1094705	train
nist_1094710	train
nist_1094728	train
nist_1094738	train
nist_1094758	train
nist_1094767	train
nist_1094804	train
nist_1094810	train
nist_1094815	train
nist_1094846	train
nist_1094855	train
nist_1094972	train
nist_1094982	train
nist_1095007	train
nist_1095015	train
nist_1095159	train
nist_1095170	train
nist_1095195	train
nist_1095219	train
nist_1095417	train
nist_1095427	train
nist_1095475	train
nist_1095481	train
nist_1095562	train
nist_1095700	train
nist_1095709	train
nist_1095841	train
nist_1095849	train
nist_1096055	train
nist_1096060	train
nist_1096068	train
nist_1096078	train
nist_1096137	train
nist_1096311	train
nist_1096326	train
nist_1096341	train
nist_1096366	train
nist_1096572	train
nist_1096621	train
nist_1096736	train
nist_1096885	train
nist_1096894	train
nist_1097009	train
nist_1097018	train
nist_1097046	train
nist_1097055	train
nist_1097829	train
nist_1097908	train
nist_1098008	train
nist_1098023	train
nist_1098116	train
nist_1098131	train
nist_1098164	train
nist_1102071	train
nist_1102088	train
nist_1102220	train
nist_1102232	train
nist_1102271	train
nist_1102283	train
nist_1102400	train
nist_1102408	train
nist_1102452	train
nist_1105334	train
nist_1105890	train
nist_1105906	train
nist_1106018	train
nist_1106132	train
nist_1106683	train
nist_1106964	train
nist_1107066	train
nist_1107131	train
nist_1107154	train
nist_1107163	train
nist_1107194	train
nist_1107551	train
nist_1107638	train
nist_1107730	train
nist_1108408	train
nist_1108459	train
nist_1108580	train
nist_1108610	train
nist_1109078	train
nist_1109109	train
nist_1109183	train
nist_1109231	train
nist_1109362	train
nist_1109410	train
nist_1109899	train
nist_1109944	train
nist_1110372	train
nist_1110387	train
nist_1111911	train
nist_1112371	train
nist_1112429	train
nist_1113511	train
nist_1113590	train
nist_1114300	train
nist_1114316	train
nist_1114338	train
nist_1114370	train
nist_1114382	train
nist_1114421	train
nist_1114467	train
nist_1114830	train
nist_1115080	train
nist_1115096	train
nist_1115249	train
nist_1115281	train
nist_1115416	train
nist_1115643	train
nist_1115658	train
nist_1115799	train
nist_1115870	train
nist_1115879	train
nist_1116058	train
nist_1116074	train
nist_1116212	train
nist_1128561	train
nist_1128572	train
nist_1129114	train
nist_1129125	train
nist_1129131	train
nist_1129613	train
nist_1129619	train
nist_1129624	train
nist_1129631	train
nist_1129881	train
nist_1129894	train
nist_1129905	train
nist_1129924	train
nist_1129934	train
nist_1129977	train
nist_1129995	train
nist_1132880	train
nist_1132889	train
nist_1132898	train
nist_1132904	train
nist_1132909	train
nist_1132921	train
nist_1132931	train
nist_1133183	train
nist_1133197	train
nist_1133224	train
nist_1133226	train
nist_1133598	train
nist_1133604	train
nist_1133642	train
nist_1133658	train
nist_1133666	train
nist_1133677	train
nist_1133750	train
nist_1133759	train
nist_1133766	train
nist_1133771	train
nist_1134075	train
nist_1134087	train
nist_1134976	train
nist_1134982	train
nist_1134993	train
nist_1135117	train
nist_1135130	train
nist_1135138	train
nist_1135141	train
nist_1135202	train
nist_1135215	train
nist_1135223	train
nist_1135226	train
nist_1135887	train
nist_1135898	train
nist_1135912	train
nist_1135922	train
nist_1136071	train
nist_1136082	train
nist_1136091	train
nist_1136101	train
nist_1136107	train
nist_1136118	train
nist_1136126	train
nist_1136136	train
nist_1139261	train
nist_1139273	train
nist_1139281	train
nist_1139293	train
nist_1139343	train
nist_1139356	train
nist_1139368	train
nist_1139379	train
nist_1139942	train
nist_1139954	train
nist_1140834	train
nist_1140845	train
nist_1140852	train
nist_1142596	train
nist_1142609	train
nist_1142617	train
nist_1142628	train
nist_1143289	train
nist_1143304	train
nist_1143310	train
nist_1143322	train
nist_1143332	train
nist_1144725	train
nist_1144740	train
nist_1144963	train
nist_1144979	train
nist_1144987	train
nist_1145000	train
nist_1146249	train
nist_1146264	train
nist_1146271	train
nist_1146285	train
nist_1146324	train
nist_1146348	train
nist_1146366	train
nist_1146389	train
nist_1146395	train
nist_1146408	train
nist_1146800	train
nist_1146812	train
nist_1147217	train
nist_1147231	train
nist_1147237	train
nist_1147243	train
nist_1148307	train
nist_1148321	train
nist_1148330	train
nist_1148377	train
nist_1148384	train
nist_1148394	train
nist_1148402	train
nist_1148416	train
nist_1148420	train
nist_1148440	train
nist_1148842	train
nist_1148855	train
nist_1148868	train
nist_1148882	train
nist_1148913	train
nist_1148927	train
nist_1148938	train
nist_1149495	train
nist_1149506	train
nist_1149513	train
nist_1149523	train
nist_1150754	train
nist_1150764	train
nist_1150768	train
nist_1150774	train
nist_1152314	train
nist_1152319	train
nist_1152346	train
nist_1152356	train
nist_1152408	train
nist_1152423	train
nist_1152432	train
nist_1152943	train
nist_1152957	train
nist_1153138	train
nist_1153155	train
nist_1153161	train
nist_1153165	train
nist_1153189	train
nist_1153751	train
nist_1153761	train
nist_1153769	train
nist_1153775	train
nist_1153831	train
nist_1153844	train
nist_1153855	train
nist_1153871	train
nist_1153877	train
nist_1153891	train
nist_1154281	train
nist_1154293	train
nist_1154301	train
nist_1154315	train
nist_1154780	train
nist_1154790	train
nist_1154798	train
nist_1154806	train
nist_1155430	train
nist_1155449	train
nist_1155457	train
nist_1155462	train
nist_1155851	train
nist_1155861	train
nist_1155871	train
nist_1155875	train
nist_1156039	train
nist_1156050	train
nist_1156057	train
nist_1156064	train
nist_1156770	train
nist_1156782	train
nist_1156793	train
nist_1156798	train
nist_1156809	train
nist_1156818	train
nist_1156822	train
nist_1156844	train
nist_1156853	train
nist_1156875	train
nist_1156878	train
nist_1156895	train
nist_1156903	train
nist_1156912	train
nist_1156917	train
nist_1157306	train
nist_1157316	train
nist_1157530	train
nist_1157533	train
nist_1157541	train
nist_1157549	train
nist_1157564	train
nist_1157572	train
nist_1157617	train
nist_1157631	train
nist_1157692	train
nist_1157702	train
nist_1157725	train
nist_1157735	train
nist_1157892	train
nist_1157909	train
nist_1157913	train
nist_1157927	train
nist_1158018	train
nist_1158025	train
nist_1158040	train
nist_1158243	train
nist_1158254	train
nist_1158259	train
nist_1158265	train
nist_1158560	train
nist_1158571	train
nist_1158579	train
nist_1158584	train
nist_1158749	train
nist_1158757	train
nist_1158764	train
nist_1158772	train
nist_1158779	train
nist_1158788	train
nist_1158795	train
nist_1158805	train
nist_1158812	train
nist_1158823	train
nist_1158830	train
nist_1158834	train
nist_1158888	train
nist_1158901	train
nist_1158904	train
nist_1158910	train
nist_1159209	train
nist_1159223	train
nist_1159227	train
nist_1159239	train
nist_1159243	train
nist_1159256	train
nist_1159264	train
nist_1159274	train
nist_1159347	train
nist_1159357	train
nist_1159365	train
nist_1159373	train
nist_1159856	train
nist_1159862	train
nist_1159882	train
nist_1159892	train
nist_1160521	train
nist_1160533	train
nist_1160540	train
nist_1160550	train
nist_1162864	train
nist_1162874	train
nist_1162878	train
nist_1162887	train
nist_1162938	train
nist_1162954	train
nist_1162976	train
nist_1162985	train
nist_1163408	train
nist_1163421	train
nist_1163428	train
nist_1163438	train
nist_1163445	train
nist_1163457	train
nist_1163466	train
nist_1163480	train
nist_1163808	train
nist_1165587	train
nist_1165590	train
nist_1165592	train
nist_1165601	train
nist_1165603	train
nist_1165606	train
nist_1165608	train
nist_1165618	train
nist_1165748	train
nist_1165760	train
nist_1166112	train
nist_1166127	train
nist_1166144	train
nist_1166151	train
nist_1166408	train
nist_1166426	train
nist_1166450	train
nist_1166457	train
nist_1166699	train
nist_1166710	train
nist_1166720	train
nist_1166723	train
nist_1166733	train
nist_1166754	train
nist_1166761	train
nist_1166770	train
nist_1167010	train
nist_1167024	train
nist_1167030	train
nist_1167044	train
nist_1167122	train
nist_1167133	train
nist_1167444	train
nist_1167456	train
nist_1167466	train
nist_1167510	train
nist_1167524	train
nist_1167532	train
nist_1167543	train
nist_1167754	train
nist_1167769	train
nist_1167777	train
nist_1167787	train
nist_1168147	train
nist_1168157	train
nist_1168176	train
nist_1168191	train
nist_1168437	train
nist_1168450	train
nist_1168458	train
nist_1168460	train
nist_1168509	train
nist_1168530	train
nist_1168540	train
nist_1168549	train
nist_1168555	train
nist_1168574	train
nist_1168585	train
nist_1168598	train
nist_1169445	train
nist_1169470	train
nist_1169490	train
nist_1169501	train
nist_1169579	train
nist_1169589	train
nist_1169598	train
nist_1169608	train
nist_1169894	train
nist_1169909	train
nist_1169916	train
nist_1169930	train
nist_1169933	train
nist_1169944	train
nist_1169952	train
nist_1169964	train
nist_1170008	train
nist_1170021	train
nist_1170028	train
nist_1170039	train
nist_1170047	train
nist_1170062	train
nist_1170071	train
nist_1170080	train
nist_1170091	train
nist_1170105	train
nist_1170114	train
nist_1170119	train
nist_1171191	train
nist_1171201	train
nist_1171247	train
nist_1171256	train
nist_1171263	train
nist_1171273	train
nist_1171280	train
nist_1171294	train
nist_1171301	train
nist_1171309	train
nist_1171499	train
nist_1171508	train
nist_1171824	train
nist_1171836	train
nist_1171844	train
nist_1171855	train
nist_1171985	train
nist_1172000	train
nist_1172009	train
nist_1172022	train
nist_1172603	train
nist_1172612	train
nist_1172661	train
nist_1172670	train
nist_1172883	train
nist_1172892	train
nist_1172897	train
nist_1172907	train
nist_1173283	train
nist_1173292	train
nist_1173296	train
nist_1173303	train
nist_1174386	train
nist_1174389	train
nist_1174394	train
nist_1174401	train
nist_1174406	train
nist_1174418	train
nist_1174423	train
nist_1174424	train
nist_1174431	train
nist_1174445	train
nist_1174452	train
nist_1174460	train
nist_1175114	train
nist_1175126	train
nist_1175155	train
nist_1175159	train
nist_1175858	train
nist_1175860	train
nist_1175885	train
nist_1175921	train
nist_1175932	train
nist_1175979	train
nist_1175990	train
nist_1175995	train
nist_1175996	train
nist_1176028	train
nist_1176037	train
nist_1176078	train
nist_1176087	train
nist_1177150	train
nist_1177155	train
nist_1177160	train
nist_1177166	train
nist_1177216	train
nist_1177229	train
nist_1177236	train
nist_1177836	train
nist_1177850	train
nist_1177856	train
nist_1177867	train
nist_1177996	train
nist_1178009	train
nist_1178015	train
nist_1178133	train
nist_1178143	train
nist_1178230	train
nist_1178240	train
nist_1178608	train
nist_1178618	train
nist_1180071	train
nist_1180083	train
nist_1180923	train
nist_1180944	train
nist_1181021	train
nist_1181032	train
nist_1181037	train
nist_1181039	train
nist_1181049	train
nist_1181060	train
nist_1181067	train
nist_1181069	train
nist_1181111	train
nist_1181123	train
nist_1181454	train
nist_1181466	train
nist_1181472	train
nist_1181487	train
nist_1181695	train
nist_1181705	train
nist_1181716	train
nist_1181781	train
nist_1181796	train
nist_1182348	train
nist_1182358	train
nist_1182366	train
nist_1182377	train
nist_1182964	train
nist_1182975	train
nist_1182982	train
nist_1182990	train
nist_1183041	train
nist_1183053	train
nist_1183092	train
nist_1183102	train
nist_1183328	train
nist_1183339	train
nist_1183347	train
nist_1183354	train
nist_1183437	train
nist_1183449	train
nist_1183455	train
nist_1183465	train
nist_1183552	train
nist_1183564	train
nist_1183569	train
nist_1183760	train
nist_1183770	train
nist_1183778	train
nist_1183788	train
nist_1184509	train
nist_1184512	train
nist_1184518	train
nist_1185386	train
nist_1185399	train
nist_1185407	train
nist_1185410	train
nist_1185859	train
nist_1185868	train
nist_1185875	train
nist_1185883	train
nist_1186105	train
nist_1186115	train
nist_1186342	train
nist_1186353	train
nist_1186539	train
nist_1186546	train
nist_1186557	train
nist_1186610	train
nist_1186621	train
nist_1186634	train
nist_1186645	train
nist_1186692	train
nist_1186720	train
nist_1186727	train
nist_1186732	train
nist_1187486	train
nist_1187491	train
nist_1187499	train
nist_1188637	train
nist_1188648	train
nist_1188668	train
nist_1189484	train
nist_1189496	train
nist_1189502	train
nist_1189504	train
nist_1189889	train
nist_1189901	train
nist_1190339	train
nist_1190349	train
nist_1190359	train
nist_1190507	train
nist_1191531	train
nist_1191546	train
nist_1191550	train
nist_1191558	train
nist_1191616	train
nist_1191629	train
nist_1191654	train
nist_1191658	train
nist_1191672	train
nist_1191679	train
nist_1191685	train
nist_1191692	train
nist_1191696	train
nist_1191708	train
nist_1193719	train
nist_1193732	train
nist_1193741	train
nist_1193827	train
nist_1193833	train
nist_1193843	train
nist_1193849	train
nist_1193858	train
nist_1193864	train
nist_1193871	train
nist_1193878	train
nist_1193886	train
nist_1193899	train
nist_1193977	train
nist_1193985	train
nist_1193992	train
nist_1193999	train
nist_1194163	train
nist_1194172	train
nist_1194253	train
nist_1194260	train
nist_1194312	train
nist_1194319	train
nist_1194458	train
nist_1194470	train
nist_1194526	train
nist_1194533	train
nist_1194572	train
nist_1194579	train
nist_1194587	train
nist_1194594	train
nist_1194623	train
nist_1194633	train
nist_1194659	train
nist_1194665	train
nist_1194695	train
nist_1194709	train
nist_1194716	train
nist_1194729	train
nist_1194750	train
nist_1194760	train
nist_1194773	train
nist_1194783	train
nist_1194930	train
nist_1194935	train
nist_1194943	train
nist_1194952	train
nist_1194972	train
nist_1194982	train
nist_1194991	train
nist_1194997	train
nist_1195031	train
nist_1195034	train
nist_1195041	train
nist_1195045	train
nist_1195050	train
nist_1195057	train
nist_1195160	train
nist_1195164	train
nist_1195174	train
nist_1195179	train
nist_1195217	train
nist_1195223	train
nist_1195271	train
nist_1195285	train
nist_1195307	train
nist_1195318	train
nist_1195330	train
nist_1195336	train
nist_1195345	train
nist_1195351	train
nist_1195373	train
nist_1195380	train
nist_1195405	train
nist_1195412	train
nist_1195438	train
nist_1195445	train
nist_1195525	train
nist_1195535	train
nist_1195545	train
nist_1195552	train
nist_1195561	train
nist_1195569	train
nist_1195659	train
nist_1195663	train
nist_1195689	train
nist_1195699	train
nist_1195707	train
nist_1195719	train
nist_1195756	train
nist_1195764	train
nist_1195770	train
nist_1195773	train
nist_1195799	train
nist_1195809	train
nist_1195838	train
nist_1195845	train
nist_1195909	train
nist_1195914	train
nist_1195931	train
nist_1195936	train
nist_1195942	train
nist_1195947	train
nist_1195954	train
nist_1195958	train
nist_1195970	train
nist_1195973	train
nist_1195985	train
nist_1195990	train
nist_1196107	train
nist_1196113	train
nist_1196153	train
nist_1196159	train
nist_1196319	train
nist_1196325	train
nist_1196357	train
nist_1196365	train
nist_1196371	train
nist_1196379	train
nist_1196443	train
nist_1196449	train
nist_1196454	train
nist_1196464	train
nist_1196583	train
nist_1196587	train
nist_1196593	train
nist_1196627	train
nist_1196711	train
nist_1196716	train
nist_1196768	train
nist_1196772	train
nist_1196776	train
nist_1196781	train
nist_1196789	train
nist_1196792	train
nist_1196856	train
nist_1196863	train
nist_1196947	train
nist_1196951	train
nist_1196953	train
nist_1196963	train
nist_1196973	train
nist_1196981	train
nist_1197009	train
nist_1197015	train
nist_1197017	train
nist_1197027	train
nist_1197029	train
nist_1197034	train
nist_1197036	train
nist_1197046	train
nist_1197280	train
nist_1197289	train
nist_1197301	train
nist_1197309	train
nist_1197316	train
nist_1197323	train
nist_1197325	train
nist_1197333	train
nist_1197418	train
nist_1197432	train
nist_1198936	train
nist_1198951	train
nist_1198971	train
nist_1198986	train
nist_1198994	train
nist_1199004	train
nist_1199403	train
nist_1199415	train
nist_1199421	train
nist_1199438	train
nist_1199833	train
nist_1199839	train
nist_1199847	train
nist_1199862	train
nist_1200589	train
nist_1200603	train
nist_1200611	train
nist_1200617	train
nist_1200639	train
nist_1200664	train
nist_1200670	train
nist_1200676	train
nist_1201096	train
nist_1201103	train
nist_1201121	train
nist_1201135	train
nist_1201159	train
nist_1201173	train
nist_1201270	train
nist_1201288	train
nist_1201295	train
nist_1201296	train
nist_1201305	train
nist_1201320	train
nist_1201328	train
nist_1201330	train
nist_1201395	train
nist_1201408	train
nist_1201416	train
nist_1201423	train
nist_1201493	train
nist_1201508	train
nist_1201515	train
nist_1201522	train
nist_1201583	train
nist_1201590	train
nist_1201593	train
nist_1201742	train
nist_1201756	train
nist_1201763	train
nist_1201779	train
nist_1201825	train
nist_1201831	train
nist_1201833	train
nist_1202062	train
nist_1202071	train
nist_1202086	train
nist_1202411	train
nist_1202416	train
nist_1202423	train
nist_1202431	train
nist_1202447	train
nist_1202473	train
nist_1202480	train
nist_1202497	train
nist_1202503	train
nist_1202505	train
nist_1202652	train
nist_1202668	train
nist_1205093	train
nist_1205103	train
nist_1205110	train
nist_1205192	train
nist_1205195	train
nist_1205204	train
nist_1205207	train
nist_1205244	train
nist_1205262	train
nist_1205274	train
nist_1205484	train
nist_1205496	train
nist_1205946	train
nist_1205964	train
nist_1205972	train
nist_1205973	train
nist_1205977	train
nist_1205991	train
nist_1206000	train
nist_1206174	train
nist_1206178	train
nist_1206183	train
nist_1206189	train
nist_1206373	train
nist_1206389	train
nist_1206396	train
nist_1206406	train
nist_1206948	train
nist_1206960	train
nist_1206969	train
nist_1207681	train
nist_1207698	train
nist_1207766	train
nist_1207814	train
nist_1207852	train
nist_1207861	train
nist_1207870	train
nist_1207879	train
nist_1207884	train
nist_1207892	train
nist_1207908	train
nist_1207916	train
nist_1207919	train
nist_1207928	train
nist_1207933	train
nist_1207943	train
nist_1207952	train
nist_1208206	train
nist_1208259	train
nist_1208271	train
nist_1208306	train
nist_1208319	train
nist_1208320	train
nist_1208330	train
nist_1208455	train
nist_1208463	train
nist_1208536	train
nist_1208546	train
nist_1208573	train
nist_1208583	train
nist_1208678	train
nist_1208688	train
nist_1208695	train
nist_1208703	train
nist_1208725	train
nist_1208769	train
nist_1208967	train
nist_1208977	train
nist_1209186	train
nist_1209199	train
nist_1209282	train
nist_1209291	train
nist_1209298	train
nist_1209308	train
nist_1209436	train
nist_1209446	train
nist_1209500	train
nist_1209509	train
nist_1209549	train
nist_1209558	train
nist_1209565	train
nist_1209575	train
nist_1209652	train
nist_1209662	train
nist_1209665	train
nist_1209675	train
nist_1209953	train
nist_1209962	train
nist_1210103	train
nist_1210113	train
nist_1210339	train
nist_1210348	train
nist_1210449	train
nist_1210458	train
nist_1210460	train
nist_1210470	train
nist_1210478	train
nist_1210487	train
nist_1210591	train
nist_1210600	train
nist_1210965	train
nist_1210998	train
nist_1211062	train
nist_1211078	train
nist_1211101	train
nist_1211120	train
nist_1211129	train
nist_1211140	train
nist_1211198	train
nist_1211213	train
nist_1211672	train
nist_1211693	train
nist_1211830	train
nist_1211848	train
nist_1212774	train
nist_1212780	train
nist_1212784	train
nist_1212787	train
nist_1213118	train
nist_1213138	train
nist_1213508	train
nist_1213547	train
nist_1213566	train
nist_1213899	train
nist_1213918	train
nist_1213926	train
nist_1213939	train
nist_1215716	train
nist_1215736	train
nist_1215744	train
nist_1216276	train
nist_1216295	train
nist_1216338	train
nist_1216348	train
nist_1216353	train
nist_1216372	train
nist_1216764	train
nist_1216791	train
nist_1216811	train
nist_1216822	train
nist_1216830	train
nist_1216833	train
nist_1216846	train
nist_1216931	train
nist_1216946	train
nist_1216954	train
nist_1216969	train
nist_1216976	train
nist_1216991	train
nist_1216999	train
nist_1217003	train
nist_1217009	train
nist_1217013	train
nist_1217661	train
nist_1217670	train
nist_1217675	train
nist_1217681	train
nist_1217686	train
nist_1217707	train
nist_1217713	train
nist_1217733	train
nist_1217843	train
nist_1217862	train
nist_1217869	train
nist_1217881	train
nist_1218265	train
nist_1218284	train
nist_1218292	train
nist_1218311	train
nist_1218888	train
nist_1218908	train
nist_1218914	train
nist_1218918	train
nist_1218968	train
nist_1218986	train
nist_1218996	train
nist_1219016	train
nist_1219873	train
nist_1219890	train
nist_1220125	train
nist_1220143	train
nist_1220349	train
nist_1220362	train
nist_1220369	train
nist_1220377	train
nist_1220483	train
nist_1220495	train
nist_1220514	train
nist_1220521	train
nist_1220534	train
nist_1220542	train
nist_1220553	train
nist_1220558	train
nist_1220882	train
nist_1220898	train
nist_1220906	train
nist_1220915	train
nist_1221125	train
nist_1221138	train
nist_1221144	train
nist_1221153	train
nist_1221713	train
nist_1221727	train
nist_1221735	train
nist_1221741	train
nist_1221755	train
nist_1221763	train
nist_1221983	train
nist_1221997	train
nist_1222009	train
nist_1222067	train
nist_1222081	train
nist_1222091	train
nist_1222154	train
nist_1222168	train
nist_1222178	train
nist_1222181	train
nist_1222382	train
nist_1222394	train
nist_1222439	train
nist_1222453	train
nist_1222458	train
nist_1222464	train
nist_1222472	train
nist_1222484	train
nist_1222490	train
nist_1222501	train
nist_1222509	train
nist_1222518	train
nist_1222542	train
nist_1222550	train
nist_1222567	train
nist_1222576	train
nist_1222652	train
nist_1222663	train
nist_1222760	train
nist_1222772	train
nist_1222781	train
nist_1222793	train
nist_1223054	train
nist_1223063	train
nist_1223125	train
nist_1223137	train
nist_1223330	train
nist_1223340	train
nist_1223369	train
nist_1223383	train
nist_1223388	train
nist_1223394	train
nist_1223398	train
nist_1223413	train
nist_1223417	train
nist_1223422	train
nist_1223584	train
nist_1223597	train
nist_1224010	train
nist_1224021	train
nist_1224031	train
nist_1224034	train
nist_1224044	train
nist_1224120	train
nist_1224130	train
nist_1224179	train
nist_1224191	train
nist_1224199	train
nist_1224213	train
nist_1224242	train
nist_1224257	train
nist_1224285	train
nist_1224299	train
nist_1224325	train
nist_1224335	train
nist_1224366	train
nist_1224377	train
nist_1224385	train
nist_1224399	train
nist_1224426	train
nist_1224435	train
nist_1224695	train
nist_1224708	train
nist_1224715	train
nist_1224728	train
nist_1224820	train
nist_1224830	train
nist_1224842	train
nist_1224852	train
nist_1224999	train
nist_1225008	train
nist_1225075	train
nist_1225084	train
nist_1225089	train
nist_1225099	train
nist_1225255	train
nist_1225264	train
nist_1225271	train
nist_1225280	train
nist_1225331	train
nist_1225340	train
nist_1225433	train
nist_1225444	train
nist_1225497	train
nist_1225507	train
nist_1225514	train
nist_1225524	train
nist_1225555	train
nist_1225563	train
nist_1225684	train
nist_1225697	train
nist_1225705	train
nist_1225719	train
nist_1225771	train
nist_1225784	train
nist_1225814	train
nist_1225827	train
nist_1225968	train
nist_1225981	train
nist_1225993	train
nist_1226005	train
nist_1226040	train
nist_1226050	train
nist_1226058	train
nist_1226068	train
nist_1226071	train
nist_1226129	train
nist_1226150	train
nist_1226158	train
nist_1226193	train
nist_1226525	train
nist_1226546	train
nist_1226576	train
nist_1226596	train
nist_1226967	train
nist_1226988	train
nist_1227364	train
nist_1227382	train
nist_1227657	train
nist_1227676	train
nist_1228804	train
nist_1228823	train
nist_1228966	train
nist_1228983	train
nist_1229025	train
nist_1229045	train
nist_1236279	train
nist_1236292	train
nist_1236791	train
nist_1236810	train
nist_1237126	train
nist_1237145	train
nist_1237147	train
nist_1237152	train
nist_1237156	train
nist_1237157	train
nist_1237159	train
nist_1238671	train
nist_1238684	train
nist_1238712	train
nist_1238721	train
nist_1238863	train
nist_1238870	train
nist_1238877	train
nist_1238884	train
nist_1238929	train
nist_1238943	train
nist_1238949	train
nist_1238951	train
nist_1239671	train
nist_1240577	train
nist_1240590	train
nist_1240933	train
nist_1240945	train
nist_1241129	train
nist_1241142	train
nist_1241148	train
nist_1241158	train
nist_1241844	train
nist_1241859	train
nist_1241866	train
nist_1241878	train
nist_1241965	train
nist_1241982	train
nist_1244365	train
nist_1244377	train
nist_1244386	train
nist_1244388	train
nist_1244632	train
nist_1244645	train
nist_1244654	train
nist_1244661	train
nist_1245242	train
nist_1245258	train
nist_1245265	train
nist_1245278	train
nist_1245891	train
nist_1245926	train
nist_1245933	train
nist_1247071	train
nist_1247083	train
nist_1247090	train
nist_1247100	train
nist_1247109	train
nist_1247115	train
nist_1247577	train
nist_1247590	train
nist_1247596	train
nist_1247633	train
nist_1247650	train
nist_1247655	train
nist_1247661	train
nist_1248205	train
nist_1248221	train
nist_1248226	train
nist_1248240	train
nist_1248946	train
nist_1248954	train
nist_1248962	train
nist_1249167	train
nist_1249183	train
nist_1249975	train
nist_1249992	train
nist_1250020	train
nist_1250025	train
nist_1250431	train
nist_1250447	train
nist_1250673	train
nist_1250683	train
nist_1251338	train
nist_1251353	train
nist_1251360	train
nist_1251376	train
nist_1252377	train
nist_1252390	train
nist_1252398	train
nist_1252407	train
nist_1253038	train
nist_1253047	train
nist_1253375	train
nist_1253391	train
nist_1253552	train
nist_1253559	train
nist_1254074	train
nist_1254077	train
nist_1254085	train
nist_1254845	train
nist_1254861	train
nist_1254887	train
nist_1254903	train
nist_1255502	train
nist_1255514	train
nist_1255621	train
nist_1255636	train
nist_1255749	train
nist_1255763	train
nist_1255769	train
nist_1255785	train
nist_1257857	train
nist_1257868	train
nist_1257884	train
nist_1257901	train
nist_1259820	train
nist_1259831	train
nist_1259910	train
nist_1259918	train
nist_1259920	train
nist_1259932	train
nist_1260603	train
nist_1260612	train
nist_1260617	train
nist_1260619	train
nist_1260837	train
nist_1260843	train
nist_1260865	train
nist_1260877	train
nist_1261558	train
nist_1261574	train
nist_1261614	train
nist_1261622	train
nist_1262333	train
nist_1262347	train
nist_1262368	train
nist_1262378	train
nist_1263473	train
nist_1263484	train
nist_1263505	train
nist_1263516	train
nist_1263530	train
nist_1263579	train
nist_1263954	train
nist_1263965	train
nist_1264761	train
nist_1264777	train
nist_1264782	train
nist_1264793	train
nist_1264944	train
nist_1264960	train
nist_1264965	train
nist_1264989	train
nist_1265012	train
nist_1265024	train
nist_1265030	train
nist_1265219	train
nist_1265233	train
nist_1265235	train
nist_1265243	train
nist_1265514	train
nist_1265525	train
nist_1265527	train
nist_1265733	train
nist_1266262	train
nist_1266275	train
nist_1266280	train
nist_1266390	train
nist_1266404	train
nist_1266409	train
nist_1266422	train
nist_1266694	train
nist_1266711	train
nist_1266877	train
nist_1266892	train
nist_1266897	train
nist_1266898	train
nist_1267009	train
nist_1267028	train
nist_1267046	train
nist_1267053	train
nist_1267104	train
nist_1267460	train
nist_1267477	train
nist_1267482	train
nist_1267494	train
nist_1267520	train
nist_1267623	train
nist_1267632	train
nist_1267638	train
nist_1268165	train
nist_1268178	train
nist_1268181	train
nist_1268184	train
nist_1268234	train
nist_1268246	train
nist_1268251	train
nist_1268257	train
nist_1268598	train
nist_1268614	train
nist_1268824	train
nist_1268837	train
nist_1268847	train
nist_1268856	train
nist_1268903	train
nist_1268911	train
nist_1268925	train
nist_1268927	train
nist_1269920	train
nist_1269933	train
nist_1269942	train
nist_1269944	train
nist_1269965	train
nist_1269980	train
nist_1269988	train
nist_1269992	train
nist_1270584	train
nist_1271458	train
nist_1271470	train
nist_1271478	train
nist_1271485	train
nist_1271639	train
nist_1271652	train
nist_1271655	train
nist_1271663	train
nist_1271725	train
nist_1271743	train
nist_1271749	train
nist_1271771	train
nist_1272142	train
nist_1272157	train
nist_1272165	train
nist_1272397	train
nist_1272404	train
nist_1272411	train
nist_1272418	train
nist_1272555	train
nist_1272568	train
nist_1272576	train
nist_1272587	train
nist_1274159	train
nist_1274175	train
nist_1274181	train
nist_1275087	train
nist_1275096	train
nist_1275105	train
nist_1275120	train
nist_1275124	train
nist_1275129	train
nist_1275339	train
nist_1275690	train
nist_1275692	train
nist_1275698	train
nist_1275815	train
nist_1275818	train
nist_1275824	train
nist_1275825	train
nist_1275848	train
nist_1275849	train
nist_1275858	train
nist_1275862	train
nist_1275864	train
nist_1275876	train
nist_1275882	train
nist_1275890	train
nist_1276743	train
nist_1276744	train
nist_1276746	train
nist_1276749	train
nist_1276750	train
nist_1276752	train
nist_1276811	train
nist_1276813	train
nist_1276852	train
nist_1276857	train
nist_1276862	train
nist_1276891	train
nist_1276893	train
nist_1276895	train
nist_1276940	train
nist_1277035	train
nist_1277045	train
nist_1277047	train
nist_1277052	train
nist_1277502	train
nist_1277516	train
nist_1277518	train
nist_1278096	train
nist_1278108	train
nist_1278116	train
nist_1278130	train
nist_1279124	train
nist_1279134	train
nist_1279140	train
nist_1279150	train
nist_1279906	train
nist_1279919	train
nist_1280147	train
nist_1280161	train
nist_1280173	train
nist_1280181	train
nist_1284628	train
nist_1284642	train
nist_1284711	train
nist_1285402	train
nist_1285416	train
nist_1285423	train
nist_1285432	train
nist_1285447	train
nist_1285461	train
nist_1285466	train
nist_1285478	train
nist_1286565	train
nist_1286577	train
nist_1286610	train
nist_1286619	train
nist_1287092	train
nist_1287704	train
nist_1287717	train
nist_1287723	train
nist_1287791	train
nist_1287800	train
nist_1287841	train
nist_1287852	train
nist_1288131	train
nist_1288137	train
nist_1288567	train
nist_1288572	train
nist_1288578	train
nist_1288588	train
nist_1288712	train
nist_1288724	train
nist_1289549	train
nist_1289561	train
nist_1289589	train
nist_1291067	train
nist_1291081	train
nist_1291122	train
nist_1291126	train
nist_1291400	train
nist_1291405	train
nist_1291416	train
nist_1292306	train
nist_1292312	train
nist_1292314	train
nist_1292325	train
nist_1292451	train
nist_1292464	train
nist_1292472	train
nist_1292486	train
nist_1292518	train
nist_1292529	train
nist_1292534	train
nist_1292542	train
nist_1293372	train
nist_1293384	train
nist_1293390	train
nist_1293402	train
nist_1293594	train
nist_1293604	train
nist_1293631	train
nist_1293695	train
nist_1293706	train
nist_1293711	train
nist_1294387	train
nist_1294398	train
nist_1294405	train
nist_1294412	train
nist_1295683	train
nist_1295695	train
nist_1296194	train
nist_1296205	train
nist_1296211	train
nist_1296223	train
nist_1297897	train
nist_1297909	train
nist_1297957	train
nist_1298531	train
nist_1298545	train
nist_1298688	train
nist_1298700	train
nist_1298722	train
nist_1298726	train
nist_1299503	train
nist_1299512	train
nist_1299524	train
nist_1299532	train
nist_1299869	train
nist_1299881	train
nist_1299900	train
nist_1299907	train
nist_1300005	train
nist_1300017	train
nist_1300033	train
nist_1300041	train
nist_1300278	train
nist_1300290	train
nist_1301064	train
nist_1301070	train
nist_1301147	train
nist_1301161	train
nist_1301296	train
nist_1301309	train
nist_1302058	train
nist_1302070	train
nist_1302234	train
nist_1302247	train
nist_1302266	train
nist_1302271	train
nist_1302276	train
nist_1302289	train
nist_1302305	train
nist_1302791	train
nist_1302802	train
nist_1302823	train
nist_1302829	train
nist_1302907	train
nist_1302921	train
nist_1302927	train
nist_1302936	train
nist_1303711	train
nist_1303724	train
nist_1304401	train
nist_1304416	train
nist_1304462	train
nist_1304473	train
nist_1304531	train
nist_1304546	train
nist_1305125	train
nist_1305140	train
nist_1305148	train
nist_1305161	train
nist_1305633	train
nist_1305647	train
nist_1305971	train
nist_1305984	train
nist_1305991	train
nist_1306009	train
nist_1306022	train
nist_1306029	train
nist_1306039	train
nist_1306449	train
nist_1306451	train
nist_1306453	train
nist_1306463	train
nist_1306617	train
nist_1306637	train
nist_1307566	train
nist_1307576	train
nist_1308011	train
nist_1308020	train
nist_1308196	train
nist_1308212	train
nist_1308218	train
nist_1308227	train
nist_1308491	train
nist_1308502	train
nist_1308614	train
nist_1308624	train
nist_1308742	train
nist_1308756	train
nist_1308760	train
nist_1309155	train
nist_1309169	train
nist_1309191	train
nist_1309303	train
nist_1309312	train
nist_1309380	train
nist_1309390	train
nist_1309453	train
nist_1309458	train
nist_1309720	train
nist_1309730	train
nist_1309732	train
nist_1309740	train
nist_1309996	train
nist_1310005	train
nist_1310015	train
nist_1310019	train
nist_1310240	train
nist_1310256	train
nist_1310546	train
nist_1310559	train
nist_1310568	train
nist_1310582	train
nist_1311391	train
nist_1311404	train
nist_1311412	train
nist_1311415	train
nist_1311428	train
nist_1311465	train
nist_1311472	train
nist_1312243	train
nist_1312256	train
nist_1312287	train
nist_1312296	train
nist_1312298	train
nist_1312307	train
nist_1312325	train
nist_1312331	train
nist_1312333	train
nist_1312341	train
nist_1312347	train
nist_1312353	train
nist_1312846	train
nist_1312857	train
nist_1312888	train
nist_1312893	train
nist_1312977	train
nist_1312986	train
nist_1312991	train
nist_1312997	train
nist_1313039	train
nist_1313049	train
nist_1313214	train
nist_1313228	train
nist_1313260	train
nist_1313272	train
nist_1313727	train
nist_1313737	train
nist_1313741	train
nist_1313750	train
nist_1314000	train
nist_1314006	train
nist_1314854	train
nist_1314868	train
nist_1314891	train
nist_1314893	train
nist_1315089	train
nist_1315101	train
nist_1315361	train
nist_1315375	train
nist_1315391	train
nist_1315815	train
nist_1315826	train
nist_1315831	train
nist_1315842	train
nist_1316978	train
nist_1316988	train
nist_1316997	train
nist_1317005	train
nist_1317314	train
nist_1317325	train
nist_1317622	train
nist_1317636	train
nist_1318842	train
nist_1318852	train
nist_1319099	train
nist_1319113	train
nist_1319130	train
nist_1319143	train
nist_1319383	train
nist_1319384	train
nist_1319386	train
nist_1319395	train
nist_1320328	train
nist_1320340	train
nist_1320349	train
nist_1320361	train
nist_1320711	train
nist_1320724	train
nist_1320730	train
nist_1320742	train
nist_1320807	train
nist_1320820	train
nist_1320826	train
nist_1321887	train
nist_1321900	train
nist_1321928	train
nist_1321950	train
nist_1321956	train
nist_1321961	train
nist_1321966	train
nist_1322024	train
nist_1322037	train
nist_1322040	train
nist_1322052	train
nist_1322069	train
nist_1322085	train
nist_1322289	train
nist_1322297	train
nist_1322307	train
nist_1322311	train
nist_1322324	train
nist_1322662	train
nist_1322674	train
nist_1322692	train
nist_1322999	train
nist_1323012	train
nist_1323018	train
nist_1323416	train
nist_1323428	train
nist_1323511	train
nist_1323523	train
nist_1323543	train
nist_1323544	train
nist_1323582	train
nist_1323599	train
nist_1323604	train
nist_1323615	train
nist_1324063	train
nist_1324076	train
nist_1324424	train
nist_1324437	train
nist_1324489	train
nist_1324617	train
nist_1324628	train
nist_1324641	train
nist_1324653	train
nist_1324662	train
nist_1324673	train
nist_1325119	train
nist_1325129	train
nist_1325154	train
nist_1325303	train
nist_1325313	train
nist_1325345	train
nist_1325347	train
nist_1325519	train
nist_1325530	train
nist_1325726	train
nist_1325740	train
nist_1325748	train
nist_1325761	train
nist_1325826	train
nist_1325837	train
nist_1325848	train
nist_1325861	train
nist_1326030	train
nist_1326043	train
nist_1326048	train
nist_1326060	train
nist_1326495	train
nist_1326508	train
nist_1326516	train
nist_1327522	train
nist_1327570	train
nist_1327583	train
nist_1328516	train
nist_1328697	train
nist_1328710	train
nist_1328757	train
nist_1328769	train
nist_1328794	train
nist_1328796	train
nist_1328829	train
nist_1329712	train
nist_1329720	train
nist_1329748	train
nist_1329903	train
nist_1329912	train
nist_1330476	train
nist_1330486	train
nist_1333113	train
nist_1333126	train
nist_1333131	train
nist_1333137	train
nist_1333247	train
nist_1333256	train
nist_1333258	train
nist_1333268	train
nist_1336165	train
nist_1336177	train
nist_1336423	train
nist_1336432	train
nist_1337354	train
nist_1337358	train
nist_1337369	train
nist_1337371	train
nist_1337384	train
nist_1337425	train
nist_1337431	train
nist_1337963	train
nist_1337979	train
nist_1337985	train
nist_1338827	train
nist_1338841	train
nist_1338849	train
nist_1338852	train
nist_1338961	train
nist_1338976	train
nist_1338986	train
nist_1338988	train
nist_1342709	train
nist_1342725	train
nist_1347140	train
nist_1347147	train
nist_1347150	train
nist_1347966	train
nist_1349204	train
nist_1349219	train
nist_1349229	train
nist_1349233	train
nist_1349249	train
nist_1349254	train
nist_1349268	train
nist_1350088	train
nist_1350099	train
nist_1352733	train
nist_1354222	train
nist_1354224	train
nist_1354528	train
nist_1354543	train
nist_1354550	train
nist_1354600	train
nist_1354613	train
nist_1361405	train
nist_1361420	train
nist_1361425	train
nist_1361843	train
nist_1361857	train
nist_1362041	train
nist_1362054	train
nist_1362062	train
nist_1362078	train
nist_1362253	train
nist_1362269	train
nist_1362568	train
nist_1362579	train
nist_1362748	train
nist_1362751	train
nist_1362900	train
nist_1362907	train
nist_1362922	train
nist_1363072	train
nist_1363088	train
nist_1363112	train
nist_1363120	train
nist_1363987	train
nist_1364001	train
nist_1365319	train
nist_1365334	train
nist_1365767	train
nist_1365780	train
nist_1366671	train
nist_1366684	train
nist_1366908	train
nist_1366914	train
nist_1366983	train
nist_1366996	train
nist_1367002	train
nist_1367016	train
nist_1367028	train
nist_1367041	train
nist_1367472	train
nist_1367485	train
nist_1367537	train
nist_1367547	train
nist_1367595	train
nist_1367605	train
nist_1367834	train
nist_1367842	train
nist_1367849	train
nist_1367857	train
nist_1368002	train
nist_1368016	train
nist_1368370	train
nist_1368383	train
nist_1368389	train
nist_1368392	train
nist_1370786	train
nist_1370798	train
nist_1370807	train
nist_1370818	train
nist_1370865	train
nist_1370877	train
nist_1371534	train
nist_1371546	train
nist_1371548	train
nist_1371561	train
nist_1371563	train
nist_1371578	train
nist_1371683	train
nist_1372204	train
nist_1372217	train
nist_1372222	train
nist_1372233	train
nist_1372454	train
nist_1372469	train
nist_1372610	train
nist_1372623	train
nist_1372740	train
nist_1372754	train
nist_1373271	train
nist_1373284	train
nist_1373292	train
nist_1373726	train
nist_1373741	train
nist_1374052	train
nist_1374065	train
nist_1374073	train
nist_1374079	train
nist_1374718	train
nist_1374730	train
nist_1375186	train
nist_1375197	train
nist_1375235	train
nist_1375248	train
nist_1375704	train
nist_1375718	train
nist_1376928	train
nist_1376943	train
nist_1376947	train
nist_1376972	train
nist_1376979	train
nist_1376985	train
nist_1377388	train
nist_1377401	train
nist_1377961	train
nist_1377974	train
nist_1378203	train
nist_1378214	train
nist_1378222	train
nist_1378230	train
nist_1378255	train
nist_1378267	train
nist_1378319	train
nist_1378329	train
nist_1378885	train
nist_1379495	train
nist_1379503	train
nist_1379510	train
nist_1379519	train
nist_1379601	train
nist_1379610	train
nist_1379870	train
nist_1379884	train
nist_1379889	train
nist_1379900	train
nist_1379923	train
nist_1380059	train
nist_1380067	train
nist_1380073	train
nist_1380203	train
nist_1380215	train
nist_1380220	train
nist_1380231	train
nist_1381631	train
nist_1381645	train
nist_1381671	train
nist_1381682	train
nist_1383064	train
nist_1383078	train
nist_1383085	train
nist_1383106	train
nist_1383517	train
nist_1383527	train
nist_1383727	train
nist_1383744	train
nist_1385206	train
nist_1385219	train
nist_1385226	train
nist_1385239	train
nist_1385596	train
nist_1385608	train
nist_1385616	train
nist_1385631	train
nist_1386327	train
nist_1386342	train
nist_1386349	train
nist_1386352	train
nist_1386462	train
nist_1386478	train
nist_1386482	train
nist_1386492	train
nist_1386957	train
nist_1386967	train
nist_1386974	train
nist_1386981	train
nist_1389564	train
nist_1389569	train
nist_1389571	train
nist_1389578	train
nist_1390325	train
nist_1390341	train
nist_1390365	train
nist_1390373	train
nist_1390461	train
nist_1390475	train
nist_1390479	train
nist_1390488	train
nist_1390718	train
nist_1390732	train
nist_1391098	train
nist_1391110	train
nist_1391144	train
nist_1391153	train
nist_1391481	train
nist_1391495	train
nist_1391847	train
nist_1391859	train
nist_1391867	train
nist_1391878	train
nist_1392230	train
nist_1392245	train
nist_1392296	train
nist_1392310	train
nist_1392859	train
nist_1392872	train
nist_1392881	train
nist_1392888	train
nist_1393008	train
nist_1393023	train
nist_1393126	train
nist_1393135	train
nist_1393156	train
nist_1393959	train
nist_1393974	train
nist_1396128	train
nist_1396139	train
nist_1396144	train
nist_1396153	train
nist_1396617	train
nist_1396629	train
nist_1396637	train
nist_1397236	train
nist_1397244	train
nist_1397707	train
nist_1397716	train
nist_1398201	train
nist_1398219	train
nist_1398816	train
nist_1398827	train
nist_1398848	train
nist_1400173	train
nist_1400186	train
nist_1400291	train
nist_1400504	train
nist_1400517	train
nist_1400601	train
nist_1400617	train
nist_1400674	train
nist_1400687	train
nist_1401522	train
nist_1401530	train
nist_1401946	train
nist_1401957	train
nist_1402122	train
nist_1402135	train
nist_1403026	train
nist_1403042	train
nist_1403047	train
nist_1403062	train
nist_1403533	train
nist_1403542	train
nist_1403548	train
nist_1404514	train
nist_1404530	train
nist_1404548	train
nist_1404553	train
nist_1404565	train
nist_1404592	train
nist_1404607	train
nist_1404616	train
nist_1404643	train
nist_1404652	train
nist_1404743	train
nist_1404756	train
nist_1404789	train
nist_1404802	train
nist_1404888	train
nist_1404901	train
nist_1404908	train
nist_1404918	train
nist_1405087	train
nist_1405453	train
nist_1405464	train
nist_1405501	train
nist_1405514	train
nist_1406337	train
nist_1406347	train
nist_1406352	train
nist_1406355	train
nist_1406991	train
nist_1407005	train
nist_1407533	train
nist_1407549	train
nist_1407588	train
nist_1407603	train
nist_1408438	train
nist_1408455	train
nist_1408460	train
nist_1408471	train
nist_1409599	train
nist_1409613	train
nist_1410151	train
nist_1410164	train
nist_1410333	train
nist_1410346	train
nist_1410552	train
nist_1410566	train
nist_1410571	train
nist_1410584	train
nist_1410718	train
nist_1410730	train
nist_1410736	train
nist_1410738	train
nist_1410808	train
nist_1410820	train
nist_1411298	train
nist_1411315	train
nist_1411319	train
nist_1411327	train
nist_1411919	train
nist_1411934	train
nist_1412378	train
nist_1412389	train
nist_1412396	train
nist_1412406	train
nist_1412741	train
nist_1412753	train
nist_1413282	train
nist_1413295	train
nist_1413305	train
nist_1413311	train
nist_1413592	train
nist_1413607	train
nist_1413682	train
nist_1413697	train
nist_1413718	train
nist_1413725	train
nist_1413754	train
nist_1413765	train
nist_1413779	train
nist_1413790	train
nist_1413798	train
nist_1414127	train
nist_1414140	train
nist_1414187	train
nist_1414190	train
nist_1414389	train
nist_1414400	train
nist_1414421	train
nist_1414434	train
nist_1414441	train
nist_1414451	train
nist_1415195	train
nist_1415204	train
nist_1415212	train
nist_1415792	train
nist_1415799	train
nist_1415829	train
nist_1415841	train
nist_1415847	train
nist_1415856	train
nist_1416876	train
nist_1416891	train
nist_1416998	train
nist_1417017	train
nist_1417042	train
nist_1417049	train
nist_1417170	train
nist_1417185	train
nist_1417241	train
nist_1418143	train
nist_1418154	train
nist_1418157	train
nist_1418167	train
nist_1418170	train
nist_1418176	train
nist_1418342	train
nist_1418354	train
nist_1418449	train
nist_1418463	train
nist_1418551	train
nist_1418566	train
nist_1418602	train
nist_1418605	train
nist_1418607	train
nist_1418620	train
nist_1418640	train
nist_1419153	train
nist_1419167	train
nist_1419214	train
nist_1419219	train
nist_1419387	train
nist_1419400	train
nist_1419405	train
nist_1419415	train
nist_1419601	train
nist_1419621	train
nist_1419648	train
nist_1419659	train
nist_1419690	train
nist_1419699	train
nist_1419704	train
nist_1419714	train
nist_1420006	train
nist_1420013	train
nist_1420026	train
nist_1420040	train
nist_1420070	train
nist_1420086	train
nist_1420092	train
nist_1420197	train
nist_1420208	train
nist_1420229	train
nist_1420236	train
nist_1421109	train
nist_1421121	train
nist_1421141	train
nist_1421152	train
nist_1421347	train
nist_1421352	train
nist_1422416	train
nist_1422427	train
nist_1422451	train
nist_1422457	train
nist_1422629	train
nist_1422640	train
nist_1422658	train
nist_1422661	train
nist_1422775	train
nist_1422791	train
nist_1422798	train
nist_1422813	train
nist_1423080	train
nist_1423097	train
nist_1423102	train
nist_1423117	train
nist_1423245	train
nist_1423257	train
nist_1423315	train
nist_1423330	train
nist_1423364	train
nist_1423369	train
nist_1423620	train
nist_1423626	train
nist_1423634	train
nist_1423637	train
nist_1423798	train
nist_1423808	train
nist_1423813	train
nist_1423830	train
nist_1424205	train
nist_1424219	train
nist_1424247	train
nist_1424260	train
nist_1424321	train
nist_1424330	train
nist_1424600	train
nist_1424610	train
nist_1424627	train
nist_1424636	train
nist_1424684	train
nist_1424698	train
nist_1424717	train
nist_1424729	train
nist_1425529	train
nist_1425542	train
nist_1425549	train
nist_1425559	train
nist_1425739	train
nist_1425742	train
nist_1425745	train
nist_1425751	train
nist_1426156	train
nist_1426171	train
nist_1426593	train
nist_1426607	train
nist_1426613	train
nist_1426624	train
nist_1426630	train
nist_1426643	train
nist_1426673	train
nist_1426685	train
nist_1426687	train
nist_1426701	train
nist_1426706	train
nist_1426711	train
nist_1426713	train
nist_1426723	train
nist_1426729	train
nist_1426737	train
nist_1427003	train
nist_1427017	train
nist_1427023	train
nist_1427031	train
nist_1427036	train
nist_1427918	train
nist_1427929	train
nist_1428021	train
nist_1428033	train
nist_1428159	train
nist_1428173	train
nist_1428212	train
nist_1428214	train
nist_1428226	train
nist_1428233	train
nist_1428449	train
nist_1428463	train
nist_1428605	train
nist_1428619	train
nist_1428637	train
nist_1428650	train
nist_1428654	train
nist_1428666	train
nist_1428881	train
nist_1428896	train
nist_1429254	train
nist_1429267	train
nist_1429274	train
nist_1429277	train
nist_1429279	train
nist_1429290	train
nist_1429464	train
nist_1429477	train
nist_1429512	train
nist_1429515	train
nist_1429550	train
nist_1429563	train
nist_1429587	train
nist_1429601	train
nist_1429770	train
nist_1429783	train
nist_1429803	train
nist_1429811	train
nist_1430019	train
nist_1430033	train
nist_1430039	train
nist_1430051	train
nist_1430088	train
nist_1430098	train
nist_1430125	train
nist_1430131	train
nist_1430889	train
nist_1430903	train
nist_1430910	train
nist_1430921	train
nist_1431312	train
nist_1431325	train
nist_1431347	train
nist_1431350	train
nist_1432612	train
nist_1432626	train
nist_1432651	train
nist_1432657	train
nist_1432745	train
nist_1432943	train
nist_1432956	train
nist_1432981	train
nist_1433441	train
nist_1433452	train
nist_1434211	train
nist_1434226	train
nist_1434232	train
nist_1434246	train
nist_1434690	train
nist_1434697	train
nist_1434708	train
nist_1434716	train
nist_1434730	train
nist_1434744	train
nist_1434780	train
nist_1434787	train
nist_1434904	train
nist_1434916	train
nist_1434923	train
nist_1434936	train
nist_1435296	train
nist_1435302	train
nist_1435305	train
nist_1436760	train
nist_1436772	train
nist_1436777	train
nist_1436785	train
nist_1436885	train
nist_1436898	train
nist_1436908	train
nist_1436917	train
nist_1436964	train
nist_1436977	train
nist_1436986	train
nist_1436999	train
nist_1437011	train
nist_1437018	train
nist_1437028	train
nist_1437107	train
nist_1437113	train
nist_1437124	train
nist_1437129	train
nist_1438868	train
nist_1438880	train
nist_1438908	train
nist_1438910	train
nist_1439030	train
nist_1439046	train
nist_1439051	train
nist_1439065	train
nist_1439084	train
nist_1439100	train
nist_1439130	train
nist_1439141	train
nist_1439738	train
nist_1439752	train
nist_1439801	train
nist_1439806	train
nist_1440077	train
nist_1440093	train
nist_1440112	train
nist_1440118	train
nist_1440513	train
nist_1440527	train
nist_1440547	train
nist_1440554	train
nist_1440887	train
nist_1440893	train
nist_1440908	train
nist_1440911	train
nist_1441153	train
nist_1441169	train
nist_1441173	train
nist_1441176	train
nist_1441178	train
nist_1441190	train
nist_1441302	train
nist_1441316	train
nist_1441440	train
nist_1441452	train
nist_1442121	train
nist_1442133	train
nist_1442138	train
nist_1442150	train
nist_1442372	train
nist_1442380	train
nist_1442384	train
nist_1442746	train
nist_1442753	train
nist_1442760	train
nist_1442801	train
nist_1442806	train
nist_1442835	train
nist_1443313	train
nist_1443323	train
nist_1443330	train
nist_1443333	train
nist_1443400	train
nist_1443410	train
nist_1443417	train
nist_1443425	train
nist_1443633	train
nist_1443647	train
nist_1443656	train
nist_1443665	train
nist_1445101	train
nist_1445113	train
nist_1445154	train
nist_1445165	train
nist_1446120	train
nist_1446128	train
nist_1446918	train
nist_1446929	train
nist_1446934	train
nist_1447303	train
nist_1447732	train
nist_1447748	train
nist_1447755	train
nist_1447761	train
nist_1447762	train
nist_1447777	train
nist_1447802	train
nist_1447809	train
nist_1447811	train
nist_1447824	train
nist_1447830	train
nist_1447835	train
nist_1449699	train
nist_1449709	train
nist_1449711	train
nist_1449725	train
nist_1452011	train
nist_1452019	train
nist_1452032	train
nist_1453719	train
nist_1453732	train
nist_1453738	train
nist_1453745	train
nist_1454093	train
nist_1454102	train
nist_1454116	train
nist_1454255	train
nist_1454266	train
nist_1454349	train
nist_1454358	train
nist_1454380	train
nist_1454402	train
nist_1455993	train
nist_1456006	train
nist_1456253	train
nist_1456255	train
nist_1456264	train
nist_1457046	train
nist_1457053	train
nist_1457088	train
nist_1457099	train
nist_1457731	train
nist_1457745	train
nist_1457768	train
nist_1457773	train
nist_1457976	train
nist_1457997	train
nist_1458013	train
nist_1458137	train
nist_1458152	train
nist_1458732	train
nist_1458735	train
nist_1458761	train
nist_1459246	train
nist_1459261	train
nist_1459284	train
nist_1459568	train
nist_1459583	train
nist_1459610	train
nist_1459625	train
nist_1459661	train
nist_1459676	train
nist_1459708	train
nist_1459794	train
nist_1459808	train
nist_1460358	train
nist_1460375	train
nist_1460382	train
nist_1460384	train
nist_1460407	train
nist_1460451	train
nist_1460452	train
nist_1460467	train
nist_1460475	train
nist_1460486	train
nist_1460836	train
nist_1460856	train
nist_1460884	train
nist_1460885	train
nist_1460900	train
nist_1460937	train
nist_1461717	train
nist_1461727	train
nist_1461754	train
nist_1462357	train
nist_1462887	train
nist_1462897	train
nist_1462905	train
nist_1462915	train
nist_1463262	train
nist_1463275	train
nist_1463302	train
nist_1463304	train
nist_1463318	train
nist_1463338	train
nist_1463349	train
nist_1463573	train
nist_1463579	train
nist_1463588	train
nist_1463876	train
nist_1463890	train
nist_1463959	train
nist_1463968	train
nist_1464033	train
nist_1464044	train
nist_1464114	train
nist_1464121	train
nist_1464242	train
nist_1464251	train
nist_1464794	train
nist_1464807	train
nist_1465096	train
nist_1465108	train
nist_1465136	train
nist_1465142	train
nist_1465144	train
nist_1465155	train
nist_1465180	train
nist_1465195	train
nist_1465555	train
nist_1465558	train
nist_1465569	train
nist_1465844	train
nist_1465854	train
nist_1465861	train
nist_1465874	train
nist_1468489	train
nist_1468499	train
nist_1468507	train
nist_1468520	train
nist_1469077	train
nist_1469078	train
nist_1469090	train
nist_1469180	train
nist_1469188	train
nist_1469191	train
nist_1469205	train
nist_1469218	train
nist_1469231	train
nist_1469254	train
nist_1469266	train
nist_1469293	train
nist_1469304	train
nist_1469340	train
nist_1469354	train
nist_1469777	train
nist_1469792	train
nist_1469797	train
nist_1469809	train
nist_1469863	train
nist_1469878	train
nist_1469925	train
nist_1469938	train
nist_1470658	train
nist_1470661	train
nist_1470672	train
nist_1472429	train
nist_1472437	train
nist_1472449	train
nist_1474455	train
nist_1474465	train
nist_1474523	train
nist_1474539	train
nist_1474949	train
nist_1474962	train
nist_1474991	train
nist_1474996	train
nist_1475313	train
nist_1475328	train
nist_1475354	train
nist_1475372	train
nist_1475476	train
nist_1475488	train
nist_1476271	train
nist_1476281	train
nist_1477118	train
nist_1477127	train
nist_1477131	train
nist_1477141	train
nist_1477145	train
nist_1477158	train
nist_1477188	train
nist_1477196	train
nist_1477347	train
nist_1477359	train
nist_1477640	train
nist_1477651	train
nist_1477787	train
nist_1477799	train
nist_1477938	train
nist_1477952	train
nist_1477959	train
nist_1477968	train
nist_1478011	train
nist_1478027	train
nist_1478031	train
nist_1478044	train
nist_1478119	train
nist_1478133	train
nist_1478246	train
nist_1478260	train
nist_1478266	train
nist_1478279	train
nist_1478753	train
nist_1478766	train
nist_1478837	train
nist_1479030	train
nist_1479045	train
nist_1479050	train
nist_1479196	train
nist_1479205	train
nist_1479521	train
nist_1479599	train
nist_1479615	train
nist_1480054	train
nist_1480065	train
nist_1480108	train
nist_1480112	train
nist_1480125	train
nist_1480440	train
nist_1480449	train
nist_1480860	train
nist_1480872	train
nist_1480877	train
nist_1480891	train
nist_1482145	train
nist_1482159	train
nist_1482183	train
nist_1482237	train
nist_1482250	train
nist_1482253	train
nist_1482264	train
nist_1482761	train
nist_1482776	train
nist_1482781	train
nist_1482794	train
nist_1483232	train
nist_1483270	train
nist_1483285	train
nist_1483306	train
nist_1483313	train
nist_1483646	train
nist_1483658	train
nist_1483773	train
nist_1483785	train
nist_1483903	train
nist_1483914	train
nist_1483934	train
nist_1483946	train
nist_1483974	train
nist_1483987	train
nist_1484048	train
nist_1484060	train
nist_1484083	train
nist_1484096	train
nist_1484118	train
nist_1484132	train
nist_1484356	train
nist_1484370	train
nist_1484378	train
nist_1484390	train
nist_1484464	train
nist_1484472	train
nist_1484570	train
nist_1484581	train
nist_1484667	train
nist_1484685	train
nist_1484794	train
nist_1484807	train
nist_1484814	train
nist_1484826	train
nist_1484844	train
nist_1484859	train
nist_1484879	train
nist_1484895	train
nist_1485410	train
nist_1485424	train
nist_1485430	train
nist_1485521	train
nist_1485535	train
nist_1485541	train
nist_1485550	train
nist_1485571	train
nist_1485583	train
nist_1485608	train
nist_1485619	train
nist_1485887	train
nist_1485899	train
nist_1486416	train
nist_1486430	train
nist_1486433	train
nist_1486447	train
nist_1486900	train
nist_1486910	train
nist_1486916	train
nist_1486922	train
nist_1486932	train
nist_1486935	train
nist_1486938	train
nist_1486939	train
nist_1486950	train
nist_1486956	train
nist_1486963	train
nist_1488693	train
nist_1488719	train
nist_1489329	train
nist_1489343	train
nist_1489346	train
nist_1489351	train
nist_1489621	train
nist_1489635	train
nist_1489684	train
nist_1489696	train
nist_1489778	train
nist_1489790	train
nist_1489812	train
nist_1489827	train
nist_1491079	train
nist_1491092	train
nist_1491113	train
nist_1491126	train
nist_1491222	train
nist_1491234	train
nist_1491250	train
nist_1491262	train
nist_1492002	train
nist_1492010	train
nist_1492019	train
nist_1492030	train
nist_1492598	train
nist_1492609	train
nist_1492611	train
nist_1492618	train
nist_1492620	train
nist_1492635	train
nist_1492659	train
nist_1493261	train
nist_1493278	train
nist_1493302	train
nist_1493313	train
nist_1493890	train
nist_1493901	train
nist_1493908	train
nist_1493918	train
nist_1494714	train
nist_1494726	train
nist_1494742	train
nist_1494745	train
nist_1495100	train
nist_1495109	train
nist_1495114	train
nist_1495120	train
nist_1495135	train
nist_1495148	train
nist_1495174	train
nist_1495557	train
nist_1495568	train
nist_1495573	train
nist_1496623	train
nist_1496640	train
nist_1496644	train
nist_1496677	train
nist_1496691	train
nist_1496697	train
nist_1496705	train
nist_1496930	train
nist_1496943	train
nist_1496950	train
nist_1496961	train
nist_1497878	train
nist_1497893	train
nist_1497922	train
nist_1497929	train
nist_1497999	train
nist_1498012	train
nist_1498018	train
nist_1498027	train
nist_1498214	train
nist_1498231	train
nist_1498235	train
nist_1498252	train
nist_1498407	train
nist_1498423	train
nist_1498524	train
nist_1498538	train
nist_1499138	train
nist_1499154	train
nist_1499177	train
nist_1499182	train
nist_1499474	train
nist_1499485	train
nist_1499516	train
nist_1499522	train
nist_1500504	train
nist_1500519	train
nist_1500554	train
nist_1500951	train
nist_1500964	train
nist_1500987	train
nist_1500996	train
nist_1501071	train
nist_1501084	train
nist_1501091	train
nist_1501102	train
nist_1501287	train
nist_1501299	train
nist_1501335	train
nist_1501347	train
nist_1501618	train
nist_1501624	train
nist_1501871	train
nist_1501886	train
nist_1501971	train
nist_1501976	train
nist_1502326	train
nist_1502340	train
nist_1502391	train
nist_1502393	train
nist_1502991	train
nist_1503003	train
nist_1503051	train
nist_1503394	train
nist_1503408	train
nist_1503416	train
nist_1503430	train
nist_1503840	train
nist_1503854	train
nist_1503863	train
nist_1503876	train
nist_1503903	train
nist_1503917	train
nist_1503924	train
nist_1503933	train
nist_1504034	train
nist_1504049	train
nist_1504080	train
nist_1504082	train
nist_1504618	train
nist_1504630	train
nist_1504638	train
nist_1504786	train
nist_1504800	train
nist_1504861	train
nist_1504869	train
nist_1505143	train
nist_1505166	train
nist_1505173	train
nist_1505181	train
nist_1506456	train
nist_1506469	train
nist_1506484	train
nist_1506490	train
nist_1507532	train
nist_1507546	train
nist_1507554	train
nist_1507566	train
nist_1507782	train
nist_1507795	train
nist_1507807	train
nist_1508127	train
nist_1508140	train
nist_1508149	train
nist_1508168	train
nist_1509092	train
nist_1509098	train
nist_1509104	train
nist_1509113	train
nist_1509360	train
nist_1509375	train
nist_1509423	train
nist_1509437	train
nist_1509589	train
nist_1509600	train
nist_1509616	train
nist_1509626	train
nist_1509926	train
nist_1509938	train
nist_1509947	train
nist_1509956	train
nist_1511556	train
nist_1511570	train
nist_1511578	train
nist_1511591	train
nist_1511797	train
nist_1511814	train
nist_1511818	train
nist_1511952	train
nist_1511966	train
nist_1511998	train
nist_1512005	train
nist_1512110	train
nist_1512120	train
nist_1512124	train
nist_1512136	train
nist_1512679	train
nist_1512693	train
nist_1512700	train
nist_1512714	train
nist_1513141	train
nist_1513154	train
nist_1513159	train
nist_1513167	train
nist_1513198	train
nist_1513213	train
nist_1513242	train
nist_1513271	train
nist_1513280	train
nist_1513285	train
nist_1513873	train
nist_1513886	train
nist_1513889	train
nist_1513895	train
nist_1514523	train
nist_1514536	train
nist_1514562	train
nist_1514569	train
nist_1514674	train
nist_1514686	train
nist_1514694	train
nist_1514704	train
nist_1514738	train
nist_1514748	train
nist_1514759	train
nist_1514870	train
nist_1514883	train
nist_1514953	train
nist_1514960	train
nist_1515013	train
nist_1515028	train
nist_1515056	train
nist_1515066	train
nist_1515068	train
nist_1515081	train
nist_1515089	train
nist_1515101	train
nist_1515350	train
nist_1515364	train
nist_1515386	train
nist_1515401	train
nist_1515515	train
nist_1515522	train
nist_1515618	train
nist_1515628	train
nist_1515782	train
nist_1515793	train
nist_1515805	train
nist_1515812	train
nist_1515826	train
nist_1515851	train
nist_1516601	train
nist_1516616	train
nist_1516618	train
nist_1516634	train
nist_1516997	train
nist_1517012	train
nist_1517649	train
nist_1517663	train
nist_1517675	train
nist_1517690	train
nist_1517890	train
nist_1517902	train
nist_1517940	train
nist_1517948	train
nist_1518482	train
nist_1518497	train
nist_1518499	train
nist_1518515	train
nist_1519367	train
nist_1519382	train
nist_1519424	train
nist_1519561	train
nist_1519582	train
nist_1519585	train
nist_1519619	train
nist_1521084	train
nist_1521095	train
nist_1521102	train
nist_1521117	train
nist_1521221	train
nist_1521231	train
nist_1521241	train
nist_1521249	train
nist_1521982	train
nist_1521999	train
nist_1522025	train
nist_1522034	train
nist_1522501	train
nist_1522514	train
nist_1522521	train
nist_1522534	train
nist_1522749	train
nist_1522762	train
nist_1522779	train
nist_1522782	train
nist_1523601	train
nist_1523613	train
nist_1523969	train
nist_1523976	train
nist_1523982	train
nist_1523985	train
nist_1524493	train
nist_1524497	train
nist_1524499	train
nist_1524505	train
nist_1525058	train
nist_1525074	train
nist_1525097	train
nist_1525100	train
nist_1525188	train
nist_1525199	train
nist_1525241	train
nist_1525331	train
nist_1525341	train
nist_1525377	train
nist_1525382	train
nist_1525391	train
nist_1525402	train
nist_1525426	train
nist_1525434	train
nist_1526180	train
nist_1526193	train
nist_1527017	train
nist_1527028	train
nist_1527036	train
nist_1527044	train
nist_1528008	train
nist_1528022	train
nist_1528068	train
nist_1528084	train
nist_1528279	train
nist_1528294	train
nist_1528349	train
nist_1528364	train
nist_1528374	train
nist_1528389	train
nist_1528578	train
nist_1528593	train
nist_1530081	train
nist_1530093	train
nist_1530124	train
nist_1530135	train
nist_1530472	train
nist_1530484	train
nist_1530942	train
nist_1532042	train
nist_1532058	train
nist_1532067	train
nist_1532076	train
nist_1532289	train
nist_1532304	train
nist_1532328	train
nist_1532336	train
nist_1532792	train
nist_1532801	train
nist_1532980	train
nist_1532994	train
nist_1533013	train
nist_1533564	train
nist_1533590	train
nist_1533619	train
nist_1533940	train
nist_1533953	train
nist_1534172	train
nist_1534200	train
nist_1534230	train
nist_1534236	train
nist_1534341	train
nist_1534354	train
nist_1534370	train
nist_1534384	train
nist_1534992	train
nist_1535291	train
nist_1535305	train
nist_1535814	train
nist_1535827	train
nist_1535845	train
nist_1535856	train
nist_1536368	train
nist_1536375	train
nist_1536377	train
nist_1536391	train
nist_1536422	train
nist_1536437	train
nist_1536463	train
nist_1536468	train
nist_1536759	train
nist_1536763	train
nist_1536765	train
nist_1536776	train
nist_1538018	train
nist_1538033	train
nist_1538057	train
nist_1538300	train
nist_1538309	train
nist_1538312	train
nist_1539092	train
nist_1539104	train
nist_1539113	train
nist_1539129	train
nist_1539294	train
nist_1539308	train
nist_1539331	train
nist_1539337	train
nist_1539339	train
nist_1539346	train
nist_1539348	train
nist_1539361	train
nist_1539647	train
nist_1539667	train
nist_1539692	train
nist_1539694	train
nist_1539696	train
nist_1539712	train
nist_1539737	train
nist_1540136	train
nist_1540150	train
nist_1540198	train
nist_1540492	train
nist_1540502	train
nist_1540509	train
nist_1540634	train
nist_1540642	train
nist_1543943	train
nist_1543945	train
nist_1543952	train
nist_1544047	train
nist_1544061	train
nist_1544067	train
nist_1544086	train
nist_1544222	train
nist_1544237	train
nist_1544296	train
nist_1545294	train
nist_1545308	train
nist_1545691	train
nist_1545702	train
nist_1545710	train
nist_1545715	train
nist_1545879	train
nist_1545896	train
nist_1545942	train
nist_1545953	train
nist_1546265	train
nist_1546279	train
nist_1546299	train
nist_1546310	train
nist_1546593	train
nist_1546601	train
nist_1546603	train
nist_1546802	train
nist_1546815	train
nist_1546845	train
nist_1546865	train
nist_1547054	train
nist_1547069	train
nist_1547091	train
nist_1547103	train
nist_1547447	train
nist_1547462	train
nist_1547480	train
nist_1547487	train
nist_1547503	train
nist_1547533	train
nist_1547548	train
nist_1547721	train
nist_1547732	train
nist_1547770	train
nist_1547783	train
nist_1547792	train
nist_1547800	train
nist_1548667	train
nist_1548683	train
nist_1549398	train
nist_1549412	train
nist_1549419	train
nist_1549421	train
nist_1549435	train
nist_1549480	train
nist_1549492	train
nist_1549494	train
nist_1549514	train
nist_1549534	train
nist_1549548	train
nist_1549550	train
nist_1549564	train
nist_1549629	train
nist_1549635	train
nist_1550488	train
nist_1550499	train
nist_1550507	train
nist_1550517	train
nist_1550862	train
nist_1550878	train
nist_1550904	train
nist_1550913	train
nist_1551117	train
nist_1551128	train
nist_1551160	train
nist_1551175	train
nist_1551654	train
nist_1551666	train
nist_1551697	train
nist_1551702	train
nist_1552365	train
nist_1552373	train
nist_1552409	train
nist_1552419	train
nist_1552426	train
nist_1552439	train
nist_1552443	train
nist_1552735	train
nist_1552747	train
nist_1552754	train
nist_1552764	train
nist_1552890	train
nist_1552940	train
nist_1552954	train
nist_1553025	train
nist_1553037	train
nist_1553045	train
nist_1553057	train
nist_1553994	train
nist_1554049	train
nist_1554062	train
nist_1554119	train
nist_1554122	train
nist_1554224	train
nist_1554236	train
nist_1554243	train
nist_1554248	train
nist_1554317	train
nist_1554340	train
nist_1554374	train
nist_1554398	train
nist_1554588	train
nist_1554600	train
nist_1554678	train
nist_1554681	train
nist_1554926	train
nist_1554938	train
nist_1554964	train
nist_1554977	train
nist_1554996	train
nist_1555005	train
nist_1555007	train
nist_1555023	train
nist_1555065	train
nist_1555075	train
nist_1555123	train
nist_1555133	train
nist_1555139	train
nist_1555143	train
nist_1555157	train
nist_1555186	train
nist_1555190	train
nist_1555558	train
nist_1555573	train
nist_1555580	train
nist_1555591	train
nist_1555731	train
nist_1555746	train
nist_1555778	train
nist_1555785	train
nist_1556068	train
nist_1556215	train
nist_1556229	train
nist_1556261	train
nist_1556269	train
nist_1560831	train
nist_1560844	train
nist_1560890	train
nist_1560902	train
nist_1560947	train
nist_1560959	train
nist_1561032	train
nist_1561044	train
nist_1561073	train
nist_1561075	train
nist_1561189	train
nist_1561204	train
nist_1561232	train
nist_1561240	train
nist_1561623	train
nist_1561640	train
nist_1561830	train
nist_1561840	train
nist_1561899	train
nist_1561908	train
nist_1562509	train
nist_1562524	train
nist_1562545	train
nist_1562549	train
nist_1562679	train
nist_1562692	train
nist_1562702	train
nist_1562713	train
nist_1562763	train
nist_1562779	train
nist_1562792	train
nist_1564296	train
nist_1564308	train
nist_1565358	train
nist_1565367	train
nist_1565369	train
nist_1565381	train
nist_1565414	train
nist_1565422	train
nist_1565424	train
nist_1565435	train
nist_1566160	train
nist_1566174	train
nist_1566181	train
nist_1566194	train
nist_1567746	train
nist_1567762	train
nist_1597022	train
nist_1597039	train
nist_1602771	train
nist_1602781	train
nist_1603020	train
nist_1603027	train
nist_1603441	train
nist_1603455	train
nist_1603473	train
nist_1603495	train
nist_1603528	train
nist_1603539	train
nist_1606120	train
nist_1606129	train
nist_1606133	train
nist_1606141	train
nist_1606314	train
nist_1606318	train
nist_1606337	train
nist_1606646	train
nist_1606659	train
nist_1607284	train
nist_1607298	train
nist_1607319	train
nist_1607334	train
nist_1607844	train
nist_1607861	train
nist_1607900	train
nist_1607902	train
nist_1607944	train
nist_1609449	train
nist_1609462	train
nist_1609468	train
nist_1609501	train
nist_1609616	train
nist_1609630	train
nist_1609638	train
nist_1609650	train
nist_1610112	train
nist_1610125	train
nist_1610147	train
nist_1610156	train
nist_1610973	train
nist_1610984	train
nist_1610997	train
nist_1611433	train
nist_1611444	train
nist_1611470	train
nist_1611577	train
nist_1611592	train
nist_1611622	train
nist_1611624	train
nist_1612213	train
nist_1612224	train
nist_1612238	train
nist_1612249	train
nist_1612513	train
nist_1612520	train
nist_1612537	train
nist_1612553	train
nist_1612557	train
nist_1612563	train
nist_1612575	train
nist_1612597	train
nist_1612605	train
nist_1612611	train
nist_1612621	train
nist_1613407	train
nist_1613411	train
nist_1613423	train
nist_1613425	train
nist_1613427	train
nist_1613442	train
nist_1613466	train
nist_1613616	train
nist_1613623	train
nist_1613643	train
nist_1613829	train
nist_1613836	train
nist_1613840	train
nist_1613929	train
nist_1613941	train
nist_1614007	train
nist_1614009	train
nist_1614190	train
nist_1614198	train
nist_1614220	train
nist_1614230	train
nist_1614232	train
nist_1614237	train
nist_1614242	train
nist_1614256	train
nist_1614375	train
nist_1614383	train
nist_1614386	train
nist_1614393	train
nist_1614396	train
nist_1614410	train
nist_1614415	train
nist_1615043	train
nist_1615057	train
nist_1615065	train
nist_1615078	train
nist_1615189	train
nist_1615203	train
nist_1615212	train
nist_1615223	train
nist_1615573	train
nist_1615583	train
nist_1616361	train
nist_1616376	train
nist_1616407	train
nist_1616960	train
nist_1616976	train
nist_1617063	train
nist_1617077	train
nist_1617334	train
nist_1617346	train
nist_1617376	train
nist_1617390	train
nist_1617394	train
nist_1617398	train
nist_1617790	train
nist_1617802	train
nist_1617806	train
nist_1617812	train
nist_1618103	train
nist_1618119	train
nist_1618123	train
nist_1618135	train
nist_1618379	train
nist_1618393	train
nist_1618402	train
nist_1618407	train
nist_1618740	train
nist_1618742	train
nist_1619234	train
nist_1619249	train
nist_1619253	train
nist_1619266	train
nist_1619329	train
nist_1619339	train
nist_1619348	train
nist_1619351	train
nist_1619489	train
nist_1619504	train
nist_1620010	train
nist_1620024	train
nist_1620029	train
nist_1620042	train
nist_1620730	train
nist_1620744	train
nist_1620752	train
nist_1620880	train
nist_1620892	train
nist_1621130	train
nist_1621143	train
nist_1621342	train
nist_1621354	train
nist_1621369	train
nist_1621382	train
nist_1621875	train
nist_1621892	train
nist_1621921	train
nist_1621929	train
nist_1621931	train
nist_1621940	train
nist_1621958	train
nist_1621964	train
nist_1621966	train
nist_1621981	train
nist_1621992	train
nist_1621995	train
nist_1621997	train
nist_1622010	train
nist_1622016	train
nist_1622018	train
nist_1622027	train
nist_1622055	train
nist_1622061	train
nist_1622993	train
nist_1623007	train
nist_1624661	train
nist_1624676	train
nist_1624698	train
nist_1624710	train
nist_1625428	train
nist_1625439	train
nist_1625701	train
nist_1625705	train
nist_1626476	train
nist_1626484	train
nist_1627605	train
nist_1627618	train
nist_1627622	train
nist_1627627	train
nist_1628556	train
nist_1628569	train
nist_1628575	train
nist_1628587	train
nist_1628878	train
nist_1628892	train
nist_1628926	train
nist_1628937	train
nist_1631456	train
nist_1631470	train
nist_1631829	train
nist_1631843	train
nist_1632360	train
nist_1632377	train
nist_1632570	train
nist_1632579	train
nist_1632962	train
nist_1632970	train
nist_1633670	train
nist_1633684	train
nist_1634037	train
nist_1634050	train
nist_1635913	train
nist_1635920	train
nist_1636141	train
nist_1636149	train
nist_1636756	train
nist_1636912	train
nist_1636922	train
nist_1637238	train
nist_1637245	train
nist_1637341	train
nist_1637350	train
nist_1639092	train
nist_1639100	train
nist_1639457	train
nist_1639465	train
nist_1640479	train
nist_1640493	train
nist_1641014	train
nist_1641030	train
nist_1641522	train
nist_1641528	train
nist_1641651	train
nist_1641657	train
nist_1641751	train
nist_1641760	train
nist_1642128	train
nist_1642142	train
nist_1642257	train
nist_1642266	train
nist_1642400	train
nist_1642415	train
nist_1642785	train
nist_1642798	train
nist_1642830	train
nist_1642832	train
nist_1642843	train
nist_1642872	train
nist_1642882	train
nist_1642969	train
nist_1642980	train
nist_1642982	train
nist_1642994	train
nist_1643047	train
nist_1643062	train
nist_1643081	train
nist_1643094	train
nist_1643112	train
nist_1643126	train
nist_1643173	train
nist_1643185	train
nist_1643294	train
nist_1643309	train
nist_1643311	train
nist_1643326	train
nist_1643680	train
nist_1643694	train
nist_1643700	train
nist_1643702	train
nist_1644105	train
nist_1644118	train
nist_1644156	train
nist_1644167	train
nist_1646061	train
nist_1646077	train
nist_1646156	train
nist_1646171	train
nist_1646570	train
nist_1646580	train
nist_1646582	train
nist_1646595	train
nist_1648035	train
nist_1648047	train
nist_1648050	train
nist_1648060	train
nist_1648188	train
nist_1648203	train
nist_1648343	train
nist_1648358	train
nist_1648370	train
nist_1648379	train
nist_1648381	train
nist_1648394	train
nist_1648407	train
nist_1650077	train
nist_1650079	train
nist_1650081	train
nist_1650096	train
nist_1650118	train
nist_1650134	train
nist_1650983	train
nist_1650997	train
nist_1651006	train
nist_1651178	train
nist_1651186	train
nist_1651188	train
nist_1651198	train
nist_1652338	train
nist_1652342	train
nist_1652806	train
nist_1652818	train
nist_1653142	train
nist_1653155	train
nist_1653159	train
nist_1653225	train
nist_1653240	train
nist_1653247	train
nist_1653262	train
nist_1653368	train
nist_1653380	train
nist_1653617	train
nist_1653628	train
nist_1653645	train
nist_1653662	train
nist_1653901	train
nist_1653907	train
nist_1653919	train
nist_1653929	train
nist_1654198	train
nist_1654210	train
nist_1654217	train
nist_1654230	train
nist_1654488	train
nist_1654500	train
nist_1654989	train
nist_1655000	train
nist_1655020	train
nist_1655863	train
nist_1655879	train
nist_1656080	train
nist_1656097	train
nist_1656117	train
nist_1656122	train
nist_1656587	train
nist_1656603	train
nist_1656627	train
nist_1656642	train
nist_1656665	train
nist_1656680	train
nist_1656696	train
nist_1656702	train
nist_1656736	train
nist_1656750	train
nist_1656861	train
nist_1656875	train
nist_1657066	train
nist_1657079	train
nist_1657086	train
nist_1657093	train
nist_1657409	train
nist_1657423	train
nist_1657445	train
nist_1657454	train
nist_1657705	train
nist_1657718	train
nist_1657726	train
nist_1657737	train
nist_1658366	train
nist_1658409	train
nist_1658421	train
nist_1658425	train
nist_1658435	train
nist_1658495	train
nist_1658503	train
nist_1658527	train
nist_1658539	train
nist_1658555	train
nist_1658566	train
nist_1658712	train
nist_1658722	train
nist_1658741	train
nist_1658756	train
nist_1658761	train
nist_1658766	train
nist_1659256	train
nist_1659270	train
nist_1659275	train
nist_1659294	train
nist_1660070	train
nist_1660085	train
nist_1660120	train
nist_1660157	train
nist_1660171	train
nist_1660173	train
nist_1660177	train
nist_1660488	train
nist_1660497	train
nist_1660667	train
nist_1660679	train
nist_1660695	train
nist_1660707	train
nist_1661357	train
nist_1661373	train
nist_1661740	train
nist_1661754	train
nist_1661781	train
nist_1661796	train
nist_1662397	train
nist_1662415	train
nist_1662431	train
nist_1663039	train
nist_1663045	train
nist_1663047	train
nist_1663354	train
nist_1663369	train
nist_1663376	train
nist_1663385	train
nist_1663454	train
nist_1663465	train
nist_1663480	train
nist_1663493	train
nist_1663643	train
nist_1663656	train
nist_1663662	train
nist_1663672	train
nist_1664309	train
nist_1664320	train
nist_1665215	train
nist_1665228	train
nist_1665233	train
nist_1665237	train
nist_1665626	train
nist_1665637	train
nist_1665651	train
nist_1665663	train
nist_1666317	train
nist_1666644	train
nist_1666658	train
nist_1666834	train
nist_1666843	train
nist_1666857	train
nist_1666984	train
nist_1666998	train
nist_1667081	train
nist_1667090	train
nist_1667395	train
nist_1667407	train
nist_1667428	train
nist_1667441	train
nist_1668502	train
nist_1668506	train
nist_1668517	train
nist_1670296	train
nist_1670313	train
nist_1670340	train
nist_1670353	train
nist_1670718	train
nist_1670731	train
nist_1670995	train
nist_1671006	train
nist_1671262	train
nist_1671275	train
nist_1671297	train
nist_1671307	train
nist_1671367	train
nist_1671381	train
nist_1671405	train
nist_1671411	train
nist_1671416	train
nist_1671430	train
nist_1671460	train
nist_1671470	train
nist_1672053	train
nist_1672065	train
nist_1672077	train
nist_1672087	train
nist_1672709	train
nist_1672722	train
nist_1672742	train
nist_1672744	train
nist_1672953	train
nist_1672966	train
nist_1672989	train
nist_1673038	train
nist_1673053	train
nist_1673090	train
nist_1673101	train
nist_1673315	train
nist_1673324	train
nist_1673337	train
nist_1673349	train
nist_1675245	train
nist_1675291	train
nist_1675297	train
nist_1675746	train
nist_1675771	train
nist_1675785	train
nist_1675838	train
nist_1676779	train
nist_1676794	train
nist_1676800	train
nist_1676814	train
nist_1677086	train
nist_1677092	train
nist_1677101	train
nist_1677113	train
nist_1677216	train
nist_1677231	train
nist_1677264	train
nist_1677853	train
nist_1677860	train
nist_1677862	train
nist_1677885	train
nist_1678083	train
nist_1678100	train
nist_1679395	train
nist_1679405	train
nist_1679418	train
nist_1679430	train
nist_1680859	train
nist_1680869	train
nist_1681009	train
nist_1681020	train
nist_1681052	train
nist_1682374	train
nist_1682382	train
nist_1682553	train
nist_1682570	train
nist_1682647	train
nist_1682658	train
nist_1683116	train
nist_1683127	train
nist_1683502	train
nist_1683516	train
nist_1683897	train
nist_1683908	train
nist_1684057	train
nist_1684071	train
nist_1684193	train
nist_1684204	train
nist_1684305	train
nist_1684314	train
nist_1684362	train
nist_1684372	train
nist_1684379	train
nist_1684393	train
nist_1684745	train
nist_1684754	train
nist_1687108	train
nist_1687124	train
nist_1687174	train
nist_1687190	train
nist_1687336	train
nist_1687342	train
nist_1687346	train
nist_1687359	train
nist_1687628	train
nist_1687641	train
nist_1687778	train
nist_1687790	train
nist_1687797	train
nist_1689251	train
nist_1689260	train
nist_1689551	train
nist_1689564	train
nist_1690148	train
nist_1690162	train
nist_1690410	train
nist_1690421	train
nist_1691083	train
nist_1691097	train
nist_1691198	train
nist_1691209	train
nist_1691607	train
nist_1691613	train
nist_1691661	train
nist_1691671	train
nist_1691938	train
nist_1691952	train
nist_1692125	train
nist_1692342	train
nist_1692354	train
nist_1692446	train
nist_1692457	train
nist_1692497	train
nist_1692509	train
nist_1692732	train
nist_1692743	train
nist_1692864	train
nist_1692875	train
nist_1692879	train
nist_1692891	train
nist_1693212	train
nist_1693224	train
nist_1693461	train
nist_1693477	train
nist_1693585	train
nist_1693593	train
nist_1694024	train
nist_1694030	train
nist_1694046	train
nist_1694052	train
nist_1694095	train
nist_1694106	train
nist_1694177	train
nist_1694188	train
nist_1694626	train
nist_1694638	train
nist_1694867	train
nist_1694878	train
nist_1694986	train
nist_1694995	train
nist_1694996	train
nist_1695007	train
nist_1695297	train
nist_1695306	train
nist_1695559	train
nist_1695572	train
nist_1695697	train
nist_1695707	train
nist_1695717	train
nist_1695724	train
nist_1695789	train
nist_1695802	train
nist_1695961	train
nist_1695972	train
nist_1696035	train
nist_1696047	train
nist_1696488	train
nist_1696502	train
nist_1696509	train
nist_1696534	train
nist_1696719	train
nist_1696729	train
nist_1696801	train
nist_1696913	train
nist_1696927	train
nist_1696950	train
nist_1696964	train
nist_1696980	train
nist_1696993	train
nist_1697055	train
nist_1697066	train
nist_1699424	train
nist_1699436	train
nist_1699570	train
nist_1699583	train
nist_1699605	train
nist_1699689	train
nist_1699704	train
nist_1699876	train
nist_1699887	train
nist_1700018	train
nist_1700022	train
nist_1700026	train
nist_1700034	train
nist_1700099	train
nist_1700112	train
nist_1700139	train
nist_1700175	train
nist_1700417	train
nist_1700427	train
nist_1700536	train
nist_1700704	train
nist_1700715	train
nist_1701152	train
nist_1701165	train
nist_1701245	train
nist_1701382	train
nist_1701610	train
nist_1701623	train
nist_1701745	train
nist_1701759	train
nist_1702029	train
nist_1702039	train
nist_1702058	train
nist_1702074	train
nist_1702177	train
nist_1703056	train
nist_1703064	train
nist_1703068	train
nist_1703573	train
nist_1703587	train
nist_1703616	train
nist_1703633	train
nist_1704313	train
nist_1704324	train
nist_1704326	train
nist_1704338	train
nist_1705306	train
nist_1705321	train
nist_1705493	train
nist_1705506	train
nist_1705513	train
nist_1705525	train
nist_1707043	train
nist_1707058	train
nist_1707061	train
nist_1707076	train
nist_1709213	train
nist_1709700	train
nist_1709714	train
nist_1709841	train
nist_1709855	train
nist_1709907	train
nist_1709919	train
nist_1710305	train
nist_1710320	train
nist_1710389	train
nist_1710404	train
nist_1710409	train
nist_1710417	train
nist_1710592	train
nist_1710602	train
nist_1710612	train
nist_1710694	train
nist_1710706	train
nist_1711307	train
nist_1711317	train
nist_1711607	train
nist_1711786	train
nist_1711799	train
nist_1711866	train
nist_1711872	train
nist_1712935	train
nist_1712943	train
nist_1713250	train
nist_1713265	train
nist_1713281	train
nist_1713284	train
nist_1715056	train
nist_1715072	train
nist_1715115	train
nist_1715124	train
nist_1715876	train
nist_1715890	train
nist_1715908	train
nist_1715910	train
nist_1718152	train
nist_1718164	train
nist_1719111	train
nist_1721375	train
nist_1721386	train
nist_1721388	train
nist_1721398	train
nist_1724539	train
nist_1724553	train
nist_1724557	train
nist_1724574	train
nist_1727226	train
nist_1727239	train
nist_1727253	train
nist_1727257	train
nist_1727372	train
nist_1727384	train
nist_1728148	train
nist_1728162	train
nist_1728180	train
nist_1728406	train
nist_1728423	train
nist_1728426	train
nist_1728440	train
nist_1764357	train
nist_1764369	train
nist_1764371	train
nist_1764570	train
nist_1764583	train
nist_1764586	train
nist_1765189	train
nist_1765191	train
nist_1765199	train
nist_1765466	train
nist_1765475	train
nist_1765946	train
nist_1765954	train
nist_1765958	train
nist_1766793	train
nist_1766802	train
nist_1767063	train
nist_1767076	train
nist_1767079	train
nist_1767091	train
nist_1767276	train
nist_1767287	train
nist_1767289	train
nist_1767771	train
nist_1767780	train
nist_1776504	train
nist_1776517	train
nist_1776519	train
nist_1776534	train
nist_1779027	train
nist_1779040	train
nist_1779046	train
nist_1779054	train
nist_1779091	train
nist_1779107	train
nist_1779424	train
nist_1779433	train
nist_1779470	train
nist_1779480	train
nist_1779486	train
nist_1779496	train
nist_1779644	train
nist_1779661	train
nist_1779798	train
nist_1780161	train
nist_1780167	train
nist_1780174	train
nist_1780521	train
nist_1780534	train
nist_1780538	train
nist_1782426	train
nist_1782442	train
nist_1782469	train
nist_1782483	train
nist_1784278	train
nist_1784286	train
nist_1784428	train
nist_1784440	train
nist_1784446	train
nist_1784451	train
nist_1784481	train
nist_1784493	train
nist_1785079	train
nist_1785091	train
nist_1785152	train
nist_1785166	train
nist_1785277	train
nist_1785284	train
nist_1785293	train
nist_1785424	train
nist_1785437	train
nist_1785443	train
nist_1785449	train
nist_1785891	train
nist_1785904	train
nist_1785927	train
nist_1785938	train
nist_1786252	train
nist_1786267	train
nist_1786271	train
nist_1786281	train
nist_1786319	train
nist_1786334	train
nist_1786352	train
nist_1786355	train
nist_1786604	train
nist_1786626	train
nist_1786628	train
nist_1786630	train
nist_1786643	train
nist_1786798	train
nist_1786809	train
nist_1787081	train
nist_1787093	train
nist_1787331	train
nist_1787342	train
nist_1788300	train
nist_1788312	train
nist_1788659	train
nist_1788676	train
nist_1788697	train
nist_1788710	train
nist_1789645	train
nist_1789661	train
nist_1789709	train
nist_1789720	train
nist_1789884	train
nist_1789897	train
nist_1789918	train
nist_1789927	train
nist_1790970	train
nist_1790982	train
nist_1790989	train
nist_1790999	train
nist_1792388	train
nist_1792397	train
nist_1792419	train
nist_1792425	train
nist_1792428	train
nist_1792443	train
nist_1792446	train
nist_1792452	train
nist_1792564	train
nist_1792570	train
nist_1792579	train
nist_1795792	train
nist_1795802	train
nist_1795813	train
nist_1795824	train
nist_1796523	train
nist_1796532	train
nist_1796538	train
nist_1796544	train
nist_1797180	train
nist_1797198	train
nist_1797213	train
nist_1798499	train
nist_1798512	train
nist_1798521	train
nist_1798960	train
nist_1798972	train
nist_1799839	train
nist_1799852	train
nist_1800646	train
nist_1800662	train
nist_1800685	train
nist_1800699	train
nist_1800917	train
nist_1800927	train
nist_1800929	train
nist_1800935	train
nist_1800970	train
nist_1800984	train
nist_1801161	train
nist_1801173	train
nist_1801178	train
nist_1801190	train
nist_1801663	train
nist_1801672	train
nist_1801677	train
nist_1801691	train
nist_1801713	train
nist_1801726	train
nist_1801784	train
nist_1801798	train
nist_1802817	train
nist_1802834	train
nist_1802837	train
nist_1802853	train
nist_1803003	train
nist_1803015	train
nist_1803021	train
nist_1803033	train
nist_1803508	train
nist_1803517	train
nist_1803524	train
nist_1803541	train
nist_1804180	train
nist_1804207	train
nist_1804227	train
nist_1804524	train
nist_1804535	train
nist_1804540	train
nist_1804551	train
nist_1804561	train
nist_1804570	train
nist_1804587	train
nist_1804599	train
nist_1805048	train
nist_1805219	train
nist_1805231	train
nist_1805237	train
nist_1805248	train
nist_1805275	train
nist_1805288	train
nist_1805330	train
nist_1805343	train
nist_1805360	train
nist_1805372	train
nist_1805378	train
nist_1805383	train
nist_1806440	train
nist_1806455	train
nist_1806482	train
nist_1806487	train
nist_1806613	train
nist_1806624	train
nist_1806656	train
nist_1806669	train
nist_1806751	train
nist_1806760	train
nist_1806768	train
nist_1806781	train
nist_1807119	train
nist_1807130	train
nist_1807138	train
nist_1807148	train
nist_1807713	train
nist_1807730	train
nist_1807772	train
nist_1807786	train
nist_1808064	train
nist_1808066	train
nist_1808071	train
nist_1808077	train
nist_1808981	train
nist_1808989	train
nist_1808991	train
nist_1809008	train
nist_1809630	train
nist_1809646	train
nist_1809670	train
nist_1809679	train
nist_1809760	train
nist_1809768	train
nist_1809776	train
nist_1809877	train
nist_1809891	train
nist_1809900	train
nist_1809911	train
nist_1809971	train
nist_1809987	train
nist_1809992	train
nist_1810008	train
nist_1810028	train
nist_1810042	train
nist_1810044	train
nist_1810056	train
nist_1810595	train
nist_1810606	train
nist_1810687	train
nist_1810693	train
nist_1810695	train
nist_1810700	train
nist_1810712	train
nist_1811326	train
nist_1811341	train
nist_1811346	train
nist_1811356	train
nist_1811362	train
nist_1811373	train
nist_1811393	train
nist_1811404	train
nist_1812196	train
nist_1812211	train
nist_1812410	train
nist_1812422	train
nist_1812424	train
nist_1812437	train
nist_1812469	train
nist_1812480	train
nist_1812494	train
nist_1812864	train
nist_1812879	train
nist_1812881	train
nist_1812884	train
nist_1813443	train
nist_1813453	train
nist_1813470	train
nist_1813480	train
nist_1813701	train
nist_1813708	train
nist_1813730	train
nist_1813741	train
nist_1813827	train
nist_1813843	train
nist_1813846	train
nist_1813857	train
nist_1814119	train
nist_1814233	train
nist_1814244	train
nist_1814268	train
nist_1814282	train
nist_1814789	train
nist_1814803	train
nist_1814911	train
nist_1815808	train
nist_1815821	train
nist_1815829	train
nist_1815842	train
nist_1816398	train
nist_1816414	train
nist_1816554	train
nist_1816659	train
nist_1816675	train
nist_1817447	train
nist_1817461	train
nist_1817467	train
nist_1817479	train
nist_1817799	train
nist_1817814	train
nist_1817857	train
nist_1817872	train
nist_1817886	train
nist_1817906	train
nist_1818136	train
nist_1818440	train
nist_1818454	train
nist_1818483	train
nist_1818497	train
nist_1819895	train
nist_1819908	train
nist_1819917	train
nist_1819918	train
nist_1820789	train
nist_1820872	train
nist_1820887	train
nist_1820893	train
nist_1820905	train
nist_1821073	train
nist_1821089	train
nist_1821138	train
nist_1821151	train
nist_1821153	train
nist_1821163	train
nist_1821186	train
nist_1821192	train
nist_1821295	train
nist_1821299	train
nist_1821310	train
nist_1821780	train
nist_1821862	train
nist_1821873	train
nist_1822469	train
nist_1822484	train
nist_1822490	train
nist_1823014	train
nist_1823027	train
nist_1823063	train
nist_1823076	train
nist_1823855	train
nist_1823870	train
nist_1823877	train
nist_1823892	train
nist_1824031	train
nist_1824040	train
nist_1824409	train
nist_1824847	train
nist_1824861	train
nist_1825211	train
nist_1825218	train
nist_1825232	train
nist_1825995	train
nist_1826006	train
nist_1826013	train
nist_1826015	train
nist_1826050	train
nist_1826062	train
nist_1826511	train
nist_1826519	train
nist_1826530	train
nist_1826540	train
nist_1826927	train
nist_1826941	train
nist_1826953	train
nist_1827023	train
nist_1827029	train
nist_1827033	train
nist_1829165	train
nist_1829175	train
nist_1829179	train
nist_1829190	train
nist_1830290	train
nist_1830296	train
nist_1830301	train
nist_1830307	train
nist_1830328	train
nist_1830342	train
nist_1830374	train
nist_1830383	train
nist_1830865	train
nist_1830887	train
nist_1831044	train
nist_1831056	train
nist_1831082	train
nist_1831095	train
nist_1831363	train
nist_1831374	train
nist_1831377	train
nist_1831390	train
nist_1831431	train
nist_1831433	train
nist_1831463	train
nist_1831475	train
nist_1831482	train
nist_1831985	train
nist_1831999	train
nist_1832004	train
nist_1832016	train
nist_1832146	train
nist_1832994	train
nist_1833003	train
nist_1833193	train
nist_1833195	train
nist_1833205	train
nist_1833212	train
nist_1833234	train
nist_1833252	train
nist_1833265	train
nist_1833412	train
nist_1833421	train
nist_1833436	train
nist_1833446	train
nist_1834529	train
nist_1834542	train
nist_1834567	train
nist_1834579	train
nist_1835545	train
nist_1835560	train
nist_1835566	train
nist_1835573	train
nist_1835662	train
nist_1835679	train
nist_1835683	train
nist_1835693	train
nist_1836504	train
nist_1836520	train
nist_1836525	train
nist_1836538	train
nist_1836631	train
nist_1836641	train
nist_1836645	train
nist_1836720	train
nist_1836727	train
nist_1836730	train
nist_1836905	train
nist_1836915	train
nist_1836931	train
nist_1836940	train
nist_1837290	train
nist_1837301	train
nist_1837306	train
nist_1837327	train
nist_1837337	train
nist_1837343	train
nist_1837354	train
nist_1839710	train
nist_1839726	train
nist_1839730	train
nist_1839740	train
nist_1840276	train
nist_1840287	train
nist_1840301	train
nist_1840308	train
nist_1841292	train
nist_1841296	train
nist_1841300	train
nist_1841301	train
nist_1841359	train
nist_1841370	train
nist_1841395	train
nist_1841404	train
nist_1842419	train
nist_1842429	train
nist_1842431	train
nist_1842446	train
nist_1842569	train
nist_1842582	train
nist_1842589	train
nist_1842595	train
nist_1844348	train
nist_1844360	train
nist_1844383	train
nist_1844398	train
nist_1844403	train
nist_1844405	train
nist_1844422	train
nist_1844700	train
nist_1844711	train
nist_1844717	train
nist_1844726	train
nist_1844735	train
nist_1844747	train
nist_1844902	train
nist_1844916	train
nist_1844945	train
nist_1845449	train
nist_1845460	train
nist_1845466	train
nist_1845473	train
nist_1845591	train
nist_1845602	train
nist_1845611	train
nist_1845619	train
nist_1846048	train
nist_1846064	train
nist_1846088	train
nist_1846102	train
nist_1846138	train
nist_1846151	train
nist_1846161	train
nist_1846166	train
nist_1846574	train
nist_1846590	train
nist_1846627	train
nist_1846639	train
nist_1846877	train
nist_1846889	train
nist_1846915	train
nist_1846927	train
nist_1847030	train
nist_1847043	train
nist_1847069	train
nist_1847081	train
nist_1848048	train
nist_1848063	train
nist_1848067	train
nist_1848080	train
nist_1848324	train
nist_1848333	train
nist_1848335	train
nist_1848349	train
nist_1848377	train
nist_1848380	train
nist_1848556	train
nist_1848569	train
nist_1848983	train
nist_1848994	train
nist_1848999	train
nist_1849011	train
nist_1849016	train
nist_1849018	train
nist_1849030	train
nist_1849573	train
nist_1849587	train
nist_1849612	train
nist_1849625	train
nist_1852096	train
nist_1852113	train
nist_1852153	train
nist_1852164	train
nist_1852430	train
nist_1852443	train
nist_1852452	train
nist_1852466	train
nist_1853085	train
nist_1853096	train
nist_1853129	train
nist_1853140	train
nist_1854630	train
nist_1855059	train
nist_1855064	train
nist_1855090	train
nist_1855099	train
nist_1856433	train
nist_1856693	train
nist_1858122	train
nist_1858134	train
nist_1858163	train
nist_1858175	train
nist_1858679	train
nist_1858689	train
nist_1858703	train
nist_1858712	train
nist_1858727	train
nist_1858729	train
nist_1858755	train
nist_1858902	train
nist_1858910	train
nist_1858913	train
nist_1859144	train
nist_1859154	train
nist_1859159	train
nist_1860267	train
nist_1860276	train
nist_1860889	train
nist_1860897	train
nist_1860901	train
nist_1861260	train
nist_1861273	train
nist_1861276	train
nist_1861842	train
nist_1861852	train
nist_1861858	train
nist_1861867	train
nist_1862181	train
nist_1862191	train
nist_1862211	train
nist_1862682	train
nist_1862695	train
nist_1862729	train
nist_1862735	train
nist_1864411	train
nist_1864419	train
nist_1864422	train
nist_1864424	train
nist_1864427	train
nist_1864437	train
nist_1864449	train
nist_1864454	train
nist_1864464	train
nist_1864467	train
nist_1864469	train
nist_1865117	train
nist_1865128	train
nist_1865144	train
nist_1865497	train
nist_1865510	train
nist_1865527	train
nist_1865532	train
nist_1865632	train
nist_1865643	train
nist_1865656	train
nist_1865664	train
nist_1866280	train
nist_1866292	train
nist_1866297	train
nist_1866308	train
nist_1866435	train
nist_1866448	train
nist_1866482	train
nist_1866807	train
nist_1866819	train
nist_1866852	train
nist_1868142	train
nist_1868155	train
nist_1868161	train
nist_1868171	train
nist_1868768	train
nist_1868779	train
nist_1868786	train
nist_1868789	train
nist_1868801	train
nist_1868814	train
nist_1868841	train
nist_1868854	train
nist_1868862	train
nist_1868870	train
nist_1869280	train
nist_1869289	train
nist_1869584	train
nist_1869586	train
nist_1869742	train
nist_1869745	train
nist_1869749	train
nist_1869979	train
nist_1870123	train
nist_1870423	train
nist_1870438	train
nist_1870453	train
nist_1870473	train
nist_1870477	train
nist_1870529	train
nist_1870531	train
nist_1870604	train
nist_1870616	train
nist_1870618	train
nist_1870628	train
nist_1870639	train
nist_1870662	train
nist_1870673	train
nist_1870700	train
nist_1870702	train
nist_1870782	train
nist_1870791	train
nist_1870794	train
nist_1870803	train
nist_1870929	train
nist_1870931	train
nist_1870941	train
nist_1870988	train
nist_1871408	train
nist_1871411	train
nist_1871413	train
nist_1871426	train
nist_1871467	train
nist_1871476	train
nist_1871635	train
nist_1871647	train
nist_1871653	train
nist_1871663	train
nist_1871681	train
nist_1871692	train
nist_1871697	train
nist_1871706	train
nist_1872028	train
nist_1872039	train
nist_1872070	train
nist_1872084	train
nist_1872094	train
nist_1872097	train
nist_1875286	train
nist_1875300	train
nist_1875308	train
nist_1875564	train
nist_1875576	train
nist_1875597	train
nist_1875609	train
nist_1875623	train
nist_1875628	train
nist_1876384	train
nist_1876396	train
nist_1876411	train
nist_1876412	train
nist_1876419	train
nist_1876420	train
nist_1876426	train
nist_1876427	train
nist_1876428	train
nist_1876437	train
nist_1876637	train
nist_1876647	train
nist_1876651	train
nist_1876659	train
nist_1876670	train
nist_1876681	train
nist_1876691	train
nist_1876978	train
nist_1876993	train
nist_1877013	train
nist_1877022	train
nist_1885616	train
nist_1886157	train
nist_1886169	train
nist_1886181	train
nist_1886302	train
nist_1886313	train
nist_1886316	train
nist_1886403	train
nist_1886415	train
nist_1886432	train
nist_1886798	train
nist_1886807	train
nist_1886809	train
nist_1886820	train
nist_1887482	train
nist_1887494	train
nist_1887574	train
nist_1887589	train
nist_1887596	train
nist_1888611	train
nist_1888623	train
nist_1888630	train
nist_1888650	train
nist_1889440	train
nist_1889542	train
nist_1889556	train
nist_1889564	train
nist_1890069	train
nist_1890082	train
nist_1890109	train
nist_1890239	train
nist_1890252	train
nist_1890606	train
nist_1890615	train
nist_1890624	train
nist_1890633	train
nist_1891764	train
nist_1891785	train
nist_1891796	train
nist_1891821	train
nist_1891823	train
nist_1891869	train
nist_1891873	train
nist_1891907	train
nist_1891911	train
nist_1891931	train
nist_1892060	train
nist_1892072	train
nist_1892947	train
nist_1892961	train
nist_1892985	train
nist_1892989	train
nist_1894793	train
nist_1894804	train
nist_1894821	train
nist_1894834	train
nist_1894845	train
nist_1894851	train
nist_1894994	train
nist_1895008	train
nist_1895044	train
nist_1895055	train
nist_1895136	train
nist_1895151	train
nist_1895155	train
nist_1895169	train
nist_1895302	train
nist_1895317	train
nist_1895512	train
nist_1895826	train
nist_1895841	train
nist_1895916	train
nist_1895928	train
nist_1895937	train
nist_1895980	train
nist_1895993	train
nist_1896000	train
nist_1896021	train
nist_1896036	train
nist_1896062	train
nist_1896253	train
nist_1896265	train
nist_1896267	train
nist_1896363	train
nist_1896377	train
nist_1896417	train
nist_1896421	train
nist_1896433	train
nist_1896441	train
nist_1896445	train
nist_1896557	train
nist_1896569	train
nist_1896575	train
nist_1896919	train
nist_1896933	train
nist_1896955	train
nist_1896966	train
nist_1897034	train
nist_1897046	train
nist_1897052	train
nist_1897062	train
nist_1897068	train
nist_1897075	train
nist_1897146	train
nist_1897159	train
nist_1897177	train
nist_1897362	train
nist_1897367	train
nist_1897401	train
nist_1897411	train
nist_1897470	train
nist_1897556	train
nist_1897571	train
nist_1897584	train
nist_1897594	train
nist_1897606	train
nist_1897613	train
nist_1898280	train
nist_1898293	train
nist_1898315	train
nist_1898327	train
nist_1898335	train
nist_1898796	train
nist_1898857	train
nist_1898872	train
nist_1898897	train
nist_1899337	train
nist_1899352	train
nist_1899649	train
nist_1899663	train
nist_1899685	train
nist_1900647	train
nist_1900661	train
nist_1900677	train
nist_1901080	train
nist_1901092	train
nist_1901762	train
nist_1901775	train
nist_1901997	train
nist_1902011	train
nist_1902017	train
nist_1902022	train
nist_1903090	train
nist_1903104	train
nist_1903127	train
nist_1903286	train
nist_1903300	train
nist_1903304	train
nist_1903326	train
nist_1903339	train
nist_1903987	train
nist_1904001	train
nist_1904533	train
nist_1904534	train
nist_1904535	train
nist_1904691	train
nist_1904701	train
nist_1904706	train
nist_1904713	train
nist_1904718	train
nist_1904729	train
nist_1905166	train
nist_1905177	train
nist_1905211	train
nist_1905222	train
nist_1905429	train
nist_1905434	train
nist_1905448	train
nist_1905687	train
nist_1905701	train
nist_1905717	train
nist_1905970	train
nist_1905984	train
nist_1905985	train
nist_1905986	train
nist_1905987	train
nist_1905988	train
nist_1905997	train
nist_1906057	train
nist_1906065	train
nist_1906074	train
nist_1906101	train
nist_1906113	train
nist_1906130	train
nist_1906139	train
nist_1907001	train
nist_1907011	train
nist_1907024	train
nist_1907035	train
nist_1907147	train
nist_1907158	train
nist_1907174	train
nist_1907181	train
nist_1907196	train
nist_1907203	train
nist_1907213	train
nist_1907246	train
nist_1907255	train
nist_1907258	train
nist_1907316	train
nist_1907534	train
nist_1907542	train
nist_1907545	train
nist_1907552	train
nist_1907630	train
nist_1907633	train
nist_1907640	train
nist_1907643	train
nist_1907655	train
nist_1907665	train
nist_1907677	train
nist_1907888	train
nist_1907894	train
nist_1907895	train
nist_1907905	train
nist_1907957	train
nist_1907963	train
nist_1907967	train
nist_1907979	train
nist_1907985	train
nist_1907991	train
nist_1908127	train
nist_1908128	train
nist_1908134	train
nist_1908140	train
nist_1908147	train
nist_1908163	train
nist_1908172	train
nist_1908382	train
nist_1908383	train
nist_1908387	train
nist_1908429	train
nist_1908430	train
nist_1908434	train
nist_1908435	train
nist_1908452	train
nist_1908458	train
nist_1908464	train
nist_1909056	train
nist_1909066	train
nist_1909076	train
nist_1909089	train
nist_1909095	train
nist_1909098	train
nist_1909102	train
nist_1909103	train
nist_1909108	train
nist_1909116	train
nist_1909136	train
nist_1909140	train
nist_1909148	train
nist_1909212	train
nist_1909226	train
nist_1909278	train
nist_1909287	train
nist_1909288	train
nist_1909290	train
nist_1909299	train
nist_1909308	train
nist_1909501	train
nist_1909511	train
nist_1909526	train
nist_1909560	train
nist_1909571	train
nist_1909586	train
nist_1909593	train
nist_1909769	train
nist_1909774	train
nist_1909775	train
nist_1909797	train
nist_1909808	train
nist_1909837	train
nist_1909849	train
nist_1909914	train
nist_1909925	train
nist_1909928	train
nist_1909937	train
nist_1909981	train
nist_1909982	train
nist_1909983	train
nist_1909985	train
nist_1910205	train
nist_1910220	train
nist_1910241	train
nist_1910254	train
nist_1910439	train
nist_1910453	train
nist_1910514	train
nist_1910528	train
nist_1910819	train
nist_1910824	train
nist_1910826	train
nist_1910841	train
nist_1910920	train
nist_1910927	train
nist_1910980	train
nist_1911223	train
nist_1911235	train
nist_1911421	train
nist_1911433	train
nist_1911591	train
nist_1911604	train
nist_1911635	train
nist_1911945	train
nist_1911959	train
nist_1911987	train
nist_1911996	train
nist_1912029	train
nist_1912030	train
nist_1912037	train
nist_1912109	train
nist_1912111	train
nist_1912115	train
nist_1912175	train
nist_1912177	train
nist_1912186	train
nist_1912221	train
nist_1912231	train
nist_1912274	train
nist_1912286	train
nist_1912341	train
nist_1912357	train
nist_1912367	train
nist_1912754	train
nist_1912760	train
nist_1912803	train
nist_1912806	train
nist_1912911	train
nist_1912918	train
nist_1912925	train
nist_1912931	train
nist_1913463	train
nist_1913471	train
nist_1913479	train
nist_1913489	train
nist_1913571	train
nist_1913581	train
nist_1913591	train
nist_1913644	train
nist_1913645	train
nist_1913652	train
nist_1913681	train
nist_1913693	train
nist_1913715	train
nist_1914174	train
nist_1914182	train
nist_1914236	train
nist_1914246	train
nist_1914454	train
nist_1914470	train
nist_1914485	train
nist_1914506	train
nist_1914516	train
nist_1914527	train
nist_1914529	train
nist_1914543	train
nist_1914552	train
nist_1914554	train
nist_1914642	train
nist_1914646	train
nist_1914659	train
nist_1916113	train
nist_1916115	train
nist_1916123	train
nist_1916215	train
nist_1916227	train
nist_1916232	train
nist_1916368	train
nist_1916378	train
nist_1916387	train
nist_1916394	train
nist_1916402	train
nist_1916415	train
nist_1916425	train
nist_1916529	train
nist_1916542	train
nist_1916567	train
nist_1916577	train
nist_1916590	train
nist_1916601	train
nist_1916726	train
nist_1916735	train
nist_1916777	train
nist_1916834	train
nist_1916844	train
nist_1916862	train
nist_1917037	train
nist_1917045	train
nist_1917048	train
nist_1917057	train
nist_1917062	train
nist_1917074	train
nist_1917408	train
nist_1917420	train
nist_1917469	train
nist_1917475	train
nist_1917508	train
nist_1917521	train
nist_1917547	train
nist_1917558	train
nist_1917947	train
nist_1917955	train
nist_1917988	train
nist_1918358	train
nist_1918378	train
nist_1918576	train
nist_1918584	train
nist_1918590	train
nist_1918593	train
nist_1918727	train
nist_1918740	train
nist_1919068	train
nist_1919080	train
nist_1919086	train
nist_1919098	train
nist_1919157	train
nist_1919168	train
nist_1919516	train
nist_1920045	train
nist_1920053	train
nist_1920055	train
nist_1920063	train
nist_1920291	train
nist_1920295	train
nist_1920297	train
nist_1920303	train
nist_1920622	train
nist_1920636	train
nist_1920646	train
nist_1921117	train
nist_1921132	train
nist_1921146	train
nist_1921170	train
nist_1921182	train
nist_1921190	train
nist_1921201	train
nist_1921211	train
nist_1921223	train
nist_1921233	train
nist_1921245	train
nist_1922080	train
nist_1922084	train
nist_1922094	train
nist_1922677	train
nist_1922689	train
nist_1922728	train
nist_1922733	train
nist_1923173	train
nist_1923205	train
nist_1923220	train
nist_1923245	train
nist_1923256	train
nist_1923259	train
nist_1923412	train
nist_1923423	train
nist_1923425	train
nist_1923435	train
nist_1923552	train
nist_1923560	train
nist_1923562	train
nist_1923570	train
nist_1923952	train
nist_1923974	train
nist_1923987	train
nist_1924006	train
nist_1924013	train
nist_1924015	train
nist_1924018	train
nist_1924204	train
nist_1924217	train
nist_1924226	train
nist_1924232	train
nist_1924234	train
nist_1924236	train
nist_1924237	train
nist_1924860	train
nist_1924870	train
nist_1924896	train
nist_1924905	train
nist_1924948	train
nist_1924953	train
nist_1924958	train
nist_1925487	train
nist_1925489	train
nist_1925490	train
nist_1925492	train
nist_1925493	train
nist_1925503	train
nist_1925750	train
nist_1925762	train
nist_1925781	train
nist_1925792	train
nist_1926224	train
nist_1926239	train
nist_1926256	train
nist_1926269	train
nist_1926274	train
nist_1926287	train
nist_1926307	train
nist_1926319	train
nist_1926333	train
nist_1926346	train
nist_1926363	train
nist_1926368	train
nist_1926525	train
nist_1926540	train
nist_1926565	train
nist_1926575	train
nist_1926713	train
nist_1926724	train
nist_1926727	train
nist_1927230	train
nist_1927240	train
nist_1927242	train
nist_1927249	train
nist_1927464	train
nist_1927477	train
nist_1927494	train
nist_1927507	train
nist_1927512	train
nist_1927524	train
nist_1927544	train
nist_1927555	train
nist_1927719	train
nist_1927723	train
nist_1927748	train
nist_1927759	train
nist_1928021	train
nist_1928032	train
nist_1928044	train
nist_1928058	train
nist_1928134	train
nist_1928148	train
nist_1928181	train
nist_1928189	train
nist_1928210	train
nist_1928220	train
nist_1928911	train
nist_1928923	train
nist_1928944	train
nist_1928956	train
nist_1929010	train
nist_1929025	train
nist_1929045	train
nist_1929057	train
nist_1929288	train
nist_1929300	train
nist_1929318	train
nist_1929349	train
nist_1929367	train
nist_1929438	train
nist_1929441	train
nist_1929443	train
nist_1930036	train
nist_1930041	train
nist_1930043	train
nist_1930054	train
nist_1931495	train
nist_1931507	train
nist_1931529	train
nist_1933195	train
nist_1933210	train
nist_1933212	train
nist_1933228	train
nist_1933348	train
nist_1933359	train
nist_1933392	train
nist_1933759	train
nist_1933770	train
nist_1933772	train
nist_1933787	train
nist_1934118	train
nist_1934129	train
nist_1934136	train
nist_1934150	train
nist_1935309	train
nist_1935324	train
nist_1935326	train
nist_1935343	train
nist_1936573	train
nist_1936586	train
nist_1936595	train
nist_1936607	train
nist_1936945	train
nist_1936958	train
nist_1936966	train
nist_1936977	train
nist_1937279	train
nist_1937292	train
nist_1937300	train
nist_1938758	train
nist_1938772	train
nist_1938808	train
nist_1938814	train
nist_1939121	train
nist_1939137	train
nist_1939184	train
nist_1939187	train
nist_1939391	train
nist_1939396	train
nist_1939401	train
nist_1939403	train
nist_1939977	train
nist_1939985	train
nist_1939992	train
nist_1940002	train
nist_1940574	train
nist_1940580	train
nist_1940591	train
nist_1940598	train
nist_1941072	train
nist_1941087	train
nist_1941115	train
nist_1941125	train
nist_1941135	train
nist_1941141	train
nist_1941143	train
nist_1941154	train
nist_1941157	train
nist_1941159	train
nist_1941166	train
nist_1941170	train
nist_1941178	train
nist_1941184	train
nist_1941186	train
nist_1941201	train
nist_1942351	train
nist_1942365	train
nist_1942386	train
nist_1942397	train
nist_1942606	train
nist_1942612	train
nist_1942618	train
nist_1942621	train
nist_1943213	train
nist_1943227	train
nist_1943276	train
nist_1943277	train
nist_1943292	train
nist_1943308	train
nist_1943318	train
nist_1943482	train
nist_1943496	train
nist_1943501	train
nist_1943517	train
nist_1944709	train
nist_1944715	train
nist_1944717	train
nist_1944729	train
nist_1945867	train
nist_1945882	train
nist_1945893	train
nist_1945904	train
nist_1946621	train
nist_1946633	train
nist_1946640	train
nist_1946647	train
nist_1946784	train
nist_1946797	train
nist_1946802	train
nist_1946812	train
nist_1946925	train
nist_1946931	train
nist_1946938	train
nist_1946951	train
nist_1947224	train
nist_1947232	train
nist_1947242	train
nist_1947249	train
nist_1947465	train
nist_1947480	train
nist_1947484	train
nist_1947494	train
nist_1947515	train
nist_1947527	train
nist_1947558	train
nist_1948016	train
nist_1948021	train
nist_1948029	train
nist_1948035	train
nist_1948572	train
nist_1948579	train
nist_1948588	train
nist_1948594	train
nist_1949268	train
nist_1949280	train
nist_1949303	train
nist_1949315	train
nist_1949350	train
nist_1949361	train
nist_1949406	train
nist_1949420	train
nist_1949636	train
nist_1949638	train
nist_1949647	train
nist_1949962	train
nist_1949966	train
nist_1949968	train
nist_1949979	train
nist_1949981	train
nist_1949994	train
nist_1950002	train
nist_1950007	train
nist_1950059	train
nist_1950072	train
nist_1950078	train
nist_1950091	train
nist_1950120	train
nist_1950123	train
nist_1950129	train
nist_1950819	train
nist_1950828	train
nist_1950838	train
nist_1950935	train
nist_1950952	train
nist_1950977	train
nist_1950993	train
nist_1951052	train
nist_1951066	train
nist_1951086	train
nist_1951099	train
nist_1952393	train
nist_1952397	train
nist_1952606	train
nist_1952622	train
nist_1952660	train
nist_1952844	train
nist_1952859	train
nist_1952872	train
nist_1952885	train
nist_1952909	train
nist_1952915	train
nist_1952922	train
nist_1952929	train
nist_1952931	train
nist_1952946	train
nist_1953521	train
nist_1953535	train
nist_1953558	train
nist_1953568	train
nist_1954961	train
nist_1954975	train
nist_1954983	train
nist_1954996	train
nist_1955343	train
nist_1955356	train
nist_1955374	train
nist_1955383	train
nist_1955833	train
nist_1955841	train
nist_1957735	train
nist_1957741	train
nist_1957754	train
nist_1957761	train
nist_1958151	train
nist_1958162	train
nist_1958180	train
nist_1958199	train
nist_1958206	train
nist_1958240	train
nist_1958252	train
nist_1959046	train
nist_1959050	train
nist_1959055	train
nist_1959067	train
nist_1959217	train
nist_1959219	train
nist_1959228	train
nist_1959801	train
nist_1959813	train
nist_1959816	train
nist_1959829	train
nist_1960001	train
nist_1960013	train
nist_1960022	train
nist_1960035	train
nist_1960103	train
nist_1960116	train
nist_1960128	train
nist_1960141	train
nist_1960234	train
nist_1960240	train
nist_1960252	train
nist_1961631	train
nist_1961645	train
nist_1961683	train
nist_1962477	train
nist_1962492	train
nist_1962535	train
nist_1962545	train
nist_1963264	train
nist_1963637	train
nist_1963653	train
nist_1963661	train
nist_1963669	train
nist_1963768	train
nist_1963780	train
nist_1963801	train
nist_1963815	train
nist_1964283	train
nist_1964293	train
nist_1964342	train
nist_1964359	train
nist_1964421	train
nist_1964429	train
nist_1964664	train
nist_1964680	train
nist_1964685	train
nist_1964697	train
nist_1965239	train
nist_1965250	train
nist_1965268	train
nist_1965282	train
nist_1965302	train
nist_1965319	train
nist_1965329	train
nist_1965339	train
nist_1966144	train
nist_1966161	train
nist_1966167	train
nist_1966177	train
nist_1966626	train
nist_1966638	train
nist_1966646	train
nist_1966939	train
nist_1966956	train
nist_1966976	train
nist_1966991	train
nist_1967109	train
nist_1967123	train
nist_1967128	train
nist_1967142	train
nist_1967495	train
nist_1967507	train
nist_1967527	train
nist_1967541	train
nist_1967645	train
nist_1967661	train
nist_1967685	train
nist_1967698	train
nist_1967921	train
nist_1967932	train
nist_1967934	train
nist_1967947	train
nist_1968168	train
nist_1968180	train
nist_1968511	train
nist_1968525	train
nist_1968529	train
nist_1968543	train
nist_1968839	train
nist_1968854	train
nist_1968857	train
nist_1968871	train
nist_1968890	train
nist_1968895	train
nist_1969167	train
nist_1969182	train
nist_1969246	train
nist_1969253	train
nist_1969496	train
nist_1969510	train
nist_1969575	train
nist_1969587	train
nist_1970004	train
nist_1970015	train
nist_1970031	train
nist_1970043	train
nist_1972434	train
nist_1972450	train
nist_1972463	train
nist_1972465	train
nist_1973008	train
nist_1973016	train
nist_1973030	train
nist_1973039	train
nist_1973079	train
nist_1973091	train
nist_1973117	train
nist_1973130	train
nist_1973156	train
nist_1973169	train
nist_1973548	train
nist_1973563	train
nist_1973585	train
nist_1973598	train
nist_1973861	train
nist_1973874	train
nist_1976310	train
nist_1976312	train
nist_1976328	train
nist_1976333	train
nist_1976909	train
nist_1976922	train
nist_1976947	train
nist_1977040	train
nist_1977057	train
nist_1977079	train
nist_1977082	train
nist_1977295	train
nist_1977307	train
nist_1977315	train
nist_1977331	train
nist_1977976	train
nist_1977988	train
nist_1977998	train
nist_1978008	train
nist_1978575	train
nist_1978588	train
nist_1978608	train
nist_1978617	train
nist_1978718	train
nist_1978734	train
nist_1978772	train
nist_1978783	train
nist_1979179	train
nist_1979194	train
nist_1979198	train
nist_1979207	train
nist_1979284	train
nist_1979296	train
nist_1982043	train
nist_1982052	train
nist_1982073	train
nist_1982082	train
nist_1984113	train
nist_1984126	train
nist_1984478	train
nist_1984485	train
nist_1984489	train
nist_1984501	train
nist_1987849	train
nist_1987864	train
nist_1987869	train
nist_1987882	train
nist_1988110	train
nist_1988120	train
nist_1988136	train
nist_1988163	train
nist_1988170	train
nist_1988182	train
nist_1988210	train
nist_1988220	train
nist_1988228	train
nist_1988235	train
nist_1988391	train
nist_1988407	train
nist_1988428	train
nist_1988436	train
nist_1988519	train
nist_1988531	train
nist_1988547	train
nist_1989240	train
nist_1989255	train
nist_1989311	train
nist_1989324	train
nist_1989418	train
nist_1989429	train
nist_1991321	train
nist_1991334	train
nist_1991340	train
nist_1991357	train
nist_1991463	train
nist_1991477	train
nist_1991510	train
nist_1991522	train
nist_1992423	train
nist_1992437	train
nist_1992461	train
nist_1992477	train
nist_1992758	train
nist_1992773	train
nist_1992914	train
nist_1993385	train
nist_1993395	train
nist_1993402	train
nist_1993404	train
nist_1994000	train
nist_1994008	train
nist_1994014	train
nist_1994024	train
nist_1994258	train
nist_1994264	train
nist_1994266	train
nist_1994273	train
nist_1994802	train
nist_1994813	train
nist_1994820	train
nist_1994830	train
nist_1994836	train
nist_1994848	train
nist_1994855	train
nist_1994866	train
nist_1994889	train
nist_1994903	train
nist_1994913	train
nist_1994927	train
nist_1994998	train
nist_1995013	train
nist_1995029	train
nist_1995043	train
nist_1995579	train
nist_1995595	train
nist_1995630	train
nist_1995636	train
nist_1995661	train
nist_1995675	train
nist_1995740	train
nist_1995754	train
nist_1995867	train
nist_1995882	train
nist_1995891	train
nist_1995904	train
nist_1996679	train
nist_1996694	train
nist_1996721	train
nist_1996729	train
nist_1996769	train
nist_1996774	train
nist_1996776	train
nist_1996785	train
nist_1996913	train
nist_1996927	train
nist_1996952	train
nist_1996964	train
nist_1996986	train
nist_1997267	train
nist_1997281	train
nist_1997302	train
nist_1997313	train
nist_1997789	train
nist_1997806	train
nist_1997808	train
nist_1997810	train
nist_1998202	train
nist_1998216	train
nist_1998248	train
nist_1998259	train
nist_1998278	train
nist_1998285	train
nist_1998302	train
nist_1998366	train
nist_1998367	train
nist_1998379	train
nist_1998460	train
nist_1998475	train
nist_1998490	train
nist_1998504	train
nist_1998515	train
nist_1998521	train
nist_1998528	train
nist_1998532	train
nist_1999048	train
nist_1999063	train
nist_1999082	train
nist_1999097	train
nist_1999842	train
nist_1999854	train
nist_1999896	train
nist_1999910	train
nist_3000153	train
nist_3000164	train
nist_3000171	train
nist_3001240	train
nist_3001242	train
nist_3001270	train
nist_3001271	train
nist_3001653	train
nist_3001668	train
nist_3001688	train
nist_3001700	train
nist_3001784	train
nist_3001796	train
nist_3001804	train
nist_3001809	train
nist_3002160	train
nist_3002170	train
nist_3002196	train
nist_3002207	train
nist_3002551	train
nist_3002555	train
nist_3002569	train
nist_3002699	train
nist_3002711	train
nist_3002719	train
nist_3002733	train
nist_3002737	train
nist_3002770	train
nist_3002772	train
nist_3002786	train
nist_3004335	train
nist_3004357	train
nist_3004371	train
nist_3004835	train
nist_3004848	train
nist_3004865	train
nist_3004878	train
nist_3005034	train
nist_3005048	train
nist_3005055	train
nist_3005108	train
nist_3005117	train
nist_3005119	train
nist_3005130	train
nist_3005520	train
nist_3005531	train
nist_3005542	train
nist_3005551	train
nist_3005614	train
nist_3005620	train
nist_3005622	train
nist_3005629	train
nist_3006097	train
nist_3006121	train
nist_3006122	train
nist_3006398	train
nist_3006402	train
nist_3006417	train
nist_3006749	train
nist_3006753	train
nist_3006761	train
nist_3006767	train
nist_3006888	train
nist_3006902	train
nist_3006908	train
nist_3006922	train
nist_3007711	train
nist_3007724	train
nist_3007745	train
nist_3007758	train
nist_3007800	train
nist_3007803	train
nist_3007805	train
nist_3007807	train
nist_3007994	train
nist_3008001	train
nist_3008003	train
nist_3008019	train
nist_3008463	train
nist_3008473	train
nist_3008481	train
nist_3008492	train
nist_3008611	train
nist_3008613	train
nist_3008621	train
nist_3010403	train
nist_3010415	train
nist_3010439	train
nist_3010454	train
nist_3010544	train
nist_3010555	train
nist_3010560	train
nist_3010566	train
nist_3011061	train
nist_3011071	train
nist_3011131	train
nist_3011144	train
nist_3011146	train
nist_3011158	train
nist_3011390	train
nist_3011644	train
nist_3012135	train
nist_3012147	train
nist_3012153	train
nist_3012158	train
nist_3012539	train
nist_3012552	train
nist_3012556	train
nist_3012565	train
nist_3012944	train
nist_3012948	train
nist_3012955	train
nist_3013342	train
nist_3013346	train
nist_3013359	train
nist_3013390	train
nist_3013399	train
nist_3013409	train
nist_3013952	train
nist_3013954	train
nist_3013966	train
nist_3014459	train
nist_3014463	train
nist_3014465	train
nist_3014471	train
nist_3014794	train
nist_3014804	train
nist_3014811	train
nist_3014823	train
nist_3015050	train
nist_3015060	train
nist_3015062	train
nist_3015072	train
nist_3015805	train
nist_3015819	train
nist_3015826	train
nist_3015837	train
nist_3016000	train
nist_3016004	train
nist_3016009	train
nist_3016062	train
nist_3016077	train
nist_3016083	train
nist_3016092	train
nist_3016280	train
nist_3016294	train
nist_3016298	train
nist_3016315	train
nist_3016558	train
nist_3016571	train
nist_3016595	train
nist_3016607	train
nist_3016710	train
nist_3016716	train
nist_3016739	train
nist_3016748	train
nist_3016919	train
nist_3016928	train
nist_3016935	train
nist_3016945	train
nist_3017266	train
nist_3017280	train
nist_3017285	train
nist_3017286	train
nist_3017321	train
nist_3017332	train
nist_3017341	train
nist_3017350	train
nist_3017451	train
nist_3017465	train
nist_3017469	train
nist_3017482	train
nist_3017768	train
nist_3017771	train
nist_3017774	train
nist_3017777	train
nist_3017779	train
nist_3017787	train
nist_3017957	train
nist_3017965	train
nist_3017979	train
nist_3018001	train
nist_3018010	train
nist_3018018	train
nist_3018027	train
nist_3018874	train
nist_3018886	train
nist_3018893	train
nist_3018897	train
nist_3019190	train
nist_3019195	train
nist_3019219	train
nist_3019232	train
nist_3020285	train
nist_3020296	train
nist_3020306	train
nist_3020315	train
nist_3020332	train
nist_3020335	train
nist_3020347	train
nist_3022545	train
nist_3022546	train
nist_3022548	train
nist_3023348	train
nist_3023353	train
nist_3023364	train
nist_3024800	train
nist_3024802	train
nist_3024804	train
nist_3024813	train
nist_3024912	train
nist_3024920	train
nist_3024926	train
nist_3024936	train
nist_3025005	train
nist_3025010	train
nist_3025022	train
nist_3025399	train
nist_3025409	train
nist_3025411	train
nist_3025427	train
nist_3025520	train
nist_3025534	train
nist_3025536	train
nist_3025543	train
nist_3025859	train
nist_3025870	train
nist_3025878	train
nist_3025889	train
nist_3026709	train
nist_3026726	train
nist_3026732	train
nist_3026748	train
nist_3026869	train
nist_3026878	train
nist_3027180	train
nist_3027191	train
nist_3027335	train
nist_3027336	train
nist_3027490	train
nist_3027504	train
nist_3027831	train
nist_3027846	train
nist_3027854	train
nist_3027871	train
nist_3027977	train
nist_3027991	train
nist_3028012	train
nist_3028024	train
nist_3028122	train
nist_3028137	train
nist_3028342	train
nist_3028354	train
nist_3028369	train
nist_3028381	train
nist_3028387	train
nist_3028397	train
nist_3028940	train
nist_3028956	train
nist_3028971	train
nist_3028982	train
nist_3029077	train
nist_3029088	train
nist_3029114	train
nist_3029123	train
nist_3029599	train
nist_3029611	train
nist_3029637	train
nist_3029648	train
nist_3030155	train
nist_3030170	train
nist_3030203	train
nist_3030217	train
nist_3048086	train
nist_3048097	train
nist_3049157	train
nist_3049172	train
nist_3049175	train
nist_3049186	train
nist_3049448	train
nist_3049462	train
nist_3049471	train
nist_3049485	train
nist_3049721	train
nist_3049736	train
nist_3049741	train
nist_3049758	train
nist_3050274	train
nist_3050287	train
nist_3050290	train
nist_3050324	train
nist_3050330	train
nist_3051155	train
nist_3051172	train
nist_3051197	train
nist_3051542	train
nist_3051555	train
nist_3051561	train
nist_3051574	train
nist_3051653	train
nist_3051666	train
nist_3052018	train
nist_3052029	train
nist_3052049	train
nist_3053090	train
nist_3053103	train
nist_3053125	train
nist_3053133	train
nist_3054928	train
nist_3054939	train
nist_3054956	train
nist_3054968	train
nist_3055753	train
nist_3055763	train
nist_3055768	train
nist_3055983	train
nist_3055996	train
nist_3056014	train
nist_3056023	train
nist_3056091	train
nist_3056104	train
nist_3056109	train
nist_3056119	train
nist_3059124	train
nist_3059138	train
nist_3059583	train
nist_3059594	train
nist_3059732	train
nist_3059747	train
nist_3059802	train
nist_3059818	train
nist_3059825	train
nist_3059836	train
nist_3060062	train
nist_3060079	train
nist_3060121	train
nist_3060136	train
nist_3060170	train
nist_3060185	train
nist_3061155	train
nist_3061168	train
nist_3061537	train
nist_3061549	train
nist_3061615	train
nist_3061628	train
nist_3061636	train
nist_3061650	train
nist_3062015	train
nist_3062032	train
nist_3062060	train
nist_3062063	train
nist_3062065	train
nist_3062081	train
nist_3062086	train
nist_3062100	train
nist_3062433	train
nist_3062444	train
nist_3062450	train
nist_3062461	train
nist_3062891	train
nist_3062905	train
nist_3062912	train
nist_3062924	train
nist_3063061	train
nist_3063072	train
nist_3063095	train
nist_3063099	train
nist_3063137	train
nist_3063145	train
nist_3063181	train
nist_3063191	train
nist_3063231	train
nist_3063244	train
nist_3063266	train
nist_3063279	train
nist_3063629	train
nist_3063641	train
nist_3063684	train
nist_3063697	train
nist_3063741	train
nist_3063753	train
nist_3063763	train
nist_3063776	train
nist_3064112	train
nist_3064127	train
nist_3064150	train
nist_3064154	train
nist_3064312	train
nist_3064327	train
nist_3064346	train
nist_3064347	train
nist_3064467	train
nist_3064482	train
nist_3064499	train
nist_3064501	train
nist_3064724	train
nist_3064737	train
nist_3064744	train
nist_3065059	train
nist_3065073	train
nist_3065499	train
nist_3065513	train
nist_3065586	train
nist_3065600	train
nist_3065812	train
nist_3065819	train
nist_3065820	train
nist_3065829	train
nist_3066194	train
nist_3066200	train
nist_3066206	train
nist_3066221	train
nist_3066937	train
nist_3066953	train
nist_3067429	train
nist_3067446	train
nist_3067472	train
nist_3067476	train
nist_3067656	train
nist_3067668	train
nist_3067682	train
nist_3067688	train
nist_3067818	train
nist_3067832	train
nist_3067840	train
nist_3067844	train
nist_3067965	train
nist_3067977	train
nist_3067985	train
nist_3067996	train
nist_3068133	train
nist_3068144	train
nist_3068309	train
nist_3068317	train
nist_3068461	train
nist_3068470	train
nist_3068633	train
nist_3068645	train
nist_3068679	train
nist_3068685	train
nist_3068698	train
nist_3068715	train
nist_3068762	train
nist_3068768	train
nist_3068827	train
nist_3068844	train
nist_3068848	train
nist_3068863	train
nist_3069965	train
nist_3069980	train
nist_3070025	train
nist_3070040	train
nist_3070224	train
nist_3070228	train
nist_3070230	train
nist_3070245	train
nist_3071234	train
nist_3071241	train
nist_3071243	train
nist_3071253	train
nist_3071507	train
nist_3071521	train
nist_3072255	train
nist_3072257	train
nist_3072327	train
nist_3072340	train
nist_3072348	train
nist_3072361	train
nist_3072581	train
nist_3072596	train
nist_3072606	train
nist_3072621	train
nist_3073325	train
nist_3073338	train
nist_3073365	train
nist_3073376	train
nist_3073381	train
nist_3073397	train
nist_3073402	train
nist_3073415	train
nist_3073423	train
nist_3073437	train
nist_3073451	train
nist_3073467	train
nist_3073587	train
nist_3073599	train
nist_3073601	train
nist_3073735	train
nist_3073748	train
nist_3073753	train
nist_3073815	train
nist_3073821	train
nist_3073835	train
nist_3074139	train
nist_3074152	train
nist_3074169	train
nist_3074179	train
nist_3074253	train
nist_3074266	train
nist_3074271	train
nist_3074284	train
nist_3074290	train
nist_3074295	train
nist_3074309	train
nist_3075021	train
nist_3075029	train
nist_3075031	train
nist_3075034	train
nist_3075124	train
nist_3075128	train
nist_3075139	train
nist_3076158	train
nist_3076172	train
nist_3076192	train
nist_3076206	train
nist_3076317	train
nist_3076321	train
nist_3076340	train
nist_3076354	train
nist_3076361	train
nist_3076374	train
nist_3076480	train
nist_3076494	train
nist_3076521	train
nist_3076542	train
nist_3076690	train
nist_3076704	train
nist_3076728	train
nist_3076738	train
nist_3076830	train
nist_3076837	train
nist_3076839	train
nist_3076852	train
nist_3077106	train
nist_3077109	train
nist_3077111	train
nist_3077116	train
nist_3077332	train
nist_3077337	train
nist_3077425	train
nist_3077431	train
nist_3077573	train
nist_3077585	train
nist_3077593	train
nist_3077603	train
nist_3077720	train
nist_3077724	train
nist_3077726	train
nist_3077739	train
nist_3077869	train
nist_3077885	train
nist_3077956	train
nist_3077967	train
nist_3078078	train
nist_3078094	train
nist_3078125	train
nist_3078129	train
nist_3079750	train
nist_3079767	train
nist_3079779	train
nist_3079794	train
nist_3079810	train
nist_3079823	train
nist_3079851	train
nist_3079898	train
nist_3079913	train
nist_3079921	train
nist_3079933	train
nist_3080330	train
nist_3080345	train
nist_3080350	train
nist_3080577	train
nist_3080584	train
nist_3080598	train
nist_3080815	train
nist_3080828	train
nist_3080866	train
nist_3080882	train
nist_3081288	train
nist_3081301	train
nist_3081598	train
nist_3081609	train
nist_3081639	train
nist_3082033	train
nist_3082043	train
nist_3082068	train
nist_3082081	train
nist_3082299	train
nist_3082313	train
nist_3082340	train
nist_3082353	train
nist_3082411	train
nist_3082427	train
nist_3082436	train
nist_3082450	train
nist_3082848	train
nist_3082851	train
nist_3082853	train
nist_3082949	train
nist_3083021	train
nist_3083041	train
nist_3083044	train
nist_3083301	train
nist_3083306	train
nist_3083308	train
nist_3084534	train
nist_3084551	train
nist_3084555	train
nist_3085303	train
nist_3085308	train
nist_3085310	train
nist_3085321	train
nist_3085736	train
nist_3085742	train
nist_3085744	train
nist_3085758	train
nist_3086308	train
nist_3086320	train
nist_3086598	train
nist_3086614	train
nist_3086619	train
nist_3086632	train
nist_3086687	train
nist_3086702	train
nist_3086743	train
nist_3086746	train
nist_3086906	train
nist_3086919	train
nist_3086925	train
nist_3086935	train
nist_3087049	train
nist_3087060	train
nist_3087067	train
nist_3087077	train
nist_3087428	train
nist_3087435	train
nist_3087437	train
nist_3088932	train
nist_3088939	train
nist_3088966	train
nist_3088982	train
nist_3089723	train
nist_3089725	train
nist_3089731	train
nist_3091259	train
nist_3091271	train
nist_3091273	train
nist_3091289	train
nist_3091291	train
nist_3091298	train
nist_3091306	train
nist_3091316	train
nist_3092171	train
nist_3092183	train
nist_3092191	train
nist_3092205	train
nist_3092323	train
nist_3092336	train
nist_3092342	train
nist_3092356	train
nist_3092576	train
nist_3092580	train
nist_3092582	train
nist_3092589	train
nist_3093859	train
nist_3093874	train
nist_3093902	train
nist_3093914	train
nist_3095028	train
nist_3095044	train
nist_3095096	train
nist_3095106	train
nist_3096500	train
nist_3096507	train
nist_3096532	train
nist_3096545	train
nist_3096678	train
nist_3096693	train
nist_3096707	train
nist_3096719	train
nist_3096732	train
nist_3096743	train
nist_3096752	train
nist_3096766	train
nist_3097166	train
nist_3097182	train
nist_3097209	train
nist_3097221	train
nist_3097513	train
nist_3097526	train
nist_3097534	train
nist_3098124	train
nist_3098140	train
nist_3098161	train
nist_3098174	train
nist_3098339	train
nist_3098342	train
nist_3098344	train
nist_3098359	train
nist_3098721	train
nist_3098729	train
nist_3098753	train
nist_3098756	train
nist_3099167	train
nist_3099178	train
nist_3099184	train
nist_3099193	train
nist_3099281	train
nist_3099296	train
nist_3099315	train
nist_3099331	train
nist_3099333	train
nist_3099344	train
nist_3099361	train
nist_3099375	train
nist_3100022	train
nist_3100028	train
nist_3100041	train
nist_3100049	train
nist_3100055	train
nist_3100066	train
nist_3100073	train
nist_3100086	train
nist_3100097	train
nist_3100102	train
nist_3100475	train
nist_3100480	train
nist_3100495	train
nist_3100531	train
nist_3100709	train
nist_3100711	train
nist_3100720	train
nist_3101043	train
nist_3101051	train
nist_3101060	train
nist_3101070	train
nist_3101172	train
nist_3101187	train
nist_3101195	train
nist_3101208	train
nist_3101436	train
nist_3101450	train
nist_3101452	train
nist_3101468	train
nist_3101592	train
nist_3101596	train
nist_3101598	train
nist_3101606	train
nist_3101608	train
nist_3101633	train
nist_3101645	train
nist_3102241	train
nist_3102256	train
nist_3102286	train
nist_3102299	train
nist_3102517	train
nist_3102532	train
nist_3102541	train
nist_3102553	train
nist_3102614	train
nist_3102631	train
nist_3102677	train
nist_3102689	train
nist_3103098	train
nist_3103110	train
nist_3103117	train
nist_3103127	train
nist_3103448	train
nist_3103450	train
nist_3103452	train
nist_3103456	train
nist_3103574	train
nist_3103584	train
nist_3103601	train
nist_3103614	train
nist_3103899	train
nist_3103911	train
nist_3103918	train
nist_3103929	train
nist_3104203	train
nist_3104209	train
nist_3104222	train
nist_3104225	train
nist_3104517	train
nist_3104531	train
nist_3104537	train
nist_3104633	train
nist_3104648	train
nist_3104655	train
nist_3104667	train
nist_3105346	train
nist_3105357	train
nist_3105361	train
nist_3105451	train
nist_3105464	train
nist_3105643	train
nist_3105657	train
nist_3105664	train
nist_3105673	train
nist_3122299	train
nist_3122301	train
nist_3122326	train
nist_3122339	train
nist_3123781	train
nist_3123792	train
nist_3123817	train
nist_3123821	train
nist_3124000	train
nist_3124011	train
nist_3124047	train
nist_3124155	train
nist_3124167	train
nist_3124198	train
nist_3124204	train
nist_3126254	train
nist_3126264	train
nist_3126270	train
nist_3126280	train
nist_3127488	train
nist_3127502	train
nist_3127510	train
nist_3127521	train
nist_3127816	train
nist_3127830	train
nist_3127844	train
nist_3128197	train
nist_3128207	train
nist_3128212	train
nist_3128221	train
nist_3128225	train
nist_3128236	train
nist_3128278	train
nist_3128291	train
nist_3128394	train
nist_3128405	train
nist_3128425	train
nist_3128438	train
nist_3129435	train
nist_3129448	train
nist_3129455	train
nist_3129467	train
nist_3129956	train
nist_3129970	train
nist_3130053	train
nist_3130064	train
nist_3130084	train
nist_3131201	train
nist_3131214	train
nist_3131218	train
nist_3131224	train
nist_3132019	train
nist_3132037	train
nist_3132047	train
nist_3132624	train
nist_3132639	train
nist_3132678	train
nist_3133401	train
nist_3133410	train
nist_3133420	train
nist_3133429	train
nist_3133507	train
nist_3133522	train
nist_3133526	train
nist_3133541	train
nist_3133662	train
nist_3133675	train
nist_3133679	train
nist_3133694	train
nist_3133737	train
nist_3133754	train
nist_3133889	train
nist_3133904	train
nist_3133922	train
nist_3134581	train
nist_3134583	train
nist_3134610	train
nist_3135775	train
nist_3135780	train
nist_3135781	train
nist_3137015	train
nist_3137032	train
nist_3137064	train
nist_3137080	train
nist_3137094	train
nist_3137106	train
nist_3137107	train
nist_3137120	train
nist_3137449	train
nist_3137466	train
nist_3137492	train
nist_3137506	train
nist_3138131	train
nist_3138140	train
nist_3138150	train
nist_3138162	train
nist_3140436	train
nist_3140440	train
nist_3140441	train
nist_3140450	train
nist_3140552	train
nist_3140562	train
nist_3140563	train
nist_3140575	train
nist_3141311	train
nist_3141312	train
nist_3141318	train
nist_3141995	train
nist_3142007	train
nist_3142016	train
nist_3142614	train
nist_3142615	train
nist_3142628	train
nist_3142821	train
nist_3142830	train
nist_3142966	train
nist_3142980	train
nist_3142981	train
nist_3142991	train
nist_3143026	train
nist_3143034	train
nist_3143800	train
nist_3143812	train
nist_3143833	train
nist_3143844	train
nist_3144782	train
nist_3144798	train
nist_3145417	train
nist_3145432	train
nist_3145610	train
nist_3145624	train
nist_3145642	train
nist_3145654	train
nist_3145769	train
nist_3145776	train
nist_3145777	train
nist_3145783	train
nist_3146225	train
nist_3146239	train
nist_3146240	train
nist_3146257	train
nist_3147852	train
nist_3147860	train
nist_3147867	train
nist_3147878	train
nist_3148852	train
nist_3148858	train
nist_3149262	train
nist_3149278	train
nist_3149682	train
nist_3149695	train
nist_3149696	train
nist_3149767	train
nist_3149780	train
nist_3149795	train
nist_3150815	train
nist_3150827	train
nist_3150851	train
nist_3150861	train
nist_3151192	train
nist_3151206	train
nist_3151218	train
nist_3151231	train
nist_3151374	train
nist_3151389	train
nist_3151404	train
nist_3151419	train
nist_3151547	train
nist_3151564	train
nist_3151583	train
nist_3151593	train
nist_3151779	train
nist_3151793	train
nist_3151819	train
nist_3151832	train
nist_3152629	train
nist_3152644	train
nist_3152658	train
nist_3152664	train
nist_3152841	train
nist_3152858	train
nist_3152859	train
nist_3152867	train
nist_3152971	train
nist_3152986	train
nist_3153980	train
nist_3153983	train
nist_3153999	train
nist_3154183	train
nist_3154184	train
nist_3154191	train
nist_3155210	train
nist_3155227	train
nist_3155235	train
nist_3155249	train
nist_3155597	train
nist_3155609	train
nist_3155777	train
nist_3155778	train
nist_3155785	train
nist_3155825	train
nist_3155838	train
nist_3155988	train
nist_3156004	train
nist_3156005	train
nist_3156018	train
nist_3156237	train
nist_3156252	train
nist_3156268	train
nist_3156285	train
nist_3157339	train
nist_3157342	train
nist_3157343	train
nist_3157357	train
nist_3157515	train
nist_3157529	train
nist_3157530	train
nist_3157541	train
nist_3157556	train
nist_3157562	train
nist_3157563	train
nist_3157572	train
nist_3157602	train
nist_3157611	train
nist_3157612	train
nist_3157627	train
nist_3158318	train
nist_3158331	train
nist_3158338	train
nist_3158453	train
nist_3158459	train
nist_3158778	train
nist_3158789	train
nist_3158790	train
nist_3158944	train
nist_3158955	train
nist_3158956	train
nist_3158967	train
nist_3159214	train
nist_3159227	train
nist_3159228	train
nist_3159242	train
nist_3159529	train
nist_3159541	train
nist_3159577	train
nist_3159580	train
nist_3159581	train
nist_3159597	train
nist_3159598	train
nist_3159604	train
nist_3159879	train
nist_3159886	train
nist_3159887	train
nist_3159902	train
nist_3160351	train
nist_3160366	train
nist_3160375	train
nist_3160388	train
nist_3160556	train
nist_3160564	train
nist_3160592	train
nist_3160637	train
nist_3160648	train
nist_3160649	train
nist_3160661	train
nist_3161245	train
nist_3161292	train
nist_3161295	train
nist_3161817	train
nist_3161823	train
nist_3161824	train
nist_3161837	train
nist_3162017	train
nist_3162019	train
nist_3162020	train
nist_3162036	train
nist_3162068	train
nist_3162080	train
nist_3162089	train
nist_3162103	train
nist_3162915	train
nist_3162927	train
nist_3162928	train
nist_3162936	train
nist_3163399	train
nist_3163412	train
nist_3163413	train
nist_3163417	train
nist_3163435	train
nist_3163436	train
nist_3163441	train
nist_3163960	train
nist_3163966	train
nist_3163967	train
nist_3163979	train
nist_3164337	train
nist_3164346	train
nist_3164490	train
nist_3164498	train
nist_3164505	train
nist_3164517	train
nist_3164518	train
nist_3164528	train
nist_3165104	train
nist_3165121	train
nist_3165129	train
nist_3165134	train
nist_3165224	train
nist_3165238	train
nist_3165239	train
nist_3165249	train
nist_3165560	train
nist_3165575	train
nist_3165576	train
nist_3165591	train
nist_3165603	train
nist_3165604	train
nist_3165611	train
nist_3165662	train
nist_3165668	train
nist_3165669	train
nist_3165681	train
nist_3165880	train
nist_3165888	train
nist_3165889	train
nist_3165901	train
nist_3165962	train
nist_3165975	train
nist_3166017	train
nist_3166023	train
nist_3166029	train
nist_3166042	train
nist_3166043	train
nist_3166051	train
nist_3166056	train
nist_3166067	train
nist_3166495	train
nist_3166496	train
nist_3166499	train
nist_3166735	train
nist_3166747	train
nist_3166748	train
nist_3166758	train
nist_3167332	train
nist_3167347	train
nist_3167348	train
nist_3167352	train
nist_3167449	train
nist_3167465	train
nist_3167482	train
nist_3167485	train
nist_3167486	train
nist_3167498	train
nist_3167505	train
nist_3167547	train
nist_3167563	train
nist_3167564	train
nist_3167566	train
nist_3167574	train
nist_3167579	train
nist_3167580	train
nist_3167587	train
nist_3167839	train
nist_3167853	train
nist_3167859	train
nist_3167873	train
nist_3167874	train
nist_3167888	train
nist_3167889	train
nist_3167893	train
nist_3168302	train
nist_3168313	train
nist_3168327	train
nist_3168637	train
nist_3168649	train
nist_3168650	train
nist_3168737	train
nist_3168750	train
nist_3168783	train
nist_3168793	train
nist_3168837	train
nist_3168843	train
nist_3168844	train
nist_3168854	train
nist_3168855	train
nist_3168865	train
nist_3168871	train
nist_3168876	train
nist_3169100	train
nist_3169114	train
nist_3169134	train
nist_3169147	train
nist_3169269	train
nist_3169282	train
nist_3169283	train
nist_3169397	train
nist_3169411	train
nist_3169412	train
nist_3169428	train
nist_3169471	train
nist_3169477	train
nist_3169478	train
nist_3169490	train
nist_3169595	train
nist_3169606	train
nist_3169607	train
nist_3169614	train
nist_3169707	train
nist_3169712	train
nist_3169718	train
nist_3169727	train
nist_3169728	train
nist_3169737	train
nist_3170964	train
nist_3170973	train
nist_3170994	train
nist_3171008	train
nist_3171894	train
nist_3172910	train
nist_3172918	train
nist_3172919	train
nist_3172929	train
nist_3173180	train
nist_3173193	train
nist_3173907	train
nist_3173921	train
nist_3173938	train
nist_3173952	train
nist_3174036	train
nist_3174043	train
nist_3174044	train
nist_3174054	train
nist_3174055	train
nist_3174066	train
nist_3174078	train
nist_3174092	train
nist_3174406	train
nist_3174419	train
nist_3174430	train
nist_3174444	train
nist_3174792	train
nist_3174799	train
nist_3174800	train
nist_3174815	train
nist_3174985	train
nist_3174999	train
nist_3175006	train
nist_3175018	train
nist_3175019	train
nist_3175716	train
nist_3175729	train
nist_3175730	train
nist_3175747	train
nist_3176168	train
nist_3176192	train
nist_3176205	train
nist_3176220	train
nist_3176286	train
nist_3176328	train
nist_3176765	train
nist_3176774	train
nist_3176778	train
nist_3176968	train
nist_3176984	train
nist_3178171	train
nist_3178180	train
nist_3178181	train
nist_3178191	train
nist_3178325	train
nist_3178338	train
nist_3178339	train
nist_3178768	train
nist_3178775	train
nist_3178776	train
nist_3178793	train
nist_3179527	train
nist_3179543	train
nist_3179580	train
nist_3179585	train
nist_3179954	train
nist_3179964	train
nist_3180251	train
nist_3180261	train
nist_3180432	train
nist_3180564	train
nist_3180580	train
nist_3180615	train
nist_3180623	train
nist_3180806	train
nist_3180818	train
nist_3180839	train
nist_3181750	train
nist_3181761	train
nist_3181768	train
nist_3181781	train
nist_3181789	train
nist_3181800	train
nist_3181824	train
nist_3181886	train
nist_3181895	train
nist_3181896	train
nist_3181908	train
nist_3181909	train
nist_3181925	train
nist_3181942	train
nist_3181971	train
nist_3181986	train
nist_3182032	train
nist_3182041	train
nist_3182235	train
nist_3182246	train
nist_3182269	train
nist_3182279	train
nist_3182414	train
nist_3182427	train
nist_3182439	train
nist_3182453	train
nist_3182454	train
nist_3182463	train
nist_3182480	train
nist_3182858	train
nist_3182870	train
nist_3183328	train
nist_3183342	train
nist_3183357	train
nist_3183361	train
nist_3183878	train
nist_3183890	train
nist_3183912	train
nist_3183922	train
nist_3184501	train
nist_3184516	train
nist_3184531	train
nist_3184532	train
nist_3184546	train
nist_3184547	train
nist_3184559	train
nist_3184942	train
nist_3184950	train
nist_3184951	train
nist_3184965	train
nist_3185001	train
nist_3185014	train
nist_3185042	train
nist_3185052	train
nist_3185066	train
nist_3185076	train
nist_3185085	train
nist_3185097	train
nist_3185425	train
nist_3185438	train
nist_3185439	train
nist_3185450	train
nist_3185656	train
nist_3185671	train
nist_3185685	train
nist_3185690	train
nist_3185722	train
nist_3185732	train
nist_3185744	train
nist_3185750	train
nist_3186143	train
nist_3186156	train
nist_3186260	train
nist_3186269	train
nist_3186277	train
nist_3186778	train
nist_3186791	train
nist_3186809	train
nist_3187481	train
nist_3187491	train
nist_3187505	train
nist_3187660	train
nist_3187674	train
nist_3187686	train
nist_3188042	train
nist_3188054	train
nist_3188055	train
nist_3188324	train
nist_3188332	train
nist_3188342	train
nist_3188461	train
nist_3188462	train
nist_3188474	train
nist_3190025	train
nist_3190038	train
nist_3190051	train
nist_3190194	train
nist_3190206	train
nist_3190211	train
nist_3190224	train
nist_3190360	train
nist_3190369	train
nist_3190379	train
nist_3190389	train
nist_3190390	train
nist_3190399	train
nist_3190410	train
nist_3191211	train
nist_3191218	train
nist_3191227	train
nist_3191236	train
nist_3191344	train
nist_3191356	train
nist_3191368	train
nist_3191380	train
nist_3191859	train
nist_3191874	train
nist_3191875	train
nist_3191888	train
nist_3192049	train
nist_3192061	train
nist_3192076	train
nist_3192090	train
nist_3192104	train
nist_3192113	train
nist_3192220	train
nist_3192232	train
nist_3192233	train
nist_3192244	train
nist_3192273	train
nist_3192287	train
nist_3192309	train
nist_3192974	train
nist_3192989	train
nist_3193006	train
nist_3193016	train
nist_3193378	train
nist_3193389	train
nist_3193390	train
nist_3193396	train
nist_3193493	train
nist_3193506	train
nist_3193521	train
nist_3193529	train
nist_3194000	train
nist_3194017	train
nist_3194023	train
nist_3194035	train
nist_3194036	train
nist_3194043	train
nist_3194044	train
nist_3194047	train
nist_3194048	train
nist_3194052	train
nist_3194053	train
nist_3194065	train
nist_3194066	train
nist_3194074	train
nist_3194684	train
nist_3194694	train
nist_3194695	train
nist_3194703	train
nist_3194754	train
nist_3194761	train
nist_3195417	train
nist_3195421	train
nist_3195437	train
nist_3195528	train
nist_3195541	train
nist_3195571	train
nist_3195583	train
nist_3195596	train
nist_3195609	train
nist_3195610	train
nist_3195624	train
nist_3195758	train
nist_3195771	train
nist_3195772	train
nist_3195779	train
nist_3195817	train
nist_3195832	train
nist_3195868	train
nist_3195879	train
nist_3199115	train
nist_3199126	train
nist_3199136	train
nist_3199145	train
nist_3199656	train
nist_3199665	train
nist_3199681	train
nist_3199693	train
nist_3199888	train
nist_3199900	train
nist_3199914	train
nist_3199926	train
nist_3200510	train
nist_3200518	train
nist_3200519	train
nist_3200529	train
nist_3201469	train
nist_3201486	train
nist_3201516	train
nist_3201520	train
nist_3202894	train
nist_3202905	train
nist_3202906	train
nist_3202920	train
nist_3203280	train
nist_3203287	train
nist_3203288	train
nist_3203303	train
nist_3204028	train
nist_3223467	train
nist_3223478	train
nist_3223491	train
nist_3223666	train
nist_3223674	train
nist_3223687	train
nist_3223693	train
nist_3223722	train
nist_3223732	train
nist_3223832	train
nist_3223842	train
nist_3223860	train
nist_3223863	train
nist_3223954	train
nist_3223968	train
nist_3224003	train
nist_3224014	train
nist_3225106	train
nist_3225119	train
nist_3225143	train
nist_3225371	train
nist_3225383	train
nist_3225401	train
nist_3226412	train
nist_3226426	train
nist_3226443	train
nist_3226447	train
nist_3226484	train
nist_3226499	train
nist_3226733	train
nist_3226748	train
nist_3226774	train
nist_3226779	train
nist_3227044	train
nist_3227055	train
nist_3227060	train
nist_3227073	train
nist_3227581	train
nist_3227588	train
nist_3228180	train
nist_3228195	train
nist_3228199	train
nist_3228214	train
nist_3228820	train
nist_3228832	train
nist_3228838	train
nist_3228847	train
nist_3230110	train
nist_3230123	train
nist_3230152	train
nist_3230157	train
nist_3230159	train
nist_3230174	train
nist_3230179	train
nist_3230194	train
nist_3231533	train
nist_3231548	train
nist_3231550	train
nist_3232478	train
nist_3232493	train
nist_3233765	train
nist_3233777	train
nist_3233792	train
nist_3233958	train
nist_3233973	train
nist_3233995	train
nist_3233996	train
nist_3234721	train
nist_3234736	train
nist_3234763	train
nist_3234880	train
nist_3234894	train
nist_3234903	train
nist_3236424	train
nist_3236438	train
nist_3236444	train
nist_3236456	train
nist_3236564	train
nist_3236577	train
nist_3236601	train
nist_3236607	train
nist_3236802	train
nist_3236815	train
nist_3236957	train
nist_3236968	train
nist_3237297	train
nist_3237312	train
nist_3237569	train
nist_3237584	train
nist_3237606	train
nist_3238173	train
nist_3238188	train
nist_3238213	train
nist_3238350	train
nist_3238362	train
nist_3238371	train
nist_3238383	train
nist_3239016	train
nist_3239029	train
nist_3239116	train
nist_3239130	train
nist_3239136	train
nist_3239140	train
nist_3239497	train
nist_3239512	train
nist_3239519	train
nist_3239532	train
nist_3239980	train
nist_3239988	train
nist_3239992	train
nist_3240157	train
nist_3240170	train
nist_3240191	train
nist_3240227	train
nist_3240242	train
nist_3240358	train
nist_3240371	train
nist_3240400	train
nist_3240403	train
nist_3240469	train
nist_3240482	train
nist_3240486	train
nist_3240496	train
nist_3240518	train
nist_3240531	train
nist_3240567	train
nist_3241249	train
nist_3241263	train
nist_3241277	train
nist_3241326	train
nist_3241336	train
nist_3241513	train
nist_3241519	train
nist_3241530	train
nist_3241668	train
nist_3241678	train
nist_3243513	train
nist_3243524	train
nist_3243527	train
nist_3243993	train
nist_3244004	train
nist_3244013	train
nist_3244021	train
nist_3244032	train
nist_3244038	train
nist_3244047	train
nist_3244126	train
nist_3244137	train
nist_3244146	train
nist_3244157	train
nist_3244236	train
nist_3244247	train
nist_3244255	train
nist_3244310	train
nist_3244314	train
nist_3244316	train
nist_3244331	train
nist_3244431	train
nist_3244443	train
nist_3244627	train
nist_3244641	train
nist_3244667	train
nist_3244670	train
nist_3244684	train
nist_3244697	train
nist_3244728	train
nist_3244734	train
nist_3245346	train
nist_3245361	train
nist_3245390	train
nist_3245417	train
nist_3245432	train
nist_3245498	train
nist_3245513	train
nist_3245748	train
nist_3245760	train
nist_3245768	train
nist_3245781	train
nist_3247205	train
nist_3247219	train
nist_3247228	train
nist_3247232	train
nist_3247256	train
nist_3247271	train
nist_3247293	train
nist_3247299	train
nist_3247403	train
nist_3247405	train
nist_3247407	train
nist_3247422	train
nist_3247445	train
nist_3247458	train
nist_3247466	train
nist_3247476	train
nist_3247556	train
nist_3247571	train
nist_3247577	train
nist_3247742	train
nist_3247755	train
nist_3247768	train
nist_3248216	train
nist_3248230	train
nist_3248245	train
nist_3248249	train
nist_3248326	train
nist_3248338	train
nist_3248348	train
nist_3248360	train
nist_3248505	train
nist_3248520	train
nist_3248524	train
nist_3248535	train
nist_3248544	train
nist_3248559	train
nist_3248563	train
nist_3248573	train
nist_3248820	train
nist_3248832	train
nist_3248836	train
nist_3248845	train
nist_3248968	train
nist_3248980	train
nist_3249008	train
nist_3249016	train
nist_3249070	train
nist_3249081	train
nist_3249088	train
nist_3249335	train
nist_3249345	train
nist_3249378	train
nist_3249392	train
nist_3249448	train
nist_3249453	train
nist_3249723	train
nist_3249738	train
nist_3249759	train
nist_3249772	train
nist_3252886	train
nist_3252901	train
nist_3252906	train
nist_3253186	train
nist_3253192	train
nist_3253412	train
nist_3253426	train
nist_3253447	train
nist_3253454	train
nist_3253532	train
nist_3253543	train
nist_3253626	train
nist_3253640	train
nist_3253831	train
nist_3253836	train
nist_3253843	train
nist_3253901	train
nist_3253913	train
nist_3254331	train
nist_3254336	train
nist_3254352	train
nist_3254364	train
nist_3254409	train
nist_3254415	train
nist_3254633	train
nist_3254648	train
nist_3254664	train
nist_3254670	train
nist_3255007	train
nist_3255017	train
nist_3255061	train
nist_3255074	train
nist_3255100	train
nist_3255447	train
nist_3255460	train
nist_3255847	train
nist_3255861	train
nist_3255865	train
nist_3255878	train
nist_3255954	train
nist_3255966	train
nist_3255974	train
nist_3255985	train
nist_3256214	train
nist_3256232	train
nist_3256243	train
nist_3256251	train
nist_3256430	train
nist_3256446	train
nist_3256452	train
nist_3257572	train
nist_3257585	train
nist_3257590	train
nist_3257884	train
nist_3257896	train
nist_3258885	train
nist_3258900	train
nist_3258943	train
nist_3258955	train
nist_3259104	train
nist_3259119	train
nist_3259387	train
nist_3259397	train
nist_3259777	train
nist_3259791	train
nist_3259821	train
nist_3259904	train
nist_3259918	train
nist_3259938	train
nist_3259995	train
nist_3260006	train
nist_3260010	train
nist_3260020	train
nist_3260666	train
nist_3260681	train
nist_3262246	train
nist_3262257	train
nist_3262299	train
nist_3262308	train
nist_3263631	train
nist_3263640	train
nist_3263660	train
nist_3263670	train
nist_3263822	train
nist_3263835	train
nist_3263856	train
nist_3263922	train
nist_3263937	train
nist_3263980	train
nist_3264722	train
nist_3264737	train
nist_3264782	train
nist_3264810	train
nist_3264821	train
nist_3264843	train
nist_3264849	train
nist_3265270	train
nist_3265276	train
nist_3265309	train
nist_3265319	train
nist_3266412	train
nist_3267192	train
nist_3267207	train
nist_3267220	train
nist_3267234	train
nist_3267672	train
nist_3267687	train
nist_3267717	train
nist_3267727	train
nist_3267728	train
nist_3267739	train
nist_3267753	train
nist_3267760	train
nist_3267879	train
nist_3267889	train
nist_3268571	train
nist_3268711	train
nist_3268726	train
nist_3268752	train
nist_3268816	train
nist_3268827	train
nist_3268832	train
nist_3269918	train
nist_3269933	train
nist_3269937	train
nist_3269939	train
nist_3270008	train
nist_3270023	train
nist_3270029	train
nist_3270042	train
nist_3270132	train
nist_3270154	train
nist_3270159	train
nist_3270354	train
nist_3271295	train
nist_3271305	train
nist_3271328	train
nist_3271330	train
nist_3271341	train
nist_3271366	train
nist_3271813	train
nist_3271825	train
nist_3271851	train
nist_3271854	train
nist_3271860	train
nist_3271862	train
nist_3271877	train
nist_3272249	train
nist_3272261	train
nist_3272281	train
nist_3272462	train
nist_3272473	train
nist_3272482	train
nist_3272492	train
nist_3272533	train
nist_3272542	train
nist_3272589	train
nist_3272600	train
nist_3272658	train
nist_3272670	train
nist_3272706	train
nist_3272715	train
nist_3272735	train
nist_3272737	train
nist_3272817	train
nist_3272826	train
nist_3272844	train
nist_3272850	train
nist_3272978	train
nist_3272988	train
nist_3273001	train
nist_3273006	train
nist_3273021	train
nist_3273029	train
nist_3273034	train
nist_3273043	train
nist_3273767	train
nist_3273779	train
nist_3273783	train
nist_3273794	train
nist_3273953	train
nist_3273965	train
nist_3273971	train
nist_3274464	train
nist_3274473	train
nist_3274481	train
nist_3274492	train
nist_3274578	train
nist_3274591	train
nist_3274613	train
nist_3274626	train
nist_3274704	train
nist_3274717	train
nist_3274729	train
nist_3274740	train
nist_3275434	train
nist_3275439	train
nist_3275467	train
nist_3276759	train
nist_3276775	train
nist_3276785	train
nist_3276947	train
nist_3276949	train
nist_3276962	train
nist_3278994	train
nist_3279009	train
nist_3279035	train
nist_3279045	train
nist_3279061	train
nist_3279070	train
nist_3279081	train
nist_3279096	train
nist_3279911	train
nist_3279925	train
nist_3279927	train
nist_3279941	train
nist_3280001	train
nist_3280016	train
nist_3280034	train
nist_3280039	train
nist_3280054	train
nist_3280076	train
nist_3280091	train
nist_3280161	train
nist_3280176	train
nist_3280178	train
nist_3280612	train
nist_3280624	train
nist_3280658	train
nist_3282311	train
nist_3282322	train
nist_3282349	train
nist_3282352	train
nist_3283541	train
nist_3283554	train
nist_3283561	train
nist_3283576	train
nist_3283784	train
nist_3283786	train
nist_3283796	train
nist_3284398	train
nist_3284410	train
nist_3284422	train
nist_3284435	train
nist_3285224	train
nist_3285238	train
nist_3285265	train
nist_3285278	train
nist_3285284	train
nist_3286054	train
nist_3286064	train
nist_3286092	train
nist_3286103	train
nist_3286369	train
nist_3286379	train
nist_3286404	train
nist_3286417	train
nist_3286526	train
nist_3286539	train
nist_3286580	train
nist_3286591	train
nist_3286600	train
nist_3286611	train
nist_3286636	train
nist_3286648	train
nist_3286668	train
nist_3286680	train
nist_3287145	train
nist_3287157	train
nist_3287162	train
nist_3287177	train
nist_3287262	train
nist_3287275	train
nist_3287294	train
nist_3287305	train
nist_3287315	train
nist_3287330	train
nist_3287437	train
nist_3287449	train
nist_3287472	train
nist_3287477	train
nist_3287492	train
nist_3287507	train
nist_3287514	train
nist_3287525	train
nist_3287640	train
nist_3287652	train
nist_3288105	train
nist_3288117	train
nist_3288122	train
nist_3288137	train
nist_3288141	train
nist_3288153	train
nist_3288159	train
nist_3288173	train
nist_3288848	train
nist_3288860	train
nist_3288864	train
nist_3288874	train
nist_3288888	train
nist_3288896	train
nist_3289284	train
nist_3289296	train
nist_3289322	train
nist_3290047	train
nist_3290062	train
nist_3290093	train
nist_3290276	train
nist_3290289	train
nist_3290292	train
nist_3290301	train
nist_3290532	train
nist_3290546	train
nist_3290573	train
nist_3290650	train
nist_3290665	train
nist_3290691	train
nist_3291097	train
nist_3291112	train
nist_3291114	train
nist_3291573	train
nist_3291583	train
nist_3291696	train
nist_3291709	train
nist_3291781	train
nist_3291789	train
nist_3295318	train
nist_3295329	train
nist_3295338	train
nist_3295351	train
nist_3295593	train
nist_3295605	train
nist_3295607	train
nist_3295622	train
nist_3296773	train
nist_3296783	train
nist_3296795	train
nist_3296806	train
nist_3296892	train
nist_3296902	train
nist_3296919	train
nist_3296931	train
nist_3298003	train
nist_3298015	train
nist_3298041	train
nist_3298053	train
nist_3298059	train
nist_3298070	train
nist_3298650	train
nist_3298660	train
nist_3298693	train
nist_3298705	train
nist_3300059	train
nist_3300073	train
nist_3300098	train
nist_3300104	train
nist_3300928	train
nist_3300940	train
nist_3300959	train
nist_3300971	train
nist_3303527	train
nist_3303540	train
nist_3303564	train
nist_3303569	train
nist_3303735	train
nist_3303742	train
nist_3303744	train
nist_3303907	train
nist_3303912	train
nist_3303922	train
nist_3303933	train
nist_3305531	train
nist_3305542	train
nist_3305548	train
nist_3305557	train
nist_3305565	train
nist_3305618	train
nist_3305631	train
nist_3308808	train
nist_3308817	train
nist_3308821	train
nist_3308831	train
nist_3308989	train
nist_3309004	train
nist_3309014	train
nist_3309026	train
nist_3310315	train
nist_3310347	train
nist_3310359	train
nist_3311177	train
nist_3311178	train
nist_3311182	train
nist_3312583	train
nist_3312594	train
nist_3312606	train
nist_3312616	train
nist_3313181	train
nist_3313194	train
nist_3313196	train
nist_3314016	train
nist_3314031	train
nist_3314067	train
nist_3314082	train
nist_3314111	train
nist_3314125	train
nist_3314159	train
nist_3314170	train
nist_3314279	train
nist_3314354	train
nist_3314362	train
nist_3314454	train
nist_3314463	train
nist_3314479	train
nist_3314490	train
nist_3316129	train
nist_3316139	train
nist_3316158	train
nist_3316169	train
nist_3317520	train
nist_3317530	train
nist_3317553	train
nist_3317565	train
nist_3318465	train
nist_3318477	train
nist_3318478	train
nist_3318488	train
nist_3318879	train
nist_3318893	train
nist_3318929	train
nist_3318941	train
nist_3321624	train
nist_3321628	train
nist_3321635	train
nist_3321885	train
nist_3321898	train
nist_3321952	train
nist_3328866	train
nist_3328870	train
nist_3328874	train
nist_3329349	train
nist_3329362	train
nist_3329999	train
nist_3330009	train
nist_3330036	train
nist_3330044	train
nist_3330335	train
nist_3330341	train
nist_3330364	train
nist_3330473	train
nist_3330488	train
nist_3334424	train
nist_3334438	train
nist_3334444	train
nist_3334707	train
nist_3334722	train
nist_3334750	train
nist_3334769	train
nist_3334782	train
nist_3334792	train
nist_3334798	train
nist_3334799	train
nist_3334811	train
nist_3334816	train
nist_3334826	train
nist_3334987	train
nist_3334993	train
nist_3335004	train
nist_3335048	train
nist_3335120	train
nist_3335131	train
nist_3335141	train
nist_3335153	train
nist_3335210	train
nist_3335225	train
nist_3335250	train
nist_3335492	train
nist_3335509	train
nist_3335518	train
nist_3335684	train
nist_3335697	train
nist_3335705	train
nist_3335714	train
nist_3335731	train
nist_3335741	train
nist_3335759	train
nist_3335773	train
nist_3335781	train
nist_3335794	train
nist_3336413	train
nist_3336427	train
nist_3336697	train
nist_3336715	train
nist_3336728	train
nist_3336751	train
nist_3336766	train
nist_3336789	train
nist_3336803	train
nist_3336805	train
nist_3336820	train
nist_3336845	train
nist_3337822	train
nist_3337834	train
nist_3337854	train
nist_3337865	train
nist_3338059	train
nist_3338071	train
nist_3338732	train
nist_3338747	train
nist_3338804	train
nist_3339179	train
nist_3339194	train
nist_3339366	train
nist_3339377	train
nist_3339382	train
nist_3339393	train
nist_3340048	train
nist_3340063	train
nist_3340119	train
nist_3340357	train
nist_3340372	train
nist_3340479	train
nist_3340905	train
nist_3340917	train
nist_3340928	train
nist_3341523	train
nist_3341534	train
nist_3341540	train
nist_3341552	train
nist_3341566	train
nist_3341578	train
nist_3342240	train
nist_3342252	train
nist_3342260	train
nist_3342275	train
nist_3342331	train
nist_3342346	train
nist_3342373	train
nist_3342386	train
nist_3342465	train
nist_3342480	train
nist_3342525	train
nist_3342540	train
nist_3342580	train
nist_3342595	train
nist_3342599	train
nist_3342611	train
nist_3342667	train
nist_3342676	train
nist_3342796	train
nist_3342809	train
nist_3343029	train
nist_3343035	train
nist_3343038	train
nist_3343207	train
nist_3343222	train
nist_3343240	train
nist_3344564	train
nist_3344578	train
nist_3344587	train
nist_3344769	train
nist_3344778	train
nist_3344798	train
nist_3344808	train
nist_3344980	train
nist_3344995	train
nist_3345023	train
nist_3345031	train
nist_3345235	train
nist_3345261	train
nist_3345271	train
nist_3345389	train
nist_3345403	train
nist_3345437	train
nist_3345441	train
nist_3345456	train
nist_3345523	train
nist_3345528	train
nist_3345532	train
nist_3345547	train
nist_3345561	train
nist_3345571	train
nist_3345784	train
nist_3345793	train
nist_3345806	train
nist_3345811	train
nist_3345819	train
nist_3345831	train
nist_3345846	train
nist_3345860	train
nist_3346137	train
nist_3346152	train
nist_3346155	train
nist_3346295	train
nist_3346296	train
nist_3346305	train
nist_3346873	train
nist_3346886	train
nist_3346890	train
nist_3347347	train
nist_3347354	train
nist_3347365	train
nist_3347376	train
nist_3348635	train
nist_3348642	train
nist_3348646	train
nist_3349088	train
nist_3349093	train
nist_3349275	train
nist_3349290	train
nist_3349298	train
nist_3349308	train
nist_3349375	train
nist_3349390	train
nist_3349417	train
nist_3349491	train
nist_3349502	train
nist_3350073	train
nist_3350079	train
nist_3350486	train
nist_3350494	train
nist_3350502	train
nist_3350728	train
nist_3350743	train
nist_3350750	train
nist_3351659	train
nist_3351674	train
nist_3352031	train
nist_3352044	train
nist_3352052	train
nist_3352063	train
nist_3352772	train
nist_3352782	train
nist_3352794	train
nist_3352828	train
nist_3352908	train
nist_3352921	train
nist_3352944	train
nist_3352954	train
nist_3354658	train
nist_3354669	train
nist_3354694	train
nist_3354704	train
nist_3354820	train
nist_3354835	train
nist_3356165	train
nist_3356169	train
nist_3356178	train
nist_3356343	train
nist_3356383	train
nist_3356494	train
nist_3356507	train
nist_3356511	train
nist_3356999	train
nist_3357014	train
nist_3357032	train
nist_3357039	train
nist_3358047	train
nist_3358079	train
nist_3358094	train
nist_3358135	train
nist_3358145	train
nist_3358182	train
nist_3358194	train
nist_3359104	train
nist_3359110	train
nist_3359111	train
nist_3359124	train
nist_3359307	train
nist_3359312	train
nist_3359316	train
nist_3359328	train
nist_3359425	train
nist_3359440	train
nist_3359455	train
nist_3359462	train
nist_3359812	train
nist_3359826	train
nist_3359838	train
nist_3359862	train
nist_3359874	train
nist_3360574	train
nist_3360589	train
nist_3360795	train
nist_3360810	train
nist_3360830	train
nist_3360843	train
nist_3361373	train
nist_3361382	train
nist_3361417	train
nist_3361430	train
nist_3362042	train
nist_3362051	train
nist_3362070	train
nist_3362079	train
nist_3362251	train
nist_3362263	train
nist_3362281	train
nist_3362288	train
nist_3362804	train
nist_3362815	train
nist_3363542	train
nist_3363548	train
nist_3363549	train
nist_3363558	train
nist_3363914	train
nist_3363924	train
nist_3363926	train
nist_3363933	train
nist_3364448	train
nist_3364451	train
nist_3364452	train
nist_3364465	train
nist_3365013	train
nist_3365028	train
nist_3365032	train
nist_3365040	train
nist_3365191	train
nist_3365205	train
nist_3365206	train
nist_3365218	train
nist_3365387	train
nist_3365399	train
nist_3365417	train
nist_3366148	train
nist_3366160	train
nist_3366337	train
nist_3366795	train
nist_3366806	train
nist_3366837	train
nist_3366852	train
nist_3366914	train
nist_3366930	train
nist_3366951	train
nist_3366957	train
nist_3366985	train
nist_3366996	train
nist_3367002	train
nist_3367014	train
nist_3367140	train
nist_3367152	train
nist_3367176	train
nist_3367181	train
nist_3368463	train
nist_3368465	train
nist_3368485	train
nist_3368491	train
nist_3368821	train
nist_3368835	train
nist_3368842	train
nist_3368854	train
nist_3369695	train
nist_3369699	train
nist_3369711	train
nist_3369721	train
nist_3369822	train
nist_3369834	train
nist_3369838	train
nist_3369855	train
nist_3370252	train
nist_3370265	train
nist_3370285	train
nist_3370298	train
nist_3370301	train
nist_3370314	train
nist_3370331	train
nist_3370339	train
nist_3370419	train
nist_3370432	train
nist_3370448	train
nist_3370459	train
nist_3371391	train
nist_3371396	train
nist_3371399	train
nist_3371406	train
nist_3372980	train
nist_3372996	train
nist_3373002	train
nist_3373013	train
nist_3373047	train
nist_3373057	train
nist_3373212	train
nist_3373227	train
nist_3373235	train
nist_3373242	train
nist_3373417	train
nist_3373431	train
nist_3373474	train
nist_3373491	train
nist_3373496	train
nist_3373571	train
nist_3373574	train
nist_3373580	train
nist_3374009	train
nist_3374021	train
nist_3374037	train
nist_3374044	train
nist_3374637	train
nist_3374652	train
nist_3374676	train
nist_3374688	train
nist_3374707	train
nist_3374717	train
nist_3374755	train
nist_3374770	train
nist_3374948	train
nist_3374962	train
nist_3375451	train
nist_3375464	train
nist_3375491	train
nist_3375502	train
nist_3375921	train
nist_3375934	train
nist_3375939	train
nist_3375950	train
nist_3377201	train
nist_3377218	train
nist_3377236	train
nist_3377388	train
nist_3377402	train
nist_3377414	train
nist_3377426	train
nist_3377948	train
nist_3377961	train
nist_3377964	train
nist_3377974	train
nist_3378150	train
nist_3378167	train
nist_3378193	train
nist_3378502	train
nist_3378516	train
nist_3378542	train
nist_3378545	train
nist_3378601	train
nist_3378615	train
nist_3378633	train
nist_3378785	train
nist_3378799	train
nist_3378840	train
nist_3378843	train
nist_3380160	train
nist_3380171	train
nist_3380176	train
nist_3380186	train
nist_3380519	train
nist_3380533	train
nist_3380550	train
nist_3380822	train
nist_3380833	train
nist_3381196	train
nist_3381199	train
nist_3381764	train
nist_3381777	train
nist_3381802	train
nist_3381815	train
nist_3382417	train
nist_3382428	train
nist_3382431	train
nist_3382580	train
nist_3382595	train
nist_3382643	train
nist_3383729	train
nist_3383744	train
nist_3383750	train
nist_3383762	train
nist_3383865	train
nist_3383871	train
nist_3383899	train
nist_3383905	train
nist_3385726	train
nist_3385741	train
nist_3385756	train
nist_3386081	train
nist_3386096	train
nist_3386115	train
nist_3386127	train
nist_3386667	train
nist_3386671	train
nist_3386673	train
nist_3386681	train
nist_3388029	train
nist_3388037	train
nist_3388051	train
nist_3388060	train
nist_3388156	train
nist_3388168	train
nist_3388181	train
nist_3388192	train
nist_3388758	train
nist_3388763	train
nist_3388775	train
nist_3389826	train
nist_3389841	train
nist_3389875	train
nist_3389889	train
nist_3390187	train
nist_3390199	train
nist_3390233	train
nist_3390248	train
nist_3390269	train
nist_3390276	train
nist_3390278	train
nist_3390293	train
nist_3390806	train
nist_3390812	train
nist_3391480	train
nist_3391495	train
nist_3391515	train
nist_3391518	train
nist_3391753	train
nist_3391767	train
nist_3391784	train
nist_3391797	train
nist_3391816	train
nist_3391825	train
nist_3395314	train
nist_3395328	train
nist_3396754	train
nist_3396854	train
nist_3396865	train
nist_3396998	train
nist_3397009	train
nist_3397011	train
nist_3397021	train
nist_3397303	train
nist_3397317	train
nist_3398772	train
nist_3398787	train
nist_3398812	train
nist_3399163	train
nist_3399166	train
nist_3399312	train
nist_3399324	train
nist_3399342	train
nist_3399352	train
nist_3399365	train
nist_3399376	train
nist_3399387	train
nist_3399391	train
nist_3399406	train
nist_3399437	train
nist_3399458	train
nist_3399468	train
nist_3399476	train
nist_3399867	train
nist_3399882	train
nist_3399890	train
nist_3399899	train
nist_3399913	train
nist_3400630	train
nist_3400642	train
nist_3400663	train
nist_3401130	train
nist_3401145	train
nist_3401168	train
nist_3401173	train
nist_3401212	train
nist_3401224	train
nist_3401250	train
nist_3401253	train
nist_3401666	train
nist_3401681	train
nist_3401708	train
nist_3401713	train
nist_3401751	train
nist_3401766	train
nist_3401813	train
nist_3401820	train
nist_3402088	train
nist_3402103	train
nist_3402105	train
nist_3402379	train
nist_3402393	train
nist_3402412	train
nist_3402907	train
nist_3402921	train
nist_3402934	train
nist_3403018	train
nist_3403030	train
nist_3403056	train
nist_3403067	train
nist_3404150	train
nist_3404163	train
nist_3404521	train
nist_3404534	train
nist_3405745	train
nist_3405760	train
nist_3408052	train
nist_3408067	train
nist_3408073	train
nist_3408086	train
nist_3408123	train
nist_3408136	train
nist_3408351	train
nist_3408364	train
nist_3408434	train
nist_3408448	train
nist_3408456	train
nist_3408470	train
nist_3410021	train
nist_3410029	train
nist_3411476	train
nist_3411491	train
nist_3411698	train
nist_3411712	train
nist_3411718	train
nist_3411837	train
nist_3411852	train
nist_3412172	train
nist_3412182	train
nist_3412191	train
nist_3412201	train
nist_3412442	train
nist_3412457	train
nist_3412464	train
nist_3412472	train
nist_3413040	train
nist_3413054	train
nist_3413320	train
nist_3413332	train
nist_3413353	train
nist_3414489	train
nist_3414504	train
nist_3414537	train
nist_3414707	train
nist_3414721	train
nist_3414745	train
nist_3414760	train
nist_3415631	train
nist_3415646	train
nist_3415689	train
nist_3415700	train
nist_3415916	train
nist_3415928	train
nist_3415993	train
nist_3416007	train
nist_3416022	train
nist_3416030	train
nist_3416043	train
nist_3416137	train
nist_3416152	train
nist_3416172	train
nist_3416182	train
nist_3416389	train
nist_3416402	train
nist_3416428	train
nist_3416685	train
nist_3416700	train
nist_3416709	train
nist_3416746	train
nist_3416758	train
nist_3416766	train
nist_3416775	train
nist_3417583	train
nist_3417598	train
nist_3417621	train
nist_3417636	train
nist_3418007	train
nist_3418022	train
nist_3418029	train
nist_3418042	train
nist_3418185	train
nist_3418199	train
nist_3418235	train
nist_3418703	train
nist_3418717	train
nist_3419745	train
nist_3419757	train
nist_3419775	train
nist_3419779	train
nist_3419866	train
nist_3419877	train
nist_3419907	train
nist_3419917	train
nist_3419986	train
nist_3420001	train
nist_3420391	train
nist_3420406	train
nist_3420413	train
nist_3420426	train
nist_3421364	train
nist_3421379	train
nist_3421389	train
nist_3421404	train
nist_3421568	train
nist_3421581	train
nist_3421592	train
nist_3422300	train
nist_3422314	train
nist_3422367	train
nist_3422382	train
nist_3422456	train
nist_3422471	train
nist_3422484	train
nist_3422499	train
nist_3422516	train
nist_3422531	train
nist_3422589	train
nist_3422603	train
nist_3422768	train
nist_3422777	train
nist_3423026	train
nist_3423041	train
nist_3423171	train
nist_3423186	train
nist_3423200	train
nist_3423259	train
nist_3423272	train
nist_3423281	train
nist_3423293	train
nist_3423673	train
nist_3423688	train
nist_3423699	train
nist_3423713	train
nist_3424643	train
nist_3424656	train
nist_3425661	train
nist_3425676	train
nist_3426667	train
nist_3426682	train
nist_3426686	train
nist_3427259	train
nist_3427274	train
nist_3427290	train
nist_3427407	train
nist_3427431	train
nist_3427436	train
nist_3427438	train
nist_3427450	train
nist_3427452	train
nist_3427465	train
nist_3427662	train
nist_3427677	train
nist_3427695	train
nist_3427716	train
nist_3427728	train
nist_3427749	train
nist_3428632	train
nist_3428647	train
nist_3428684	train
nist_3428698	train
nist_3429591	train
nist_3429603	train
nist_3430512	train
nist_3430522	train
nist_3430529	train
nist_3430541	train
nist_3430654	train
nist_3430665	train
nist_3430671	train
nist_3430679	train
nist_3430909	train
nist_3430920	train
nist_3430946	train
nist_3430960	train
nist_3430972	train
nist_3430979	train
nist_3431002	train
nist_3431013	train
nist_3431021	train
nist_3431027	train
nist_3431039	train
nist_3431054	train
nist_3431086	train
nist_3431146	train
nist_3431159	train
nist_3431167	train
nist_3431173	train
nist_3431223	train
nist_3431240	train
nist_3431253	train
nist_3431430	train
nist_3432357	train
nist_3432366	train
nist_3432412	train
nist_3432421	train
nist_3433156	train
nist_3433171	train
nist_3433190	train
nist_3433203	train
nist_3433348	train
nist_3433362	train
nist_3433376	train
nist_3433973	train
nist_3433987	train
nist_3433997	train
nist_3434264	train
nist_3434277	train
nist_3434325	train
nist_3434340	train
nist_3434361	train
nist_3434365	train
nist_3434580	train
nist_3434595	train
nist_3434870	train
nist_3434876	train
nist_3434890	train
nist_3434952	train
nist_3435083	train
nist_3435096	train
nist_3435100	train
nist_3436120	train
nist_3436130	train
nist_3436135	train
nist_3436148	train
nist_3436747	train
nist_3436754	train
nist_3436757	train
nist_3437097	train
nist_3437273	train
nist_3437284	train
nist_3437294	train
nist_3437826	train
nist_3437838	train
nist_3437904	train
nist_3437918	train
nist_3437922	train
nist_3437934	train
nist_3438115	train
nist_3438993	train
nist_3439006	train
nist_3439010	train
nist_3439066	train
nist_3439074	train
nist_3440223	train
nist_3440235	train
nist_3440731	train
nist_3440743	train
nist_3440775	train
nist_3440785	train
nist_3440823	train
nist_3440837	train
nist_3440844	train
nist_3440956	train
nist_3440966	train
nist_3440992	train
nist_3441002	train
nist_3441025	train
nist_3441796	train
nist_3441806	train
nist_3441810	train
nist_3441819	train
nist_3442130	train
nist_3442143	train
nist_3442242	train
nist_3442257	train
nist_3442272	train
nist_3442302	train
nist_3442316	train
nist_3442332	train
nist_3442356	train
nist_3442367	train
nist_3442434	train
nist_3442446	train
nist_3442455	train
nist_3442466	train
nist_3442504	train
nist_3442517	train
nist_3442523	train
nist_3442537	train
nist_3442893	train
nist_3442908	train
nist_3442926	train
nist_3443208	train
nist_3443223	train
nist_3443260	train
nist_3443264	train
nist_3443279	train
nist_3443285	train
nist_3443486	train
nist_3443501	train
nist_3443525	train
nist_3443765	train
nist_3443779	train
nist_3443788	train
nist_3443802	train
nist_3443933	train
nist_3443948	train
nist_3443967	train
nist_3443970	train
nist_3443985	train
nist_3444032	train
nist_3444042	train
nist_3444416	train
nist_3444427	train
nist_3445664	train
nist_3445673	train
nist_3445689	train
nist_3445697	train
nist_3445971	train
nist_3445980	train
nist_3445982	train
nist_3445994	train
nist_3445999	train
nist_3446010	train
nist_3446014	train
nist_3446022	train
nist_3446039	train
nist_3446052	train
nist_3446060	train
nist_3446070	train
nist_3446102	train
nist_3446114	train
nist_3446134	train
nist_3446396	train
nist_3446407	train
nist_3446409	train
nist_3446518	train
nist_3446531	train
nist_3446536	train
nist_3446737	train
nist_3446748	train
nist_3447000	train
nist_3447604	train
nist_3447639	train
nist_3447647	train
nist_3448565	train
nist_3448577	train
nist_3449357	train
nist_3449369	train
nist_3449377	train
nist_3449388	train
nist_3449515	train
nist_3449529	train
nist_3449558	train
nist_3449764	train
nist_3449778	train
nist_3449804	train
nist_3450737	train
nist_3450752	train
nist_3450788	train
nist_3450801	train
nist_3450828	train
nist_3450831	train
nist_3451226	train
nist_3451236	train
nist_3451274	train
nist_3451288	train
nist_3451332	train
nist_3451473	train
nist_3451488	train
nist_3451511	train
nist_3451516	train
nist_3452916	train
nist_3453244	train
nist_3453259	train
nist_3453483	train
nist_3453498	train
nist_3453502	train
nist_3453532	train
nist_3453545	train
nist_3453549	train
nist_3453671	train
nist_3453684	train
nist_3453705	train
nist_3453717	train
nist_3453894	train
nist_3453905	train
nist_3453914	train
nist_3454322	train
nist_3454337	train
nist_3454380	train
nist_3454391	train
nist_3455310	train
nist_3455324	train
nist_3455355	train
nist_3455369	train
nist_3455390	train
nist_3455403	train
nist_3455445	train
nist_3455460	train
nist_3456115	train
nist_3456130	train
nist_3456138	train
nist_3456152	train
nist_3457983	train
nist_3457995	train
nist_3458015	train
nist_3458027	train
nist_3458260	train
nist_3458271	train
nist_3458281	train
nist_3458831	train
nist_3458844	train
nist_3458848	train
nist_3458918	train
nist_3458933	train
nist_3458937	train
nist_3459277	train
nist_3459285	train
nist_3459289	train
nist_3459300	train
nist_3459307	train
nist_3459318	train
nist_3459411	train
nist_3459426	train
nist_3459433	train
nist_3459445	train
nist_3460138	train
nist_3460151	train
nist_3460188	train
nist_3460295	train
nist_3460310	train
nist_3460573	train
nist_3460588	train
nist_3460614	train
nist_3460722	train
nist_3460737	train
nist_3460765	train
nist_3460816	train
nist_3460829	train
nist_3461302	train
nist_3461317	train
nist_3461373	train
nist_3461388	train
nist_3461414	train
nist_3462827	train
nist_3462842	train
nist_3462887	train
nist_3462891	train
nist_3463237	train
nist_3463252	train
nist_3463775	train
nist_3463790	train
nist_3463796	train
nist_3463811	train
nist_3463841	train
nist_3463855	train
nist_3463864	train
nist_3464038	train
nist_3464047	train
nist_3464125	train
nist_3464139	train
nist_3464614	train
nist_3464624	train
nist_3464994	train
nist_3465009	train
nist_3465032	train
nist_3465038	train
nist_3465361	train
nist_3465373	train
nist_3465459	train
nist_3465471	train
nist_3465790	train
nist_3467361	train
nist_3467376	train
nist_3467400	train
nist_3467418	train
nist_3467432	train
nist_3467437	train
nist_3467444	train
nist_3467466	train
nist_3467477	train
nist_3467486	train
nist_3467500	train
nist_3467513	train
nist_3467528	train
nist_3467878	train
nist_3467890	train
nist_3467979	train
nist_3467994	train
nist_3467995	train
nist_3468517	train
nist_3468529	train
nist_3468541	train
nist_3468549	train
nist_3468599	train
nist_3468622	train
nist_3468636	train
nist_3468807	train
nist_3468820	train
nist_3468851	train
nist_3468862	train
nist_3469005	train
nist_3469020	train
nist_3469035	train
nist_3469050	train
nist_3469070	train
nist_3469084	train
nist_3469104	train
nist_3469107	train
nist_3469115	train
nist_3469136	train
nist_3469147	train
nist_3469306	train
nist_3469321	train
nist_3469325	train
nist_3469336	train
nist_3523191	train
nist_3539053	train
nist_3539060	train
nist_3539109	train
nist_3539118	train
nist_3539193	train
nist_3539203	train
nist_3543391	train
nist_3543406	train
nist_3546704	train
nist_3546719	train
nist_3556285	train
nist_3556286	train
nist_3564727	train
nist_3564741	train
nist_3564743	train
nist_3564754	train
nist_3564828	train
nist_3564837	train
nist_3565087	train
nist_3565099	train
nist_3571758	train
nist_3571770	train
nist_3577914	train
nist_3577920	train
nist_3577922	train
nist_3577930	train
nist_3577945	train
nist_3577954	train
nist_3577985	train
nist_3577995	train
nist_3771282	train
nist_3771294	train
nist_3771297	train
nist_3771308	train
nist_3771569	train
nist_3771579	train
nist_3771585	train
nist_3771597	train
nist_3772504	train
nist_3772516	train
nist_3772521	train
nist_3772729	train
nist_3772744	train
nist_3772767	train
nist_3772779	train
nist_3773195	train
nist_3773210	train
nist_3773214	train
nist_3773228	train
nist_3773510	train
nist_3773525	train
nist_3773546	train
nist_3773549	train
nist_3775069	train
nist_3775084	train
nist_3775131	train
nist_3775141	train
nist_3778086	train
nist_3778101	train
nist_3778117	train
nist_3778123	train
nist_3778315	train
nist_3778317	train
nist_3778322	train
nist_3778327	train
nist_3778525	train
nist_3778528	train
nist_3778555	train
nist_3779276	train
nist_3779289	train
nist_3779294	train
nist_3779309	train
nist_3781154	train
nist_3781160	train
nist_3781161	train
nist_3781176	train
nist_3781269	train
nist_3781282	train
nist_3781298	train
nist_3781312	train
nist_3782185	train
nist_3782200	train
nist_3782254	train
nist_3782265	train
nist_3782268	train
nist_3782283	train
nist_3782287	train
nist_3782839	train
nist_3782854	train
nist_3782859	train
nist_3782874	train
nist_3783090	train
nist_3783105	train
nist_3783110	train
nist_3783125	train
nist_3783160	train
nist_3783161	train
nist_3783173	train
nist_3783264	train
nist_3783279	train
nist_3783294	train
nist_3783308	train
nist_3783800	train
nist_3783813	train
nist_3783829	train
nist_3783844	train
nist_3784034	train
nist_3784047	train
nist_3784083	train
nist_3784090	train
nist_3786105	train
nist_3786120	train
nist_3786138	train
nist_3786149	train
nist_3786417	train
nist_3786422	train
nist_3786423	train
nist_3786438	train
nist_3786605	train
nist_3786620	train
nist_3786622	train
nist_3786637	train
nist_3788832	train
nist_3788845	train
nist_3788849	train
nist_3788862	train
nist_3789087	train
nist_3789099	train
nist_3789944	train
nist_3789959	train
nist_3789976	train
nist_3789985	train
nist_3792933	train
nist_3792948	train
nist_3792955	train
nist_3792967	train
nist_3794697	train
nist_3794707	train
nist_3794710	train
nist_3794722	train
nist_3795134	train
nist_3795146	train
nist_3795149	train
nist_3795162	train
nist_3796126	train
nist_3796141	train
nist_3796176	train
nist_3796780	train
nist_3796788	train
nist_3796789	train
nist_3796804	train
nist_3797038	train
nist_3797043	train
nist_3797044	train
nist_3797053	train
nist_3797700	train
nist_3797708	train
nist_3797713	train
nist_3798400	train
nist_3798403	train
nist_3799048	train
nist_3799599	train
nist_3799613	train
nist_3799615	train
nist_3799629	train
nist_3800813	train
nist_3800828	train
nist_3800848	train
nist_3800859	train
nist_3801157	train
nist_3801159	train
nist_3801164	train
nist_3801179	train
nist_3801217	train
nist_3801221	train
nist_3801236	train
nist_3801613	train
nist_3801628	train
nist_3801635	train
nist_3801650	train
nist_3803045	train
nist_3803060	train
nist_3803097	train
nist_3803109	train
nist_3804143	train
nist_3804149	train
nist_3804150	train
nist_3804163	train
nist_3805848	train
nist_3805929	train
nist_3805941	train
nist_3806805	train
nist_3806819	train
nist_3806826	train
nist_3807249	train
nist_3807264	train
nist_3807270	train
nist_3807283	train
nist_3807288	train
nist_3807302	train
nist_3807323	train
nist_3807333	train
nist_3807405	train
nist_3807410	train
nist_3807411	train
nist_3807425	train
nist_3807670	train
nist_3807683	train
nist_3807712	train
nist_3807716	train
nist_3808273	train
nist_3808286	train
nist_3808331	train
nist_3808924	train
nist_3808939	train
nist_3808946	train
nist_3809690	train
nist_3809705	train
nist_3809712	train
nist_3809726	train
nist_3810103	train
nist_3810118	train
nist_3810181	train
nist_3810195	train
nist_3811896	train
nist_3811899	train
nist_3811906	train
nist_3812677	train
nist_3812690	train
nist_3812745	train
nist_3812758	train
nist_3813588	train
nist_3813603	train
nist_3813641	train
nist_3813653	train
nist_3813686	train
nist_3813701	train
nist_3813744	train
nist_3813750	train
nist_3814549	train
nist_3814564	train
nist_3814583	train
nist_3814593	train
nist_3816507	train
nist_3816521	train
nist_3816525	train
nist_3816629	train
nist_3816644	train
nist_3816647	train
nist_3816662	train
nist_3816667	train
nist_3816682	train
nist_3816754	train
nist_3816765	train
nist_3816833	train
nist_3816845	train
nist_3816846	train
nist_3816859	train
nist_3818930	train
nist_3818943	train
nist_3818944	train
nist_3818952	train
nist_3820119	train
nist_3820138	train
nist_3820139	train
nist_3820150	train
nist_3820814	train
nist_3820826	train
nist_3820827	train
nist_3820842	train
nist_3822728	train
nist_3822743	train
nist_3822769	train
nist_3824860	train
nist_3824871	train
nist_3824890	train
nist_3824903	train
nist_3824960	train
nist_3824962	train
nist_3824975	train
nist_3824991	train
nist_3825002	train
nist_3825017	train
nist_3825057	train
nist_3825072	train
nist_3827021	train
nist_3827036	train
nist_3827057	train
nist_3827695	train
nist_3827710	train
nist_3827733	train
nist_3828166	train
nist_3828175	train
nist_3828176	train
nist_3828276	train
nist_3828289	train
nist_3828290	train
nist_3828305	train
nist_3828312	train
nist_3828319	train
nist_3828320	train
nist_3828332	train
nist_3828709	train
nist_3828717	train
nist_3828727	train
nist_3830571	train
nist_3830586	train
nist_3830610	train
nist_3830623	train
nist_3833749	train
nist_3833759	train
nist_3833762	train
nist_3833773	train
nist_3834411	train
nist_3834423	train
nist_3834440	train
nist_3834451	train
nist_3835453	train
nist_3835466	train
nist_3835470	train
nist_3835485	train
nist_3836646	train
nist_3836672	train
nist_3836686	train
nist_3837301	train
nist_3837315	train
nist_3837349	train
nist_3837359	train
nist_3837501	train
nist_3837512	train
nist_3837515	train
nist_3837527	train
nist_3839551	train
nist_3839566	train
nist_3839590	train
nist_3839602	train
nist_3840365	train
nist_3840376	train
nist_3840394	train
nist_3840406	train
nist_3840890	train
nist_3840905	train
nist_3840911	train
nist_3840920	train
nist_3841006	train
nist_3841021	train
nist_3841042	train
nist_3841053	train
nist_3841723	train
nist_3841738	train
nist_3841754	train
nist_3841768	train
nist_3842023	train
nist_3842038	train
nist_3842039	train
nist_3842317	train
nist_3842332	train
nist_3842368	train
nist_3842382	train
nist_3842550	train
nist_3842556	train
nist_3842557	train
nist_3842572	train
nist_3843015	train
nist_3843030	train
nist_3843031	train
nist_3843043	train
nist_3843185	train
nist_3843200	train
nist_3843219	train
nist_3843830	train
nist_3843845	train
nist_3843849	train
nist_3848282	train
nist_3848295	train
nist_3848303	train
nist_3848316	train
nist_3848762	train
nist_3848777	train
nist_3848790	train
nist_3848801	train
nist_3849520	train
nist_3849531	train
nist_3849536	train
nist_3849548	train
nist_3850418	train
nist_3850429	train
nist_3850434	train
nist_3850918	train
nist_3850933	train
nist_3850935	train
nist_3850947	train
nist_3851284	train
nist_3851299	train
nist_3851302	train
nist_3851316	train
nist_3851634	train
nist_3851647	train
nist_3851697	train
nist_3851708	train
nist_3851806	train
nist_3851819	train
nist_3851820	train
nist_3851834	train
nist_3851852	train
nist_3851867	train
nist_3851878	train
nist_3852207	train
nist_3852218	train
nist_3852255	train
nist_3852269	train
nist_3852292	train
nist_3852302	train
nist_3852308	train
nist_3852323	train
nist_3852637	train
nist_3852650	train
nist_3852660	train
nist_3852669	train
nist_3853413	train
nist_3853422	train
nist_3853427	train
nist_3853438	train
nist_3854619	train
nist_3854634	train
nist_3854656	train
nist_3854661	train
nist_3854752	train
nist_3854764	train
nist_3854766	train
nist_3854778	train
nist_3855093	train
nist_3855108	train
nist_3855146	train
nist_3855161	train
nist_3855323	train
nist_3855334	train
nist_3855338	train
nist_3855350	train
nist_3855828	train
nist_3855841	train
nist_3856302	train
nist_3856316	train
nist_3856341	train
nist_3857091	train
nist_3857106	train
nist_3857149	train
nist_3857160	train
nist_3857554	train
nist_3857569	train
nist_3857582	train
nist_3857769	train
nist_3857781	train
nist_3857805	train
nist_3857812	train
nist_3857877	train
nist_3857887	train
nist_3857890	train
nist_3857897	train
nist_3857960	train
nist_3857975	train
nist_3858015	train
nist_3858026	train
nist_3858337	train
nist_3858351	train
nist_3858368	train
nist_3858375	train
nist_3858883	train
nist_3858896	train
nist_3858910	train
nist_3858921	train
nist_3859218	train
nist_3859233	train
nist_3859238	train
nist_3859271	train
nist_3859286	train
nist_3859289	train
nist_3859295	train
nist_3859511	train
nist_3859526	train
nist_3859559	train
nist_3859565	train
nist_3859692	train
nist_3859707	train
nist_3859728	train
nist_3860973	train
nist_3860988	train
nist_3861004	train
nist_3861013	train
nist_3861027	train
nist_3861040	train
nist_3861043	train
nist_3861056	train
nist_3861534	train
nist_3861544	train
nist_3861548	train
nist_3861556	train
nist_3861711	train
nist_3861726	train
nist_3861746	train
nist_3861756	train
nist_3862291	train
nist_3862306	train
nist_3862324	train
nist_3862330	train
nist_3862506	train
nist_3862518	train
nist_3862554	train
nist_3862561	train
nist_3862587	train
nist_3862602	train
nist_3862621	train
nist_3862630	train
nist_3863439	train
nist_3863454	train
nist_3863457	train
nist_3863470	train
nist_3863552	train
nist_3863567	train
nist_3863584	train
nist_3863593	train
nist_3863633	train
nist_3863648	train
nist_3863650	train
nist_3863661	train
nist_3864432	train
nist_3864447	train
nist_3864467	train
nist_3864928	train
nist_3864938	train
nist_3865063	train
nist_3865078	train
nist_3865109	train
nist_3865222	train
nist_3865236	train
nist_3865395	train
nist_3865410	train
nist_3865413	train
nist_3865426	train
nist_3865630	train
nist_3865642	train
nist_3865644	train
nist_3865741	train
nist_3865756	train
nist_3865771	train
nist_3866205	train
nist_3866220	train
nist_3866391	train
nist_3866444	train
nist_3866456	train
nist_3866690	train
nist_3866704	train
nist_3866719	train
nist_3866722	train
nist_3867172	train
nist_3867186	train
nist_3867206	train
nist_3867219	train
nist_3867246	train
nist_3867251	train
nist_3868176	train
nist_3868191	train
nist_3868209	train
nist_3868224	train
nist_3868876	train
nist_3868886	train
nist_3868889	train
nist_3868899	train
nist_3868917	train
nist_3868931	train
nist_3868956	train
nist_3868967	train
nist_3870112	train
nist_3870127	train
nist_3870130	train
nist_3870142	train
nist_3870793	train
nist_3870805	train
nist_3870822	train
nist_3870833	train
nist_3871064	train
nist_3871079	train
nist_3871113	train
nist_3871124	train
nist_3871922	train
nist_3871933	train
nist_3871962	train
nist_3871972	train
nist_3872560	train
nist_3872575	train
nist_3872577	train
nist_3872706	train
nist_3872719	train
nist_3872724	train
nist_3872739	train
nist_3872898	train
nist_3872913	train
nist_3872951	train
nist_3872956	train
nist_3873074	train
nist_3873089	train
nist_3873119	train
nist_3873206	train
nist_3873221	train
nist_3873257	train
nist_3873270	train
nist_3873875	train
nist_3873888	train
nist_3873891	train
nist_3873906	train
nist_3874738	train
nist_3874751	train
nist_3875262	train
nist_3875272	train
nist_3875488	train
nist_3875544	train
nist_3875547	train
nist_3875562	train
nist_3875713	train
nist_3875728	train
nist_3875743	train
nist_3876276	train
nist_3876290	train
nist_3876295	train
nist_3876307	train
nist_3876319	train
nist_3876334	train
nist_3876389	train
nist_3876393	train
nist_3876784	train
nist_3876795	train
nist_3876987	train
nist_3877002	train
nist_3877020	train
nist_3877033	train
nist_3877336	train
nist_3877348	train
nist_3877623	train
nist_3877638	train
nist_3877758	train
nist_3877773	train
nist_3877775	train
nist_3877789	train
nist_3878079	train
nist_3878094	train
nist_3878096	train
nist_3878105	train
nist_3878154	train
nist_3878168	train
nist_3878184	train
nist_3878198	train
nist_3878305	train
nist_3878320	train
nist_3878325	train
nist_3878339	train
nist_3878509	train
nist_3878522	train
nist_3879160	train
nist_3879175	train
nist_3879189	train
nist_3879204	train
nist_3879372	train
nist_3879387	train
nist_3879677	train
nist_3879692	train
nist_3879841	train
nist_3879851	train
nist_3879853	train
nist_3880189	train
nist_3880204	train
nist_3880839	train
nist_3880854	train
nist_3881018	train
nist_3881028	train
nist_3881030	train
nist_3881042	train
nist_3881045	train
nist_3881060	train
nist_3881130	train
nist_3881145	train
nist_3881163	train
nist_3881295	train
nist_3881308	train
nist_3881334	train
nist_3881709	train
nist_3881720	train
nist_3882042	train
nist_3882055	train
nist_3882840	train
nist_3882854	train
nist_3882977	train
nist_3882988	train
nist_3883825	train
nist_3883840	train
nist_3884383	train
nist_3884396	train
nist_3884423	train
nist_3884436	train
nist_3884494	train
nist_3884507	train
nist_3884520	train
nist_3885130	train
nist_3885135	train
nist_3885141	train
nist_3885154	train
nist_3885181	train
nist_3885188	train
nist_3885605	train
nist_3885619	train
nist_3885621	train
nist_3885632	train
nist_3885721	train
nist_3885736	train
nist_3885755	train
nist_3885759	train
nist_3886746	train
nist_3886761	train
nist_3887127	train
nist_3887142	train
nist_3887153	train
nist_3887698	train
nist_3887713	train
nist_3887714	train
nist_3887721	train
nist_3888977	train
nist_3888992	train
nist_3889016	train
nist_3889241	train
nist_3889249	train
nist_3889261	train
nist_3889923	train
nist_3889936	train
nist_3889969	train
nist_3889970	train
nist_3889985	train
nist_3890736	train
nist_3890751	train
nist_3890757	train
nist_3890797	train
nist_3890812	train
nist_3890830	train
nist_3891185	train
nist_3891196	train
nist_3891266	train
nist_3891281	train
nist_3891296	train
nist_3891310	train
nist_3891313	train
nist_3891325	train
nist_3891593	train
nist_3891604	train
nist_3891618	train
nist_3891627	train
nist_3891680	train
nist_3891695	train
nist_3891709	train
nist_3891812	train
nist_3891822	train
nist_3891833	train
nist_3891880	train
nist_3891891	train
nist_3891893	train
nist_3892186	train
nist_3892201	train
nist_3892586	train
nist_3892601	train
nist_3892604	train
nist_3892615	train
nist_3892664	train
nist_3892679	train
nist_3892682	train
nist_3892696	train
nist_3892918	train
nist_3892953	train
nist_3892961	train
nist_3893157	train
nist_3893166	train
nist_3893169	train
nist_3893177	train
nist_3893890	train
nist_3893898	train
nist_3893899	train
nist_3893991	train
nist_3894005	train
nist_3894037	train
nist_3894038	train
nist_3894039	train
nist_3894054	train
nist_3894068	train
nist_3894189	train
nist_3894202	train
nist_3894216	train
nist_3894231	train
nist_3894243	train
nist_3894244	train
nist_3894706	train
nist_3894721	train
nist_3894740	train
nist_3894751	train
nist_3895182	train
nist_3895197	train
nist_3895214	train
nist_3895229	train
nist_3895240	train
nist_3895255	train
nist_3895268	train
nist_3895592	train
nist_3895607	train
nist_3895637	train
nist_3895647	train
nist_3896484	train
nist_3896499	train
nist_3896500	train
nist_3896908	train
nist_3896923	train
nist_3896926	train
nist_3896939	train
nist_3896995	train
nist_3896999	train
nist_3897019	train
nist_3897032	train
nist_3897932	train
nist_3897943	train
nist_3897963	train
nist_3897966	train
nist_3899764	train
nist_3899770	train
nist_3899799	train
nist_3899804	train
nist_3900095	train
nist_3900110	train
nist_3900151	train
nist_3900359	train
nist_3900373	train
nist_3900489	train
nist_3900501	train
nist_3900514	train
nist_3900733	train
nist_3900748	train
nist_3900759	train
nist_3900772	train
nist_3901167	train
nist_3901182	train
nist_3901190	train
nist_3901488	train
nist_3901501	train
nist_3901503	train
nist_3901514	train
nist_3902462	train
nist_3902470	train
nist_3902482	train
nist_3903293	train
nist_3903303	train
nist_3904150	train
nist_3904154	train
nist_3904169	train
nist_3904181	train
nist_3904350	train
nist_3904355	train
nist_3904357	train
nist_3904368	train
nist_3904652	train
nist_3904664	train
nist_3904919	train
nist_3904928	train
nist_3904929	train
nist_3905477	train
nist_3905488	train
nist_3905730	train
nist_3905742	train
nist_3905930	train
nist_3905944	train
nist_3906010	train
nist_3906025	train
nist_3906144	train
nist_3906157	train
nist_3906175	train
nist_3906190	train
nist_3906249	train
nist_3906264	train
nist_3906280	train
nist_3906283	train
nist_3906510	train
nist_3906518	train
nist_3906520	train
nist_3906531	train
nist_3906654	train
nist_3906663	train
nist_3907142	train
nist_3907154	train
nist_3907171	train
nist_3907186	train
nist_3907238	train
nist_3907253	train
nist_3907272	train
nist_3907279	train
nist_3907322	train
nist_3907404	train
nist_3907415	train
nist_3907500	train
nist_3907515	train
nist_3907517	train
nist_3907532	train
nist_3907567	train
nist_3907582	train
nist_3907584	train
nist_3907599	train
nist_3907682	train
nist_3907697	train
nist_3907699	train
nist_3907820	train
nist_3908175	train
nist_3908190	train
nist_3908193	train
nist_3908204	train
nist_3908375	train
nist_3908390	train
nist_3908408	train
nist_3908416	train
nist_3909612	train
nist_3909627	train
nist_3909645	train
nist_3909655	train
nist_3909822	train
nist_3909836	train
nist_3909838	train
nist_3909850	train
nist_3909990	train
nist_3910005	train
nist_3910008	train
nist_3910022	train
nist_3911083	train
nist_3911097	train
nist_3911977	train
nist_3911992	train
nist_3912011	train
nist_3912025	train
nist_3912323	train
nist_3912333	train
nist_3912340	train
nist_3912348	train
nist_3912682	train
nist_3912697	train
nist_3912700	train
nist_3912715	train
nist_3912823	train
nist_3912838	train
nist_3912870	train
nist_3912881	train
nist_3913100	train
nist_3913115	train
nist_3913120	train
nist_3913134	train
nist_3913941	train
nist_3913954	train
nist_3913970	train
nist_3914533	train
nist_3914562	train
nist_3914569	train
nist_3915738	train
nist_3915753	train
nist_3915855	train
nist_3915867	train
nist_3915897	train
nist_3915904	train
nist_3916140	train
nist_3916153	train
nist_3916217	train
nist_3916228	train
nist_3916247	train
nist_3916262	train
nist_3916264	train
nist_3916569	train
nist_3916581	train
nist_3916585	train
nist_3916593	train
nist_3916594	train
nist_3916605	train
nist_3916664	train
nist_3916676	train
nist_3918587	train
nist_3918600	train
nist_3918606	train
nist_3918645	train
nist_3918660	train
nist_3918664	train
nist_3918672	train
nist_3919270	train
nist_3919285	train
nist_3919290	train
nist_3919295	train
nist_3919468	train
nist_3919480	train
nist_3919527	train
nist_3919542	train
nist_3919590	train
nist_3919601	train
nist_3919622	train
nist_3919637	train
nist_3919767	train
nist_3919800	train
nist_3919811	train
nist_3920107	train
nist_3920119	train
nist_3920145	train
nist_3920150	train
nist_3920419	train
nist_3920682	train
nist_3920696	train
nist_3920729	train
nist_3920739	train
nist_3921156	train
nist_3921171	train
nist_3921172	train
nist_3921176	train
nist_3921381	train
nist_3921394	train
nist_3921412	train
nist_3921419	train
nist_3921505	train
nist_3921507	train
nist_3921742	train
nist_3921752	train
nist_3921767	train
nist_3921773	train
nist_3922931	train
nist_3922945	train
nist_3922964	train
nist_3922972	train
nist_3922987	train
nist_3922989	train
nist_3923002	train
nist_3923714	train
nist_3923728	train
nist_3923845	train
nist_3923859	train
nist_3924056	train
nist_3924071	train
nist_3924090	train
nist_3927375	train
nist_3927388	train
nist_3927389	train
nist_3927400	train
nist_3927451	train
nist_3927468	train
nist_3928057	train
nist_3928065	train
nist_3928074	train
nist_3928086	train
nist_3928096	train
nist_3928106	train
nist_3928119	train
nist_3928132	train
nist_3928159	train
nist_3928174	train
nist_3928311	train
nist_3928322	train
nist_3928331	train
nist_3928341	train
nist_3928432	train
nist_3928443	train
nist_3928467	train
nist_3928478	train
nist_3928733	train
nist_3928746	train
nist_3928747	train
nist_3928748	train
nist_3928761	train
nist_3928775	train
nist_3928776	train
nist_3928787	train
nist_3928801	train
nist_3928823	train
nist_3928837	train
nist_3928850	train
nist_3928857	train
nist_3928897	train
nist_3928908	train
nist_3928920	train
nist_3928925	train
nist_3929290	train
nist_3929300	train
nist_3929307	train
nist_3929318	train
nist_3929742	train
nist_3929756	train
nist_3929771	train
nist_3929781	train
nist_3930144	train
nist_3930159	train
nist_3930172	train
nist_3930351	train
nist_3930364	train
nist_3930376	train
nist_3930380	train
nist_3930658	train
nist_3930668	train
nist_3930669	train
nist_3930776	train
nist_3930790	train
nist_3930800	train
nist_3930806	train
nist_3931036	train
nist_3931045	train
nist_3931046	train
nist_3931057	train
nist_3931200	train
nist_3931202	train
nist_3931216	train
nist_3931217	train
nist_3931228	train
nist_3931836	train
nist_3931853	train
nist_3931872	train
nist_3931887	train
nist_3932347	train
nist_3932358	train
nist_3932372	train
nist_3932384	train
nist_3933672	train
nist_3933686	train
nist_3933712	train
nist_3933724	train
nist_3934298	train
nist_3934311	train
nist_3934325	train
nist_3934332	train
nist_3934588	train
nist_3934593	train
nist_3934594	train
nist_3934604	train
nist_3935004	train
nist_3935017	train
nist_3935018	train
nist_3935027	train
nist_3935043	train
nist_3935053	train
nist_3935054	train
nist_3935069	train
nist_3935098	train
nist_3935103	train
nist_3935104	train
nist_3935109	train
nist_3935259	train
nist_3935273	train
nist_3935401	train
nist_3935412	train
nist_3935426	train
nist_3935436	train
nist_3935477	train
nist_3935487	train
nist_3935500	train
nist_3935505	train
nist_3935655	train
nist_3935672	train
nist_3935706	train
nist_3935967	train
nist_3935982	train
nist_3936013	train
nist_3936026	train
nist_3937428	train
nist_3937438	train
nist_3937439	train
nist_3937452	train
nist_3937703	train
nist_3937718	train
nist_3937733	train
nist_3937745	train
nist_3937800	train
nist_3937805	train
nist_3937820	train
nist_3937916	train
nist_3937928	train
nist_3937941	train
nist_3937956	train
nist_3937964	train
nist_3937979	train
nist_3937987	train
nist_3938001	train
nist_3938110	train
nist_3938121	train
nist_3938122	train
nist_3938127	train
nist_3938237	train
nist_3938248	train
nist_3938249	train
nist_3938261	train
nist_3938262	train
nist_3938275	train
nist_3938276	train
nist_3938292	train
nist_3938305	train
nist_3938319	train
nist_3938336	train
nist_3938351	train
nist_3938636	train
nist_3938648	train
nist_3938655	train
nist_3938659	train
nist_3938888	train
nist_3938902	train
nist_3942095	train
nist_3942106	train
nist_3942113	train
nist_3942876	train
nist_3942889	train
nist_3942900	train
nist_3942915	train
nist_3943819	train
nist_3943830	train
nist_3943841	train
nist_3943848	train
nist_3950552	train
nist_3950561	train
nist_3950570	train
nist_3950577	train
nist_3950598	train
nist_3950610	train
nist_3950611	train
nist_3950623	train
nist_3951634	train
nist_3951644	train
nist_3951645	train
nist_3951654	train
nist_3951693	train
nist_3951702	train
nist_3951703	train
nist_3951715	train
nist_3952233	train
nist_3952245	train
nist_3952260	train
nist_3952264	train
nist_3952633	train
nist_3952649	train
nist_3952650	train
nist_3952665	train
nist_3952802	train
nist_3952809	train
nist_3953117	train
nist_3953122	train
nist_3953136	train
nist_3953850	train
nist_3953862	train
nist_3953877	train
nist_3953891	train
nist_3953904	train
nist_3955651	train
nist_3955667	train
nist_3955668	train
nist_3955683	train
nist_3955878	train
nist_3955890	train
nist_3956105	train
nist_3956113	train
nist_3956299	train
nist_3956311	train
nist_3956425	train
nist_3956440	train
nist_3956441	train
nist_3956448	train
nist_3957114	train
nist_3957124	train
nist_3959015	train
nist_3959025	train
nist_3959030	train
nist_3960318	train
nist_3960776	train
nist_3960790	train
nist_3960791	train
nist_3960805	train
nist_3961216	train
nist_3961231	train
nist_3961232	train
nist_3961315	train
nist_3961322	train
nist_3961419	train
nist_3961432	train
nist_3961433	train
nist_3961444	train
nist_3961806	train
nist_3961811	train
nist_3962821	train
nist_3962835	train
nist_3964349	train
nist_3964363	train
nist_3964364	train
nist_3964390	train
nist_3964398	train
nist_3965308	train
nist_3965325	train
nist_3965343	train
nist_3965350	train
nist_3965957	train
nist_3965969	train
nist_3965970	train
nist_3965982	train
nist_3966141	train
nist_3966154	train
nist_3966167	train
nist_3966171	train
nist_3966437	train
nist_3966451	train
nist_3966467	train
nist_3966475	train
nist_3966578	train
nist_3966590	train
nist_3966591	train
nist_3966596	train
nist_3967133	train
nist_3967142	train
nist_3967143	train
nist_3967147	train
nist_3967157	train
nist_3967174	train
nist_3967207	train
nist_3967213	train
nist_3967853	train
nist_3968010	train
nist_3968023	train
nist_3968024	train
nist_3968037	train
nist_3968461	train
nist_3968472	train
nist_3968531	train
nist_3968542	train
nist_3968543	train
nist_3968555	train
nist_3969127	train
nist_3969140	train
nist_3969157	train
nist_3969164	train
nist_3969195	train
nist_3969205	train
nist_3969206	train
nist_3969220	train
nist_3969509	train
nist_3969523	train
nist_3969529	train
nist_3969534	train
nist_3969619	train
nist_3969631	train
nist_3970004	train
nist_3970014	train
nist_3970028	train
nist_3970038	train
nist_3970200	train
nist_3970213	train
nist_3970230	train
nist_3970240	train
nist_3970259	train
nist_3970270	train
nist_3970283	train
nist_3970297	train
nist_3970353	train
nist_3970355	train
nist_3970934	train
nist_3970940	train
nist_3971978	train
nist_3971994	train
nist_3972027	train
nist_3973708	train
nist_3973723	train
nist_3973735	train
nist_3973751	train
nist_3973764	train
nist_3973779	train
nist_3973795	train
nist_3974157	train
nist_3974173	train
nist_3974189	train
nist_3974194	train
nist_3974477	train
nist_3974490	train
nist_3974491	train
nist_3974501	train
nist_3974593	train
nist_3974608	train
nist_3974622	train
nist_3974636	train
nist_3974797	train
nist_3974810	train
nist_3974838	train
nist_3974843	train
nist_3974870	train
nist_3974882	train
nist_3974892	train
nist_3974902	train
nist_3974974	train
nist_3974988	train
nist_3975005	train
nist_3975015	train
nist_3975029	train
nist_3975042	train
nist_3975043	train
nist_3975056	train
nist_3975241	train
nist_3975254	train
nist_3975274	train
nist_3975279	train
nist_3975335	train
nist_3975347	train
nist_3975360	train
nist_3975486	train
nist_3975500	train
nist_3975515	train
nist_3975520	train
nist_3975665	train
nist_3975681	train
nist_3975699	train
nist_3975707	train
nist_3975860	train
nist_3975872	train
nist_3975887	train
nist_3975896	train
nist_3976233	train
nist_3976234	train
nist_3976246	train
nist_3976548	train
nist_3976552	train
nist_3976608	train
nist_3976624	train
nist_3976642	train
nist_3976699	train
nist_3976713	train
nist_3976863	train
nist_3976875	train
nist_3976899	train
nist_3976912	train
nist_3977240	train
nist_3977255	train
nist_3977271	train
nist_3977272	train
nist_3977276	train
nist_3977897	train
nist_3977909	train
nist_3977910	train
nist_3977922	train
nist_3978296	train
nist_3978311	train
nist_3978483	train
nist_3978498	train
nist_3978626	train
nist_3978640	train
nist_3978641	train
nist_3978654	train
nist_3978805	train
nist_3978819	train
nist_3979318	train
nist_3979330	train
nist_3979343	train
nist_3979348	train
nist_3980081	train
nist_3980097	train
nist_3980098	train
nist_3980106	train
nist_3980945	train
nist_3980955	train
nist_3980976	train
nist_3980991	train
nist_3981007	train
nist_3981222	train
nist_3981237	train
nist_3981238	train
nist_3981241	train
nist_3981568	train
nist_3981585	train
nist_3982290	train
nist_3982305	train
nist_3982317	train
nist_3982488	train
nist_3982499	train
nist_3982500	train
nist_3982511	train
nist_3983089	train
nist_3983106	train
nist_3983353	train
nist_3983370	train
nist_3983383	train
nist_3983388	train
nist_3983666	train
nist_3983683	train
nist_3983701	train
nist_3983709	train
nist_3983772	train
nist_3983786	train
nist_3984542	train
nist_3984558	train
nist_3984568	train
nist_3984583	train
nist_3984608	train
nist_3984623	train
nist_3984750	train
nist_3984760	train
nist_3984761	train
nist_3985339	train
nist_3985349	train
nist_3985368	train
nist_3985447	train
nist_3985459	train
nist_3985479	train
nist_3985686	train
nist_3985700	train
nist_3985713	train
nist_3985720	train
nist_3986371	train
nist_3986384	train
nist_3986392	train
nist_3986464	train
nist_3986473	train
nist_3986635	train
nist_3986649	train
nist_3986662	train
nist_3986668	train
nist_3987086	train
nist_3987103	train
nist_3987122	train
nist_3988699	train
nist_3988715	train
nist_3988725	train
nist_3989531	train
nist_3989546	train
nist_3989575	train
nist_3989580	train
nist_3989674	train
nist_3989687	train
nist_3989700	train
nist_3989715	train
nist_3990001	train
nist_3990010	train
nist_3990020	train
nist_3990032	train
nist_3990068	train
nist_3990083	train
nist_3990344	train
nist_3990357	train
nist_3990369	train
nist_3990381	train
nist_3990588	train
nist_3990600	train
nist_3990623	train
nist_3990629	train
nist_3990738	train
nist_3990744	train
nist_3990745	train
nist_3990749	train
nist_3991183	train
nist_3991197	train
nist_3991198	train
nist_3991212	train
nist_3991242	train
nist_3991258	train
nist_3991259	train
nist_3991269	train
nist_3991422	train
nist_3991434	train
nist_3991435	train
nist_3991839	train
nist_3991854	train
nist_3991896	train
nist_3991908	train
nist_3992867	train
nist_3992878	train
nist_3992879	train
nist_3992891	train
nist_3993108	train
nist_3993118	train
nist_3993512	train
nist_3993528	train
nist_3993542	train
nist_3993549	train
nist_3993610	train
nist_3993621	train
nist_3994225	train
nist_3994239	train
nist_3994240	train
nist_3994251	train
nist_3994303	train
nist_3994316	train
nist_3994317	train
nist_3995385	train
nist_3995397	train
nist_3995398	train
nist_3995415	train
nist_3995543	train
nist_3995558	train
nist_3995572	train
nist_3995577	train
nist_3995591	train
nist_3995610	train
nist_3995625	train
nist_3995638	train
nist_3995644	train
nist_3995961	train
nist_3995978	train
nist_3996285	train
nist_3996298	train
nist_3996299	train
nist_3996304	train
nist_3996368	train
nist_3996381	train
nist_3996392	train
nist_3996403	train
nist_3996409	train
nist_3996422	train
nist_3996524	train
nist_3996537	train
nist_3996538	train
nist_3996548	train
nist_3996774	train
nist_3996791	train
nist_3996792	train
nist_3996806	train
nist_3997384	train
nist_3997400	train
nist_3997432	train
nist_3998287	train
nist_3998301	train
nist_3998313	train
nist_3998325	train
nist_3999080	train
nist_3999095	train
nist_3999111	train
nist_3999114	train
nist_3999467	train
nist_3999481	train
nist_3999493	train
nist_3999498	train
nist_4005693	train
nist_4005706	train
nist_4005707	train
nist_4005718	train
nist_4006312	train
nist_4006325	train
nist_4006326	train
nist_4006336	train
nist_4006424	train
nist_4006433	train
nist_4006434	train
nist_4006498	train
nist_4006508	train
nist_4006690	train
nist_4006700	train
nist_4006728	train
nist_4006742	train
nist_4006760	train
nist_4006768	train
nist_4007338	train
nist_4007350	train
nist_4007779	train
nist_4007794	train
nist_4007828	train
nist_4007837	train
nist_4007994	train
nist_4008009	train
nist_4008025	train
nist_4008033	train
nist_4008212	train
nist_4008225	train
nist_4008457	train
nist_4008467	train
nist_4008672	train
nist_4008682	train
nist_4008683	train
nist_4008699	train
nist_4008954	train
nist_4008970	train
nist_4008978	train
nist_4008984	train
nist_4008985	train
nist_4009002	train
nist_4009017	train
nist_4009026	train
nist_4009527	train
nist_4009541	train
nist_4009542	train
nist_4009557	train
nist_4009558	train
nist_4009570	train
nist_4009588	train
nist_4009597	train
nist_4010145	train
nist_4010159	train
nist_4010160	train
nist_4010921	train
nist_4010936	train
nist_4010952	train
nist_4010962	train
nist_4011157	train
nist_4011174	train
nist_4011186	train
nist_4012041	train
nist_4012408	train
nist_4012425	train
nist_4012441	train
nist_4012449	train
nist_4013609	train
nist_4013624	train
nist_4013625	train
nist_4013637	train
nist_4014212	train
nist_4014227	train
nist_4014228	train
nist_4014239	train
nist_4016039	train
nist_4016048	train
nist_4017703	train
nist_4017714	train
nist_4017727	train
nist_4017733	train
nist_4018260	train
nist_4018269	train
nist_4018282	train
nist_4018295	train
nist_4018780	train
nist_4018788	train
nist_4018803	train
nist_4018809	train
nist_4018897	train
nist_4018912	train
nist_4018927	train
nist_4018933	train
nist_4019140	train
nist_4019155	train
nist_4019185	train
nist_4019250	train
nist_4019266	train
nist_4019281	train
nist_4019823	train
nist_4019839	train
nist_4020341	train
nist_4020353	train
nist_4020354	train
nist_4020366	train
nist_4020440	train
nist_4020454	train
nist_4020468	train
nist_4020651	train
nist_4020665	train
nist_4020692	train
nist_4020752	train
nist_4020768	train
nist_4020802	train
nist_4020816	train
nist_4020886	train
nist_4020887	train
nist_4020918	train
nist_4020926	train
nist_4021278	train
nist_4021293	train
nist_4021304	train
nist_4021317	train
nist_4021513	train
nist_4021530	train
nist_4021540	train
nist_4021550	train
nist_4021551	train
nist_4021568	train
nist_4021584	train
nist_4021771	train
nist_4021788	train
nist_4021805	train
nist_4021818	train
nist_4021953	train
nist_4021968	train
nist_4021979	train
nist_4021990	train
nist_4021991	train
nist_4022005	train
nist_4022021	train
nist_4022028	train
nist_4022149	train
nist_4022164	train
nist_4022165	train
nist_4022204	train
nist_4022217	train
nist_4022218	train
nist_4022224	train
nist_4022285	train
nist_4022286	train
nist_4022300	train
nist_4022377	train
nist_4022385	train
nist_4022395	train
nist_4023053	train
nist_4023385	train
nist_4023399	train
nist_4023400	train
nist_4023411	train
nist_4023424	train
nist_4023436	train
nist_4023452	train
nist_4023464	train
nist_4023740	train
nist_4023754	train
nist_4023767	train
nist_4023911	train
nist_4023925	train
nist_4023985	train
nist_4023993	train
nist_4024098	train
nist_4024115	train
nist_4024143	train
nist_4024155	train
nist_4024359	train
nist_4024374	train
nist_4024375	train
nist_4024387	train
nist_4024479	train
nist_4024487	train
nist_4024488	train
nist_4024502	train
nist_4024811	train
nist_4024821	train
nist_4024822	train
nist_4024828	train
nist_4025927	train
nist_4025939	train
nist_4025940	train
nist_4025951	train
nist_4025978	train
nist_4025986	train
nist_4026574	train
nist_4026575	train
nist_4026583	train
nist_4027386	train
nist_4027395	train
nist_4027503	train
nist_4027517	train
nist_4027518	train
nist_4027531	train
nist_4027858	train
nist_4027859	train
nist_4027860	train
nist_4028153	train
nist_4028161	train
nist_4028162	train
nist_4028819	train
nist_4028836	train
nist_4028855	train
nist_4028856	train
nist_4028869	train
nist_4028870	train
nist_4028884	train
nist_4029671	train
nist_4029680	train
nist_4029681	train
nist_4029698	train
nist_4029753	train
nist_4029765	train
nist_4029766	train
nist_4029777	train
nist_4030136	train
nist_4030150	train
nist_4030151	train
nist_4030166	train
nist_4030392	train
nist_4030406	train
nist_4030407	train
nist_4030418	train
nist_4030544	train
nist_4030561	train
nist_4030579	train
nist_4030585	train
nist_4030758	train
nist_4030774	train
nist_4030775	train
nist_4030789	train
nist_4031051	train
nist_4031052	train
nist_4031063	train
nist_4031231	train
nist_4031246	train
nist_4031263	train
nist_4031268	train
nist_4031329	train
nist_4031341	train
nist_4031342	train
nist_4031349	train
nist_4031792	train
nist_4032555	train
nist_4032566	train
nist_4032567	train
nist_4032578	train
nist_4032868	train
nist_4032873	train
nist_4032884	train
nist_4033126	train
nist_4033140	train
nist_4033141	train
nist_4033231	train
nist_4033246	train
nist_4033261	train
nist_4033346	train
nist_4033357	train
nist_4033369	train
nist_4033377	train
nist_4033632	train
nist_4033645	train
nist_4033659	train
nist_4034079	train
nist_4034089	train
nist_4034090	train
nist_4034288	train
nist_4034299	train
nist_4034300	train
nist_4034325	train
nist_4034834	train
nist_4034846	train
nist_4034847	train
nist_4034863	train
nist_4036826	train
nist_4038146	train
nist_4038159	train
nist_4038502	train
nist_4038517	train
nist_4038573	train
nist_4038587	train
nist_4038601	train
nist_4039298	train
nist_4039311	train
nist_4039374	train
nist_4039386	train
nist_4040073	train
nist_4040088	train
nist_4040089	train
nist_4040100	train
nist_4040101	train
nist_4040359	train
nist_4040374	train
nist_4040388	train
nist_4040400	train
nist_4040415	train
nist_4040430	train
nist_4040499	train
nist_4040513	train
nist_4040514	train
nist_4040526	train
nist_4040663	train
nist_4040677	train
nist_4040724	train
nist_4040738	train
nist_4040854	train
nist_4040867	train
nist_4040924	train
nist_4040938	train
nist_4040952	train
nist_4040963	train
nist_4041818	train
nist_4041830	train
nist_4041874	train
nist_4041877	train
nist_4041975	train
nist_4041989	train
nist_4042018	train
nist_4042023	train
nist_4042324	train
nist_4042336	train
nist_4042337	train
nist_4043217	train
nist_4043229	train
nist_4043258	train
nist_4043272	train
nist_4043518	train
nist_4043533	train
nist_4043561	train
nist_4043866	train
nist_4043878	train
nist_4043879	train
nist_4044054	train
nist_4044068	train
nist_4044099	train
nist_4044106	train
nist_4044238	train
nist_4044255	train
nist_4044256	train
nist_4044267	train
nist_4044627	train
nist_4044639	train
nist_4045002	train
nist_4045014	train
nist_4045041	train
nist_4045051	train
nist_4045294	train
nist_4045303	train
nist_4045304	train
nist_4045315	train
nist_4046333	train
nist_4046344	train
nist_4046345	train
nist_4046356	train
nist_4046698	train
nist_4046713	train
nist_4046714	train
nist_4046720	train
nist_4046904	train
nist_4046921	train
nist_4046939	train
nist_4047517	train
nist_4047531	train
nist_4048888	train
nist_4049077	train
nist_4049078	train
nist_4049091	train
nist_4050042	train
nist_4050056	train
nist_4050336	train
nist_4050352	train
nist_4050367	train
nist_4051184	train
nist_4051197	train
nist_4051199	train
nist_4051479	train
nist_4051491	train
nist_4051505	train
nist_4051520	train
nist_4051809	train
nist_4051822	train
nist_4051849	train
nist_4051863	train
nist_4051864	train
nist_4051877	train
nist_4052312	train
nist_4052327	train
nist_4052367	train
nist_4052381	train
nist_4052395	train
nist_4052968	train
nist_4052976	train
nist_4053004	train
nist_4053016	train
nist_4053447	train
nist_4053460	train
nist_4053505	train
nist_4053518	train
nist_4053546	train
nist_4053560	train
nist_4053574	train
nist_4053584	train
nist_4053597	train
nist_4053611	train
nist_4053624	train
nist_4054479	train
nist_4054493	train
nist_4054509	train
nist_4054514	train
nist_4054744	train
nist_4054757	train
nist_4054758	train
nist_4054772	train
nist_4054789	train
nist_4054790	train
nist_4056124	train
nist_4056140	train
nist_4056141	train
nist_4056157	train
nist_4057529	train
nist_4057542	train
nist_4069240	train
nist_4069255	train
nist_4069277	train
nist_4069284	train
nist_4069307	train
nist_4069322	train
nist_4069324	train
nist_4071103	train
nist_4071117	train
nist_4071141	train
nist_4072110	train
nist_4072117	train
nist_4072118	train
nist_4072133	train
nist_4072260	train
nist_4072271	train
nist_4072273	train
nist_4072278	train
nist_4072484	train
nist_4072498	train
nist_4072502	train
nist_4072507	train
nist_4073256	train
nist_4073271	train
nist_4073292	train
nist_4073298	train
nist_4073338	train
nist_4073346	train
nist_4073446	train
nist_4073460	train
nist_4073878	train
nist_4073890	train
nist_4075155	train
nist_4075170	train
nist_4075172	train
nist_4075420	train
nist_4075423	train
nist_4075424	train
nist_4075432	train
nist_4077234	train
nist_4077248	train
nist_4077254	train
nist_4077696	train
nist_4077705	train
nist_4077711	train
nist_4077722	train
nist_4077723	train
nist_4077738	train
nist_4077742	train
nist_4078072	train
nist_4078086	train
nist_4078106	train
nist_4078294	train
nist_4078309	train
nist_4078314	train
nist_4078835	train
nist_4078850	train
nist_4078873	train
nist_4079253	train
nist_4079268	train
nist_4079273	train
nist_4079288	train
nist_4079307	train
nist_4079321	train
nist_4079340	train
nist_4079348	train
nist_4079870	train
nist_4079885	train
nist_4080385	train
nist_4080398	train
nist_4080417	train
nist_4080425	train
nist_4081084	train
nist_4081099	train
nist_4081117	train
nist_4081132	train
nist_4081133	train
nist_4081148	train
nist_4081155	train
nist_4081168	train
nist_4082916	train
nist_4082931	train
nist_4082955	train
nist_4082961	train
nist_4083328	train
nist_4083333	train
nist_4083343	train
nist_4083350	train
nist_4083424	train
nist_4083439	train
nist_4083458	train
nist_4083466	train
nist_4083795	train
nist_4083802	train
nist_4083811	train
nist_4083822	train
nist_4084139	train
nist_4084154	train
nist_4084263	train
nist_4084278	train
nist_4084302	train
nist_4084314	train
nist_4084318	train
nist_4084327	train
nist_4084329	train
nist_4084344	train
nist_4084388	train
nist_4084398	train
nist_4085411	train
nist_4085426	train
nist_4085430	train
nist_4085445	train
nist_4086187	train
nist_4086201	train
nist_4086224	train
nist_4086239	train
nist_4086425	train
nist_4086432	train
nist_4086448	train
nist_4086461	train
nist_4086592	train
nist_4086925	train
nist_4086937	train
nist_4087120	train
nist_4087131	train
nist_4087555	train
nist_4087570	train
nist_4088149	train
nist_4088186	train
nist_4088252	train
nist_4088267	train
nist_4088278	train
nist_4088704	train
nist_4088719	train
nist_4088878	train
nist_4089125	train
nist_4089139	train
nist_4089450	train
nist_4089464	train
nist_4090080	train
nist_4091590	train
nist_4091610	train
nist_4092321	train
nist_4092340	train
nist_4092344	train
nist_4092673	train
nist_4092833	train
nist_4092857	train
nist_4093162	train
nist_4093177	train
nist_4093189	train
nist_4093196	train
nist_4093325	train
nist_4093340	train
nist_4093714	train
nist_4093728	train
nist_4093879	train
nist_4093894	train
nist_4094091	train
nist_4094106	train
nist_4094477	train
nist_4094492	train
nist_4094555	train
nist_4094569	train
nist_4094957	train
nist_4095037	train
nist_4095052	train
nist_4095117	train
nist_4095131	train
nist_4096198	train
nist_4096212	train
nist_4096213	train
nist_4096221	train
nist_4096593	train
nist_4096602	train
nist_4096603	train
nist_4097181	train
nist_4097192	train
nist_4097193	train
nist_4097206	train
nist_4097348	train
nist_4097360	train
nist_4097361	train
nist_4097372	train
nist_4097373	train
nist_4097426	train
nist_4097438	train
nist_4097499	train
nist_4097512	train
nist_4097513	train
nist_4097526	train
nist_4097541	train
nist_4097556	train
nist_4097571	train
nist_4097664	train
nist_4097680	train
nist_4097681	train
nist_4097698	train
nist_4097810	train
nist_4097821	train
nist_4097840	train
nist_4097847	train
nist_4097926	train
nist_4097942	train
nist_4097972	train
nist_4097976	train
nist_4098391	train
nist_4098403	train
nist_4098409	train
nist_4098417	train
nist_4098568	train
nist_4098582	train
nist_4098598	train
nist_4098605	train
nist_4099221	train
nist_4099235	train
nist_4099236	train
nist_4099241	train
nist_4099727	train
nist_4099740	train
nist_4099741	train
nist_4099755	train
nist_4099780	train
nist_4099794	train
nist_4099809	train
nist_4099822	train
nist_4100208	train
nist_4100217	train
nist_4101019	train
nist_4101030	train
nist_4101031	train
nist_4101048	train
nist_4102065	train
nist_4102072	train
nist_4102109	train
nist_4102123	train
nist_4102124	train
nist_4102138	train
nist_4102208	train
nist_4102220	train
nist_4102627	train
nist_4102638	train
nist_4102651	train
nist_4102660	train
nist_4102670	train
nist_4102682	train
nist_4102966	train
nist_4102971	train
nist_4102985	train
nist_4103056	train
nist_4103071	train
nist_4103096	train
nist_4103110	train
nist_4103225	train
nist_4103236	train
nist_4103237	train
nist_4103249	train
nist_4103515	train
nist_4103530	train
nist_4103531	train
nist_4103546	train
nist_4103717	train
nist_4103732	train
nist_4103733	train
nist_4103746	train
nist_4103924	train
nist_4103937	train
nist_4105006	train
nist_4105019	train
nist_4105385	train
nist_4105398	train
nist_4105403	train
nist_4105409	train
nist_4105539	train
nist_4105553	train
nist_4105567	train
nist_4105572	train
nist_4105922	train
nist_4105935	train
nist_4106354	train
nist_4106368	train
nist_4106369	train
nist_4106374	train
nist_4106425	train
nist_4106433	train
nist_4106447	train
nist_4106476	train
nist_4106491	train
nist_4106492	train
nist_4106711	train
nist_4106723	train
nist_4106793	train
nist_4106807	train
nist_4106820	train
nist_4106823	train
nist_4106990	train
nist_4107005	train
nist_4107029	train
nist_4107250	train
nist_4107260	train
nist_4107261	train
nist_4107269	train
nist_4108359	train
nist_4108375	train
nist_4108393	train
nist_4108642	train
nist_4108654	train
nist_4108670	train
nist_4108679	train
nist_4109700	train
nist_4109714	train
nist_4109715	train
nist_4109724	train
nist_4110209	train
nist_4110223	train
nist_4110224	train
nist_4110237	train
nist_4110286	train
nist_4110303	train
nist_4110316	train
nist_4110324	train
nist_4110380	train
nist_4110392	train
nist_4110468	train
nist_4110480	train
nist_4110639	train
nist_4110653	train
nist_4111623	train
nist_4111638	train
nist_4111639	train
nist_4111640	train
nist_4111651	train
nist_4111718	train
nist_4111732	train
nist_4111751	train
nist_4111766	train
nist_4112037	train
nist_4112053	train
nist_4112070	train
nist_4112076	train
nist_4112077	train
nist_4112090	train
nist_4112098	train
nist_4112310	train
nist_4112324	train
nist_4112380	train
nist_4112390	train
nist_4112391	train
nist_4112397	train
nist_4112409	train
nist_4112424	train
nist_4112440	train
nist_4112451	train
nist_4112452	train
nist_4112465	train
nist_4112466	train
nist_4112475	train
nist_4112823	train
nist_4112835	train
nist_4112846	train
nist_4112854	train
nist_4112895	train
nist_4112907	train
nist_4112919	train
nist_4113077	train
nist_4113093	train
nist_4113109	train
nist_4113113	train
nist_4113168	train
nist_4113181	train
nist_4113373	train
nist_4113390	train
nist_4113408	train
nist_4113414	train
nist_4113668	train
nist_4113681	train
nist_4113682	train
nist_4113683	train
nist_4113694	train
nist_4113695	train
nist_4113710	train
nist_4113741	train
nist_4113745	train
nist_4113863	train
nist_4113878	train
nist_4113879	train
nist_4113891	train
nist_4113917	train
nist_4113918	train
nist_4113930	train
nist_4114257	train
nist_4114269	train
nist_4114342	train
nist_4114355	train
nist_4114378	train
nist_4114390	train
nist_4114391	train
nist_4114400	train
nist_4114441	train
nist_4114458	train
nist_4114459	train
nist_4114476	train
nist_4114931	train
nist_4114944	train
nist_4116077	train
nist_4116093	train
nist_4116105	train
nist_4116111	train
nist_4117003	train
nist_4117019	train
nist_4117020	train
nist_4117877	train
nist_4117887	train
nist_4118115	train
nist_4118130	train
nist_4118143	train
nist_4118151	train
nist_4118522	train
nist_4118537	train
nist_4118548	train
nist_4118558	train
nist_4119413	train
nist_4119422	train
nist_4119482	train
nist_4119496	train
nist_4120091	train
nist_4120105	train
nist_4120198	train
nist_4120203	train
nist_4120204	train
nist_4120330	train
nist_4120347	train
nist_4120364	train
nist_4120373	train
nist_4120739	train
nist_4121114	train
nist_4121128	train
nist_4121298	train
nist_4121586	train
nist_4121587	train
nist_4121602	train
nist_4122952	train
nist_4122964	train
nist_4122965	train
nist_4122978	train
nist_4123270	train
nist_4123287	train
nist_4123301	train
nist_4123310	train
nist_4123634	train
nist_4123646	train
nist_4123659	train
nist_4123675	train
nist_4123690	train
nist_4123701	train
nist_4123780	train
nist_4123791	train
nist_4123807	train
nist_4123816	train
nist_4124222	train
nist_4124235	train
nist_4124236	train
nist_4124244	train
nist_4124408	train
nist_4124420	train
nist_4124421	train
nist_4124614	train
nist_4124631	train
nist_4124632	train
nist_4124640	train
nist_4125110	train
nist_4125124	train
nist_4125471	train
nist_4125483	train
nist_4125504	train
nist_4125517	train
nist_4125526	train
nist_4125539	train
nist_4125550	train
nist_4125556	train
nist_4125785	train
nist_4125802	train
nist_4125803	train
nist_4125814	train
nist_4125985	train
nist_4125998	train
nist_4126316	train
nist_4126333	train
nist_4126359	train
nist_4126418	train
nist_4126432	train
nist_4126433	train
nist_4126445	train
nist_4126828	train
nist_4126831	train
nist_4126837	train
nist_4127139	train
nist_4127152	train
nist_4127163	train
nist_4127169	train
nist_4127607	train
nist_4127622	train
nist_4127637	train
nist_4127651	train
nist_4127713	train
nist_4127720	train
nist_4127744	train
nist_4127760	train
nist_4127774	train
nist_4128163	train
nist_4128174	train
nist_4128175	train
nist_4128176	train
nist_4128190	train
nist_4128191	train
nist_4128204	train
nist_4128258	train
nist_4128272	train
nist_4128273	train
nist_4128281	train
nist_4128325	train
nist_4128336	train
nist_4128337	train
nist_4128348	train
nist_4128362	train
nist_4128378	train
nist_4128379	train
nist_4128389	train
nist_4128557	train
nist_4128568	train
nist_4128569	train
nist_4128576	train
nist_4128616	train
nist_4128627	train
nist_4128724	train
nist_4128738	train
nist_4128754	train
nist_4128759	train
nist_4129249	train
nist_4129265	train
nist_4129277	train
nist_4129332	train
nist_4129349	train
nist_4129382	train
nist_4129393	train
nist_4129466	train
nist_4129480	train
nist_4129481	train
nist_4129496	train
nist_4129690	train
nist_4129705	train
nist_4129706	train
nist_4129719	train
nist_4130397	train
nist_4130403	train
nist_4130404	train
nist_4130416	train
nist_4130617	train
nist_4130627	train
nist_4130628	train
nist_4130634	train
nist_4131357	train
nist_4131368	train
nist_4131629	train
nist_4131644	train
nist_4131652	train
nist_4132032	train
nist_4132042	train
nist_4132057	train
nist_4132066	train
nist_4132360	train
nist_4133355	train
nist_4133365	train
nist_4133367	train
nist_4133375	train
nist_4133643	train
nist_4133658	train
nist_4133660	train
nist_4133673	train
nist_4134310	train
nist_4134323	train
nist_4134652	train
nist_4134661	train
nist_4134684	train
nist_4134699	train
nist_4134704	train
nist_4134721	train
nist_4134722	train
nist_4134857	train
nist_4135198	train
nist_4135209	train
nist_4135988	train
nist_4136003	train
nist_4136021	train
nist_4136030	train
nist_4136644	train
nist_4136691	train
nist_4136701	train
nist_4136716	train
nist_4136732	train
nist_4136749	train
nist_4137283	train
nist_4137298	train
nist_4137327	train
nist_4137334	train
nist_4137549	train
nist_4137562	train
nist_4137577	train
nist_4137584	train
nist_4137596	train
nist_4137597	train
nist_4137609	train
nist_4137713	train
nist_4137726	train
nist_4137753	train
nist_4137927	train
nist_4137941	train
nist_4137951	train
nist_4138165	train
nist_4138177	train
nist_4138178	train
nist_4138340	train
nist_4138348	train
nist_4138349	train
nist_4138355	train
nist_4138432	train
nist_4138448	train
nist_4138463	train
nist_4138471	train
nist_4138513	train
nist_4138526	train
nist_4138541	train
nist_4138931	train
nist_4138946	train
nist_4139939	train
nist_4139952	train
nist_4139965	train
nist_4140538	train
nist_4140553	train
nist_4140554	train
nist_4140566	train
nist_4141753	train
nist_4141761	train
nist_4141762	train
nist_4141767	train
nist_4143816	train
nist_4143830	train
nist_4143846	train
nist_4143854	train
nist_4143999	train
nist_4144008	train
nist_4144020	train
nist_4144028	train
nist_4144246	train
nist_4144262	train
nist_4144263	train
nist_4144272	train
nist_4144444	train
nist_4144457	train
nist_4144458	train
nist_4144474	train
nist_4144513	train
nist_4144518	train
nist_4144634	train
nist_4144647	train
nist_4144648	train
nist_4144661	train
nist_4144990	train
nist_4145006	train
nist_4145007	train
nist_4145022	train
nist_4145096	train
nist_4145112	train
nist_4145128	train
nist_4145132	train
nist_4145586	train
nist_4145596	train
nist_4146026	train
nist_4146043	train
nist_4146045	train
nist_4146147	train
nist_4146160	train
nist_4146161	train
nist_4146176	train
nist_4146177	train
nist_4146191	train
nist_4146207	train
nist_4146220	train
nist_4146348	train
nist_4146360	train
nist_4146376	train
nist_4146384	train
nist_4146498	train
nist_4146507	train
nist_4146508	train
nist_4146512	train
nist_4146513	train
nist_4146527	train
nist_4146543	train
nist_4147284	train
nist_4147301	train
nist_4147360	train
nist_4147374	train
nist_4147389	train
nist_4147472	train
nist_4147486	train
nist_4147516	train
nist_4147527	train
nist_4147593	train
nist_4147608	train
nist_4147617	train
nist_4147627	train
nist_4147758	train
nist_4147772	train
nist_4147801	train
nist_4147812	train
nist_4147824	train
nist_4147837	train
nist_4147838	train
nist_4147848	train
nist_4148016	train
nist_4148031	train
nist_4148038	train
nist_4148317	train
nist_4148330	train
nist_4148362	train
nist_4148369	train
nist_4148414	train
nist_4148429	train
nist_4148443	train
nist_4148450	train
nist_4149314	train
nist_4149328	train
nist_4149343	train
nist_4149406	train
nist_4149422	train
nist_4149423	train
nist_4149439	train
nist_4149681	train
nist_4149693	train
nist_4149704	train
nist_4149749	train
nist_4149762	train
nist_4149770	train
nist_4149786	train
nist_4149850	train
nist_4149852	train
nist_4149866	train
nist_4150032	train
nist_4150047	train
nist_4150092	train
nist_4150098	train
nist_4150109	train
nist_4150122	train
nist_4150136	train
nist_4150146	train
nist_4150439	train
nist_4150447	train
nist_4150448	train
nist_4150460	train
nist_4151041	train
nist_4151051	train
nist_4151052	train
nist_4151063	train
nist_4151613	train
nist_4151626	train
nist_4151790	train
nist_4151796	train
nist_4152119	train
nist_4152129	train
nist_4152130	train
nist_4152135	train
nist_4152198	train
nist_4152213	train
nist_4152219	train
nist_4152231	train
nist_4152343	train
nist_4152356	train
nist_4152371	train
nist_4152386	train
nist_4152938	train
nist_4152950	train
nist_4153135	train
nist_4153150	train
nist_4153395	train
nist_4153408	train
nist_4153417	train
nist_4153425	train
nist_4153432	train
nist_4153553	train
nist_4153565	train
nist_4153680	train
nist_4153694	train
nist_4153703	train
nist_4154178	train
nist_4154191	train
nist_4154192	train
nist_4154197	train
nist_4154423	train
nist_4154438	train
nist_4154453	train
nist_4154458	train
nist_4154746	train
nist_4154759	train
nist_4155066	train
nist_4155127	train
nist_4155137	train
nist_4155153	train
nist_4155169	train
nist_4155227	train
nist_4155239	train
nist_4155251	train
nist_4155257	train
nist_4155415	train
nist_4155431	train
nist_4155440	train
nist_4155447	train
nist_4155448	train
nist_4155456	train
nist_4155685	train
nist_4155698	train
nist_4156417	train
nist_4156431	train
nist_4156457	train
nist_4156471	train
nist_4156516	train
nist_4156533	train
nist_4156548	train
nist_4156794	train
nist_4156945	train
nist_4156959	train
nist_4156973	train
nist_4156980	train
nist_4157009	train
nist_4157024	train
nist_4157025	train
nist_4157137	train
nist_4157152	train
nist_4157153	train
nist_4157162	train
nist_4157526	train
nist_4157543	train
nist_4158048	train
nist_4158061	train
nist_4158062	train
nist_4158072	train
nist_4158220	train
nist_4158237	train
nist_4158251	train
nist_4158263	train
nist_4158315	train
nist_4158326	train
nist_4158327	train
nist_4158339	train
nist_4158760	train
nist_4158774	train
nist_4158775	train
nist_4158781	train
nist_4158782	train
nist_4158797	train
nist_4158829	train
nist_4158836	train
nist_4158858	train
nist_4158872	train
nist_4158873	train
nist_4158887	train
nist_4159412	train
nist_4159425	train
nist_4159435	train
nist_4159443	train
nist_4159727	train
nist_4159739	train
nist_4159753	train
nist_4159760	train
nist_4159907	train
nist_4159919	train
nist_4159931	train
nist_4159935	train
nist_4160298	train
nist_4160313	train
nist_4160327	train
nist_4161225	train
nist_4161239	train
nist_4161240	train
nist_4161257	train
nist_4161473	train
nist_4161488	train
nist_4161489	train
nist_4161504	train
nist_4161619	train
nist_4161633	train
nist_4161634	train
nist_4161651	train
nist_4162571	train
nist_4162581	train
nist_4162598	train
nist_4162612	train
nist_4162656	train
nist_4163207	train
nist_4163209	train
nist_4163216	train
nist_4163338	train
nist_4163353	train
nist_4163354	train
nist_4163368	train
nist_4163484	train
nist_4163499	train
nist_4163677	train
nist_4163688	train
nist_4163689	train
nist_4163729	train
nist_4163744	train
nist_4163752	train
nist_4164526	train
nist_4164536	train
nist_4164537	train
nist_4164550	train
nist_4164636	train
nist_4164653	train
nist_4164654	train
nist_4164666	train
nist_4164896	train
nist_4164911	train
nist_4164912	train
nist_4164924	train
nist_4165280	train
nist_4165293	train
nist_4165305	train
nist_4165319	train
nist_4165345	train
nist_4165349	train
nist_4165713	train
nist_4165723	train
nist_4165764	train
nist_4165770	train
nist_4166018	train
nist_4166035	train
nist_4166036	train
nist_4166050	train
nist_4166561	train
nist_4166574	train
nist_4166587	train
nist_4166593	train
nist_4166700	train
nist_4166715	train
nist_4166716	train
nist_4166727	train
nist_4167045	train
nist_4167060	train
nist_4167086	train
nist_4168154	train
nist_4168161	train
nist_4168180	train
nist_4168188	train
nist_4168677	train
nist_4168689	train
nist_4168747	train
nist_4168763	train
nist_4168764	train
nist_4168774	train
nist_4168775	train
nist_4168791	train
nist_4168792	train
nist_4168807	train
nist_4168904	train
nist_4168919	train
nist_4168920	train
nist_4170459	train
nist_4170471	train
nist_4170478	train
nist_4170483	train
nist_4171738	train
nist_4171753	train
nist_4171766	train
nist_4171871	train
nist_4171888	train
nist_4171902	train
nist_4171906	train
nist_4171918	train
nist_4171919	train
nist_4171928	train
nist_4172499	train
nist_4172513	train
nist_4172528	train
nist_4172535	train
nist_4173122	train
nist_4173139	train
nist_4173153	train
nist_4173170	train
nist_4173225	train
nist_4173240	train
nist_4173254	train
nist_4173274	train
nist_4173288	train
nist_4173289	train
nist_4173300	train
nist_4174557	train
nist_4174569	train
nist_4174570	train
nist_4174581	train
nist_4175153	train
nist_4175165	train
nist_4175314	train
nist_4175328	train
nist_4175357	train
nist_4175415	train
nist_4175430	train
nist_4175445	train
nist_4175450	train
nist_4175462	train
nist_4175473	train
nist_4175487	train
nist_4175497	train
nist_4175569	train
nist_4175585	train
nist_4175791	train
nist_4175806	train
nist_4175830	train
nist_4175838	train
nist_4176025	train
nist_4176039	train
nist_4176054	train
nist_4176060	train
nist_4176073	train
nist_4176278	train
nist_4176295	train
nist_4176309	train
nist_4176326	train
nist_4176717	train
nist_4176729	train
nist_4176730	train
nist_4176968	train
nist_4176985	train
nist_4177107	train
nist_4177120	train
nist_4177246	train
nist_4177256	train
nist_4177257	train
nist_4177511	train
nist_4177524	train
nist_4177525	train
nist_4177747	train
nist_4177761	train
nist_4177762	train
nist_4177821	train
nist_4177833	train
nist_4177834	train
nist_4177844	train
nist_4178030	train
nist_4178043	train
nist_4178044	train
nist_4178055	train
nist_4178159	train
nist_4178174	train
nist_4178191	train
nist_4178198	train
nist_4179422	train
nist_4179435	train
nist_4179436	train
nist_4179448	train
nist_4179467	train
nist_4179483	train
nist_4179528	train
nist_4179534	train
nist_4179951	train
nist_4179966	train
nist_4180027	train
nist_4180034	train
nist_4180764	train
nist_4181084	train
nist_4181101	train
nist_4181124	train
nist_4181127	train
nist_4181159	train
nist_4181172	train
nist_4181173	train
nist_4181188	train
nist_4181215	train
nist_4181221	train
nist_4181527	train
nist_4181541	train
nist_4181583	train
nist_4181597	train
nist_4181885	train
nist_4181898	train
nist_4181899	train
nist_4182713	train
nist_4182727	train
nist_4182740	train
nist_4182745	train
nist_4182969	train
nist_4182983	train
nist_4182984	train
nist_4182996	train
nist_4183049	train
nist_4183060	train
nist_4183061	train
nist_4183070	train
nist_4183268	train
nist_4183282	train
nist_4183283	train
nist_4183294	train
nist_4183780	train
nist_4183786	train
nist_4183787	train
nist_4183802	train
nist_4183813	train
nist_4184394	train
nist_4184411	train
nist_4184426	train
nist_4184611	train
nist_4184626	train
nist_4184657	train
nist_4184673	train
nist_4184688	train
nist_4184695	train
nist_4184764	train
nist_4184779	train
nist_4184788	train
nist_4184795	train
nist_4185069	train
nist_4185083	train
nist_4185106	train
nist_4185119	train
nist_4185131	train
nist_4185137	train
nist_4185322	train
nist_4185329	train
nist_4185330	train
nist_4185699	train
nist_4185716	train
nist_4185717	train
nist_4185723	train
nist_4185724	train
nist_4185738	train
nist_4185754	train
nist_4185761	train
nist_4185774	train
nist_4185785	train
nist_4186787	train
nist_4186801	train
nist_4186816	train
nist_4186845	train
nist_4186858	train
nist_4186859	train
nist_4186870	train
nist_4188284	train
nist_4188300	train
nist_4188309	train
nist_4188314	train
nist_4188481	train
nist_4188492	train
nist_4188592	train
nist_4188607	train
nist_4188690	train
nist_4188704	train
nist_4188810	train
nist_4188907	train
nist_4188916	train
nist_4188936	train
nist_4188943	train
nist_4188998	train
nist_4189012	train
nist_4189042	train
nist_4189049	train
nist_4189050	train
nist_4189059	train
nist_4189061	train
nist_4189135	train
nist_4189148	train
nist_4189369	train
nist_4189384	train
nist_4189445	train
nist_4189460	train
nist_4189538	train
nist_4189546	train
nist_4189591	train
nist_4189596	train
nist_4189691	train
nist_4189708	train
nist_4189873	train
nist_4189882	train
nist_4189897	train
nist_4189905	train
nist_4191334	train
nist_4191346	train
nist_4191360	train
nist_4191369	train
nist_4191895	train
nist_4191908	train
nist_4191909	train
nist_4191924	train
nist_4197187	train
nist_4197198	train
nist_4197394	train
nist_4197406	train
nist_4197530	train
nist_4197543	train
nist_4197544	train
nist_4197555	train
nist_4198050	train
nist_4198061	train
nist_4198275	train
nist_4198288	train
nist_4198464	train
nist_4198472	train
nist_4198473	train
nist_4198485	train
nist_4198863	train
nist_4198876	train
nist_4198904	train
nist_4198912	train
nist_4198978	train
nist_4198991	train
nist_4199017	train
nist_4199031	train
nist_4199032	train
nist_4199046	train
nist_4199087	train
nist_4199102	train
nist_4199103	train
nist_4199114	train
nist_4199557	train
nist_4199572	train
nist_4199603	train
nist_4199610	train
nist_4199611	train
nist_4199626	train
nist_4199641	train
nist_4199655	train
nist_4199831	train
nist_4200222	train
nist_4200236	train
nist_4200237	train
nist_4200250	train
nist_4200879	train
nist_4200893	train
nist_4200894	train
nist_4200911	train
nist_4201122	train
nist_4201135	train
nist_4201693	train
nist_4201705	train
nist_4201706	train
nist_4201716	train
nist_4201731	train
nist_4201743	train
nist_4201744	train
nist_4201752	train
nist_4201878	train
nist_4201884	train
nist_4201890	train
nist_4201895	train
nist_4201896	train
nist_4201908	train
nist_4201909	train
nist_4201916	train
nist_4201929	train
nist_4201943	train
nist_4201944	train
nist_4201959	train
nist_4202166	train
nist_4202167	train
nist_4202183	train
nist_4202705	train
nist_4202719	train
nist_4202733	train
nist_4202739	train
nist_4202951	train
nist_4202967	train
nist_4202983	train
nist_4202993	train
nist_4202994	train
nist_4203007	train
nist_4203050	train
nist_4203058	train
nist_4203441	train
nist_4203458	train
nist_4203471	train
nist_4204062	train
nist_4204064	train
nist_4204087	train
nist_4204102	train
nist_4205951	train
nist_4205962	train
nist_4205979	train
nist_4205987	train
nist_4205988	train
nist_4205996	train
nist_4206124	train
nist_4206134	train
nist_4206135	train
nist_4206145	train
nist_4207380	train
nist_4207397	train
nist_4209162	train
nist_4209175	train
nist_4209176	train
nist_4209398	train
nist_4209411	train
nist_4209435	train
nist_4209443	train
nist_4209709	train
nist_4209724	train
nist_4209725	train
nist_4209735	train
nist_4209996	train
nist_4210006	train
nist_4210023	train
nist_4210029	train
nist_4210320	train
nist_4210330	train
nist_4211410	train
nist_4211420	train
nist_4211982	train
nist_4211983	train
nist_4211995	train
nist_4212182	train
nist_4212196	train
nist_4212197	train
nist_4212201	train
nist_4212667	train
nist_4212682	train
nist_4212691	train
nist_4213284	train
nist_4213285	train
nist_4213299	train
nist_4213527	train
nist_4213540	train
nist_4214253	train
nist_4214266	train
nist_4214267	train
nist_4214388	train
nist_4214401	train
nist_4214414	train
nist_4214423	train
nist_4214992	train
nist_4215007	train
nist_4215038	train
nist_4215047	train
nist_4215199	train
nist_4215213	train
nist_4215236	train
nist_4215253	train
nist_4215943	train
nist_4215959	train
nist_4215993	train
nist_4216007	train
nist_4216725	train
nist_4216740	train
nist_4216753	train
nist_4216996	train
nist_4217010	train
nist_4217026	train
nist_4217035	train
nist_4217409	train
nist_4217424	train
nist_4217438	train
nist_4217447	train
nist_4218256	train
nist_4218270	train
nist_4218271	train
nist_4218280	train
nist_4218521	train
nist_4218538	train
nist_4218539	train
nist_4218553	train
nist_4218944	train
nist_4218958	train
nist_4218959	train
nist_4218971	train
nist_4219199	train
nist_4219214	train
nist_4219232	train
nist_4219277	train
nist_4219291	train
nist_4219301	train
nist_4219308	train
nist_4219671	train
nist_4219683	train
nist_4219684	train
nist_4219696	train
nist_4219858	train
nist_4219875	train
nist_4220279	train
nist_4220289	train
nist_4220810	train
nist_4220827	train
nist_4220860	train
nist_4220868	train
nist_4221250	train
nist_4221264	train
nist_4221281	train
nist_4221292	train
nist_4221302	train
nist_4221314	train
nist_4221328	train
nist_4221339	train
nist_4221358	train
nist_4221371	train
nist_4221385	train
nist_4221396	train
nist_4221829	train
nist_4221843	train
nist_4221844	train
nist_4221855	train
nist_4221915	train
nist_4221928	train
nist_4221944	train
nist_4221947	train
nist_4221948	train
nist_4221963	train
nist_4221968	train
nist_4222174	train
nist_4222187	train
nist_4222188	train
nist_4222198	train
nist_4222214	train
nist_4222228	train
nist_4222258	train
nist_4222270	train
nist_4222271	train
nist_4222284	train
nist_4222295	train
nist_4222308	train
nist_4222652	train
nist_4222664	train
nist_4222681	train
nist_4222684	train
nist_4223167	train
nist_4223175	train
nist_4225293	train
nist_4225306	train
nist_4225357	train
nist_4225370	train
nist_4225442	train
nist_4225457	train
nist_4225471	train
nist_4225482	train
nist_4225542	train
nist_4225552	train
nist_4225568	train
nist_4225582	train
nist_4225583	train
nist_4225600	train
nist_4225601	train
nist_4225607	train
nist_4225608	train
nist_4225619	train
nist_4225620	train
nist_4225821	train
nist_4225835	train
nist_4225866	train
nist_4225965	train
nist_4225979	train
nist_4225980	train
nist_4225993	train
nist_4225994	train
nist_4226008	train
nist_4226009	train
nist_4226016	train
nist_4226094	train
nist_4226109	train
nist_4226126	train
nist_4226132	train
nist_4226183	train
nist_4226199	train
nist_4226214	train
nist_4226226	train
nist_4226282	train
nist_4226296	train
nist_4226311	train
nist_4226318	train
nist_4226871	train
nist_4226886	train
nist_4226887	train
nist_4226901	train
nist_4227005	train
nist_4227021	train
nist_4227022	train
nist_4227035	train
nist_4227572	train
nist_4227588	train
nist_4227602	train
nist_4227607	train
nist_4227738	train
nist_4227751	train
nist_4227761	train
nist_4227772	train
nist_4227861	train
nist_4227878	train
nist_4227893	train
nist_4227894	train
nist_4227908	train
nist_4227945	train
nist_4227957	train
nist_4228005	train
nist_4228019	train
nist_4228041	train
nist_4228053	train
nist_4228361	train
nist_4228376	train
nist_4228394	train
nist_4228402	train
nist_4228431	train
nist_4228445	train
nist_4228477	train
nist_4228488	train
nist_4229017	train
nist_4229024	train
nist_4229025	train
nist_4229033	train
nist_4229059	train
nist_4229069	train
nist_4229070	train
nist_4229086	train
nist_4229298	train
nist_4229308	train
nist_4229326	train
nist_4229339	train
nist_4229571	train
nist_4229587	train
nist_4229604	train
nist_4229609	train
nist_4229610	train
nist_4229627	train
nist_4229646	train
nist_4229657	train
nist_4229670	train
nist_4229706	train
nist_4229721	train
nist_4229722	train
nist_4229745	train
nist_4229762	train
nist_4229797	train
nist_4229803	train
nist_4229960	train
nist_4229975	train
nist_4229976	train
nist_4230400	train
nist_4230415	train
nist_4230434	train
nist_4230438	train
nist_4230576	train
nist_4230587	train
nist_4230588	train
nist_4230598	train
nist_4230694	train
nist_4230709	train
nist_4230759	train
nist_4230773	train
nist_4230804	train
nist_4230810	train
nist_4230842	train
nist_4230856	train
nist_4230880	train
nist_4230887	train
nist_4231111	train
nist_4231126	train
nist_4231134	train
nist_4231137	train
nist_4231151	train
nist_4231217	train
nist_4231231	train
nist_4231249	train
nist_4231265	train
nist_4231600	train
nist_4231616	train
nist_4231633	train
nist_4231640	train
nist_4231641	train
nist_4231654	train
nist_4232504	train
nist_4232519	train
nist_4232532	train
nist_4232538	train
nist_4232604	train
nist_4232621	train
nist_4232636	train
nist_4232641	train
nist_4232719	train
nist_4232729	train
nist_4232730	train
nist_4232736	train
nist_4233322	train
nist_4233338	train
nist_4233339	train
nist_4233352	train
nist_4233414	train
nist_4233426	train
nist_4233543	train
nist_4233557	train
nist_4233558	train
nist_4233570	train
nist_4233679	train
nist_4233692	train
nist_4233703	train
nist_4233708	train
nist_4233709	train
nist_4233721	train
nist_4233739	train
nist_4233752	train
nist_4233768	train
nist_4233999	train
nist_4234012	train
nist_4234013	train
nist_4234025	train
nist_4234544	train
nist_4234559	train
nist_4234572	train
nist_4235083	train
nist_4235097	train
nist_4235111	train
nist_4235126	train
nist_4235143	train
nist_4235149	train
nist_4235150	train
nist_4235165	train
nist_4235182	train
nist_4235188	train
nist_4235189	train
nist_4235204	train
nist_4235220	train
nist_4235226	train
nist_4235408	train
nist_4235422	train
nist_4235437	train
nist_4235449	train
nist_4235450	train
nist_4235461	train
nist_4235889	train
nist_4235904	train
nist_4235938	train
nist_4235950	train
nist_4236058	train
nist_4236073	train
nist_4236515	train
nist_4236527	train
nist_4236554	train
nist_4236563	train
nist_4236728	train
nist_4236740	train
nist_4236765	train
nist_4236779	train
nist_4236780	train
nist_4236790	train
nist_4237320	train
nist_4237332	train
nist_4237357	train
nist_4237362	train
nist_4237363	train
nist_4237377	train
nist_4237391	train
nist_4237396	train
nist_4237796	train
nist_4237807	train
nist_4237808	train
nist_4237819	train
nist_4237944	train
nist_4237957	train
nist_4237982	train
nist_4237989	train
nist_4238055	train
nist_4238070	train
nist_4238083	train
nist_4238088	train
nist_4238176	train
nist_4238190	train
nist_4238191	train
nist_4238198	train
nist_4238259	train
nist_4238274	train
nist_4238303	train
nist_4238319	train
nist_4238667	train
nist_4238677	train
nist_4238692	train
nist_4238700	train
nist_4238805	train
nist_4238820	train
nist_4238836	train
nist_4238849	train
nist_4239018	train
nist_4239029	train
nist_4239030	train
nist_4239040	train
nist_4239375	train
nist_4239388	train
nist_4239389	train
nist_4239400	train
nist_4239590	train
nist_4239601	train
nist_4239651	train
nist_4239657	train
nist_4239681	train
nist_4239695	train
nist_4239696	train
nist_4239709	train
nist_4239754	train
nist_4239766	train
nist_4239767	train
nist_4239780	train
nist_4240033	train
nist_4240045	train
nist_4240046	train
nist_4240053	train
nist_4240139	train
nist_4240156	train
nist_4240170	train
nist_4240177	train
nist_4240178	train
nist_4240191	train
nist_4240192	train
nist_4240596	train
nist_4240602	train
nist_4240605	train
nist_4240612	train
nist_4240623	train
nist_4240624	train
nist_4240635	train
nist_4241191	train
nist_4241200	train
nist_4241212	train
nist_4241630	train
nist_4241642	train
nist_4241690	train
nist_4241701	train
nist_4241702	train
nist_4241714	train
nist_4241799	train
nist_4241814	train
nist_4241815	train
nist_4241971	train
nist_4241986	train
nist_4242001	train
nist_4242013	train
nist_4242026	train
nist_4242027	train
nist_4242035	train
nist_4242036	train
nist_4242046	train
nist_4242919	train
nist_4242923	train
nist_4242936	train
nist_4243038	train
nist_4243054	train
nist_4243068	train
nist_4243075	train
nist_4243494	train
nist_4243508	train
nist_4243521	train
nist_4243522	train
nist_4243536	train
nist_4243574	train
nist_4243579	train
nist_4243770	train
nist_4243785	train
nist_4243810	train
nist_4243815	train
nist_4244013	train
nist_4244030	train
nist_4244042	train
nist_4244051	train
nist_4244217	train
nist_4244228	train
nist_4244318	train
nist_4244332	train
nist_4244357	train
nist_4244365	train
nist_4244757	train
nist_4244770	train
nist_4244785	train
nist_4244881	train
nist_4244894	train
nist_4244905	train
nist_4244915	train
nist_4244975	train
nist_4244989	train
nist_4245017	train
nist_4245024	train
nist_4245045	train
nist_4245061	train
nist_4245076	train
nist_4245082	train
nist_4245113	train
nist_4245128	train
nist_4245142	train
nist_4245151	train
nist_4245791	train
nist_4245806	train
nist_4245813	train
nist_4245823	train
nist_4245961	train
nist_4245976	train
nist_4245992	train
nist_4246152	train
nist_4246166	train
nist_4246180	train
nist_4246187	train
nist_4246325	train
nist_4246337	train
nist_4246350	train
nist_4246354	train
nist_4246463	train
nist_4246479	train
nist_4246496	train
nist_4246500	train
nist_4246616	train
nist_4246628	train
nist_4246629	train
nist_4246634	train
nist_4246862	train
nist_4246875	train
nist_4246888	train
nist_4246895	train
nist_4246987	train
nist_4246997	train
nist_4246998	train
nist_4247004	train
nist_4247533	train
nist_4247544	train
nist_4247560	train
nist_4247572	train
nist_4247577	train
nist_4247591	train
nist_4247608	train
nist_4247621	train
nist_4248178	train
nist_4248191	train
nist_4248192	train
nist_4248203	train
nist_4248231	train
nist_4248248	train
nist_4248262	train
nist_4248276	train
nist_4248513	train
nist_4248521	train
nist_4249041	train
nist_4249052	train
nist_4249053	train
nist_4249061	train
nist_4249062	train
nist_4249076	train
nist_4249086	train
nist_4249101	train
nist_4249565	train
nist_4249575	train
nist_4249586	train
nist_4249589	train
nist_4249886	train
nist_4249894	train
nist_4249895	train
nist_4249898	train
nist_4250416	train
nist_4250756	train
nist_4250769	train
nist_4250770	train
nist_4250782	train
nist_4250956	train
nist_4250970	train
nist_4250985	train
nist_4250998	train
nist_4251151	train
nist_4251166	train
nist_4251177	train
nist_4251185	train
nist_4251186	train
nist_4251199	train
nist_4251200	train
nist_4251210	train
nist_4251443	train
nist_4251452	train
nist_4251453	train
nist_4251457	train
nist_4251458	train
nist_4251459	train
nist_4251465	train
nist_4251716	train
nist_4251732	train
nist_4251750	train
nist_4251757	train
nist_4251845	train
nist_4251857	train
nist_4251871	train
nist_4251879	train
nist_4251923	train
nist_4251934	train
nist_4251935	train
nist_4251940	train
nist_4251941	train
nist_4251952	train
nist_4251953	train
nist_4251963	train
nist_4252096	train
nist_4252111	train
nist_4252124	train
nist_4252131	train
nist_4252314	train
nist_4252330	train
nist_4252348	train
nist_4252361	train
nist_4252582	train
nist_4252598	train
nist_4252618	train
nist_4252630	train
nist_4252664	train
nist_4252678	train
nist_4252832	train
nist_4252845	train
nist_4252846	train
nist_4252858	train
nist_4252874	train
nist_4252890	train
nist_4252960	train
nist_4252971	train
nist_4252997	train
nist_4253010	train
nist_4253011	train
nist_4253016	train
nist_4253249	train
nist_4253264	train
nist_4253265	train
nist_4253857	train
nist_4253871	train
nist_4253879	train
nist_4253892	train
nist_4254171	train
nist_4254188	train
nist_4254195	train
nist_4254209	train
nist_4254221	train
nist_4254233	train
nist_4254243	train
nist_4254390	train
nist_4254406	train
nist_4254427	train
nist_4254610	train
nist_4254623	train
nist_4254624	train
nist_4254666	train
nist_4254674	train
nist_4254702	train
nist_4254715	train
nist_4254716	train
nist_4254729	train
nist_4254730	train
nist_4254742	train
nist_4254751	train
nist_4254763	train
nist_4254778	train
nist_4254786	train
nist_4255209	train
nist_4255223	train
nist_4255224	train
nist_4255235	train
nist_4255396	train
nist_4255410	train
nist_4255424	train
nist_4256102	train
nist_4256110	train
nist_4256111	train
nist_4256119	train
nist_4256550	train
nist_4256556	train
nist_4256557	train
nist_4256568	train
nist_4256633	train
nist_4256646	train
nist_4256647	train
nist_4256656	train
nist_4256952	train
nist_4256966	train
nist_4256993	train
nist_4256999	train
nist_4257102	train
nist_4257117	train
nist_4257140	train
nist_4257147	train
nist_4257148	train
nist_4257163	train
nist_4257174	train
nist_4257178	train
nist_4257245	train
nist_4257260	train
nist_4257274	train
nist_4257418	train
nist_4257432	train
nist_4257451	train
nist_4257454	train
nist_4257531	train
nist_4257543	train
nist_4257544	train
nist_4257557	train
nist_4257751	train
nist_4257765	train
nist_4257794	train
nist_4257806	train
nist_4257922	train
nist_4257939	train
nist_4257940	train
nist_4257956	train
nist_4258343	train
nist_4258357	train
nist_4258358	train
nist_4258368	train
nist_4258381	train
nist_4258395	train
nist_4258396	train
nist_4258403	train
nist_4258404	train
nist_4258416	train
nist_4258417	train
nist_4258420	train
nist_4258421	train
nist_4258435	train
nist_4258436	train
nist_4258443	train
nist_4258471	train
nist_4258485	train
nist_4258501	train
nist_4258503	train
nist_4258534	train
nist_4258551	train
nist_4258568	train
nist_4258576	train
nist_4258670	train
nist_4258671	train
nist_4258683	train
nist_4258712	train
nist_4258725	train
nist_4258738	train
nist_4258868	train
nist_4258883	train
nist_4258908	train
nist_4259044	train
nist_4259059	train
nist_4259073	train
nist_4259078	train
nist_4259256	train
nist_4259271	train
nist_4259272	train
nist_4259278	train
nist_4259340	train
nist_4259355	train
nist_4259369	train
nist_4259374	train
nist_4259447	train
nist_4259464	train
nist_4259483	train
nist_4259497	train
nist_4259725	train
nist_4259735	train
nist_4259742	train
nist_4260040	train
nist_4260056	train
nist_4260085	train
nist_4260257	train
nist_4260274	train
nist_4260285	train
nist_4260289	train
nist_4260290	train
nist_4260305	train
nist_4260322	train
nist_4260330	train
nist_4260637	train
nist_4260652	train
nist_4260653	train
nist_4260665	train
nist_4260672	train
nist_4260687	train
nist_4260698	train
nist_4260706	train
nist_4260720	train
nist_4260737	train
nist_4260745	train
nist_4261092	train
nist_4261109	train
nist_4261126	train
nist_4261134	train
nist_4261653	train
nist_4261667	train
nist_4261685	train
nist_4261691	train
nist_4262049	train
nist_4262064	train
nist_4262081	train
nist_4262087	train
nist_4262187	train
nist_4262198	train
nist_4262199	train
nist_4262210	train
nist_4262511	train
nist_4262524	train
nist_4262525	train
nist_4262536	train
nist_4262544	train
nist_4262558	train
nist_4262573	train
nist_4262587	train
nist_4263235	train
nist_4263247	train
nist_4263266	train
nist_4263276	train
nist_4263387	train
nist_4263402	train
nist_4263418	train
nist_4263429	train
nist_4263456	train
nist_4263471	train
nist_4263489	train
nist_4263498	train
nist_4263729	train
nist_4263746	train
nist_4263760	train
nist_4263765	train
nist_4264097	train
nist_4264112	train
nist_4264113	train
nist_4264120	train
nist_4264122	train
nist_4264140	train
nist_4265197	train
nist_4265212	train
nist_4265515	train
nist_4265528	train
nist_4265529	train
nist_4265542	train
nist_4265573	train
nist_4265588	train
nist_4266011	train
nist_4266027	train
nist_4266042	train
nist_4266057	train
nist_4266487	train
nist_4266488	train
nist_4266505	train
nist_4266601	train
nist_4266607	train
nist_4266666	train
nist_4266679	train
nist_4266693	train
nist_4266700	train
nist_4266853	train
nist_4266865	train
nist_4266866	train
nist_4266979	train
nist_4266993	train
nist_4267017	train
nist_4267022	train
nist_4267229	train
nist_4267240	train
nist_4267251	train
nist_4267256	train
nist_4267406	train
nist_4267419	train
nist_4267468	train
nist_4267472	train
nist_4267473	train
nist_4267487	train
nist_4267488	train
nist_4267500	train
nist_4267540	train
nist_4267554	train
nist_4267589	train
nist_4267591	train
nist_4267597	train
nist_4267904	train
nist_4267919	train
nist_4267936	train
nist_4267945	train
nist_4268049	train
nist_4268063	train
nist_4268064	train
nist_4268072	train
nist_4268073	train
nist_4268086	train
nist_4268111	train
nist_4268115	train
nist_4268389	train
nist_4268400	train
nist_4268401	train
nist_4268414	train
nist_4268429	train
nist_4268445	train
nist_4268455	train
nist_4268456	train
nist_4268469	train
nist_4268484	train
nist_4268490	train
nist_4269664	train
nist_4269665	train
nist_4269679	train
nist_4269680	train
nist_4270475	train
nist_4270486	train
nist_4270498	train
nist_4270503	train
nist_4270504	train
nist_4270520	train
nist_4270521	train
nist_4270532	train
nist_4270674	train
nist_4270684	train
nist_4271044	train
nist_4271058	train
nist_4271075	train
nist_4271083	train
nist_4271114	train
nist_4271127	train
nist_4271128	train
nist_4271141	train
nist_4271206	train
nist_4271207	train
nist_4271222	train
nist_4271335	train
nist_4271351	train
nist_4271374	train
nist_4271378	train
nist_4271379	train
nist_4271396	train
nist_4271413	train
nist_4271423	train
nist_4271479	train
nist_4271493	train
nist_4271507	train
nist_4271511	train
nist_4271583	train
nist_4271599	train
nist_4271615	train
nist_4271620	train
nist_4271680	train
nist_4271693	train
nist_4271694	train
nist_4271705	train
nist_4271733	train
nist_4271748	train
nist_4271770	train
nist_4271778	train
nist_4272410	train
nist_4272425	train
nist_4272451	train
nist_4272458	train
nist_4272459	train
nist_4272472	train
nist_4272486	train
nist_4272492	train
nist_4272502	train
nist_4272516	train
nist_4272528	train
nist_4272600	train
nist_4272614	train
nist_4272615	train
nist_4272630	train
nist_4272814	train
nist_4272828	train
nist_4272889	train
nist_4272904	train
nist_4272919	train
nist_4272923	train
nist_4273011	train
nist_4273026	train
nist_4273038	train
nist_4273052	train
nist_4273245	train
nist_4273259	train
nist_4273289	train
nist_4273294	train
nist_4273626	train
nist_4273639	train
nist_4273650	train
nist_4273657	train
nist_4273767	train
nist_4273782	train
nist_4273783	train
nist_4273796	train
nist_4274083	train
nist_4274097	train
nist_4274112	train
nist_4274117	train
nist_4274304	train
nist_4274318	train
nist_4274344	train
nist_4274347	train
nist_4274388	train
nist_4274401	train
nist_4274402	train
nist_4274415	train
nist_4274459	train
nist_4274474	train
nist_4274511	train
nist_4274523	train
nist_4277815	train
nist_4277993	train
nist_4278005	train
nist_4279372	train
nist_4279387	train
nist_4279566	train
nist_4279581	train
nist_4279583	train
nist_4289634	train
nist_4289649	train
nist_4291836	train
nist_4291846	train
nist_4291851	train
nist_4291860	train
nist_4291871	train
nist_4291886	train
nist_4291947	train
nist_4291955	train
nist_4291972	train
nist_4291983	train
nist_4292013	train
nist_4292016	train
nist_4292098	train
nist_4292109	train
nist_4292145	train
nist_4292441	train
nist_4292453	train
nist_4292458	train
nist_4292851	train
nist_4292864	train
nist_4292884	train
nist_4297303	train
nist_4297315	train
nist_4297472	train
nist_4297482	train
nist_4298215	train
nist_4298227	train
nist_4298258	train
nist_4298269	train
nist_4298333	train
nist_4298348	train
nist_4298368	train
nist_4298374	train
nist_4299849	train
nist_4299851	train
nist_4299866	train
nist_4299884	train
nist_4299894	train
nist_4299897	train
nist_4299908	train
nist_4300047	train
nist_4300062	train
nist_4300064	train
nist_4300078	train
nist_4300688	train
nist_4300703	train
nist_4301143	train
nist_4302673	train
nist_4302684	train
nist_4302689	train
nist_4302808	train
nist_4302821	train
nist_4302957	train
nist_4302969	train
nist_4302992	train
nist_4302998	train
nist_4303931	train
nist_4303943	train
nist_4303963	train
nist_4304371	train
nist_4304385	train
nist_4304427	train
nist_4304442	train
nist_4304461	train
nist_4304465	train
nist_4304800	train
nist_4304815	train
nist_4304818	train
nist_4304827	train
nist_4305149	train
nist_4305164	train
nist_4305220	train
nist_4305644	train
nist_4305659	train
nist_4305688	train
nist_4305699	train
nist_4305714	train
nist_4305960	train
nist_4305972	train
nist_4305977	train
nist_4305992	train
nist_4306292	train
nist_4306296	train
nist_4306791	train
nist_4306806	train
nist_4306823	train
nist_4306832	train
nist_4306881	train
nist_4307009	train
nist_4307023	train
nist_4307025	train
nist_4307035	train
nist_4307124	train
nist_4307134	train
nist_4307543	train
nist_4307554	train
nist_4308051	train
nist_4308060	train
nist_4308527	train
nist_4308528	train
nist_4308537	train
nist_4309889	train
nist_4309901	train
nist_4309905	train
nist_4309916	train
nist_4310204	train
nist_4310215	train
nist_4310217	train
nist_4310230	train
nist_4310248	train
nist_4310260	train
nist_4310695	train
nist_4310706	train
nist_4310725	train
nist_4310752	train
nist_4310763	train
nist_4310845	train
nist_4310860	train
nist_4310863	train
nist_4310873	train
nist_4311282	train
nist_4312666	train
nist_4312681	train
nist_4312693	train
nist_4312972	train
nist_4312987	train
nist_4313005	train
nist_4313013	train
nist_4313157	train
nist_4313172	train
nist_4313189	train
nist_4313308	train
nist_4313321	train
nist_4313338	train
nist_4314502	train
nist_4314515	train
nist_4314520	train
nist_4314535	train
nist_4315099	train
nist_4315100	train
nist_4315110	train
nist_4316499	train
nist_4316513	train
nist_4316552	train
nist_4316664	train
nist_4316679	train
nist_4316719	train
nist_4316734	train
nist_4317262	train
nist_4317273	train
nist_4317277	train
nist_4317285	train
nist_4317321	train
nist_4317335	train
nist_4317338	train
nist_4318113	train
nist_4318127	train
nist_4318157	train
nist_4318172	train
nist_4318182	train
nist_4318196	train
nist_4318309	train
nist_4318320	train
nist_4318653	train
nist_4318664	train
nist_4318762	train
nist_4318773	train
nist_4318775	train
nist_4318785	train
nist_4319107	train
nist_4319118	train
nist_4319124	train
nist_4319139	train
nist_4319421	train
nist_4319434	train
nist_4319436	train
nist_4319449	train
nist_4320059	train
nist_4320072	train
nist_4320092	train
nist_4320406	train
nist_4320421	train
nist_4320425	train
nist_4320435	train
nist_4320773	train
nist_4320783	train
nist_4320790	train
nist_4320801	train
nist_4321220	train
nist_4321232	train
nist_4321235	train
nist_4321246	train
nist_4321262	train
nist_4321267	train
nist_4321460	train
nist_4321473	train
nist_4321496	train
nist_4321616	train
nist_4321628	train
nist_4321642	train
nist_4321656	train
nist_4321830	train
nist_4321843	train
nist_4321849	train
nist_4321854	train
nist_4321924	train
nist_4321939	train
nist_4321941	train
nist_4321956	train
nist_4322171	train
nist_4322534	train
nist_4322549	train
nist_4322641	train
nist_4322651	train
nist_4322661	train
nist_4323665	train
nist_4323678	train
nist_4323695	train
nist_4323702	train
nist_4324126	train
nist_4324141	train
nist_4324147	train
nist_4324158	train
nist_4325314	train
nist_4325329	train
nist_4325332	train
nist_4325343	train
nist_4325619	train
nist_4325633	train
nist_4326020	train
nist_4326033	train
nist_4326048	train
nist_4326056	train
nist_4326073	train
nist_4326387	train
nist_4326394	train
nist_4326397	train
nist_4326412	train
nist_4326732	train
nist_4326746	train
nist_4326751	train
nist_4326762	train
nist_4327127	train
nist_4327142	train
nist_4327145	train
nist_4327371	train
nist_4327386	train
nist_4327402	train
nist_4327413	train
nist_4327607	train
nist_4327621	train
nist_4327679	train
nist_4327694	train
nist_4328401	train
nist_4328416	train
nist_4328420	train
nist_4328432	train
nist_4328449	train
nist_4328460	train
nist_4328463	train
nist_4328768	train
nist_4328778	train
nist_4328781	train
nist_4328796	train
nist_4328807	train
nist_4328822	train
nist_4328825	train
nist_4328833	train
nist_4329047	train
nist_4329052	train
nist_4329054	train
nist_4329069	train
nist_4329410	train
nist_4329423	train
nist_4330108	train
nist_4330121	train
nist_4330123	train
nist_4330138	train
nist_4330550	train
nist_4330561	train
nist_4330565	train
nist_4332025	train
nist_4332037	train
nist_4332323	train
nist_4332338	train
nist_4332343	train
nist_4332358	train
nist_4332574	train
nist_4332589	train
nist_4332590	train
nist_4332603	train
nist_4333406	train
nist_4333419	train
nist_4333975	train
nist_4333990	train
nist_4334007	train
nist_4334018	train
nist_4334683	train
nist_4334698	train
nist_4334733	train
nist_4334756	train
nist_4334770	train
nist_4334774	train
nist_4334780	train
nist_4334846	train
nist_4334858	train
nist_4335148	train
nist_4335240	train
nist_4335255	train
nist_4335272	train
nist_4335282	train
nist_4335344	train
nist_4335359	train
nist_4335362	train
nist_4335377	train
nist_4336676	train
nist_4336691	train
nist_4336715	train
nist_4336920	train
nist_4336935	train
nist_4336947	train
nist_4336950	train
nist_4337413	train
nist_4337427	train
nist_4337430	train
nist_4337444	train
nist_4337573	train
nist_4338314	train
nist_4338329	train
nist_4338355	train
nist_4338367	train
nist_4338379	train
nist_4338650	train
nist_4338665	train
nist_4338685	train
nist_4338694	train
nist_4340229	train
nist_4340240	train
nist_4340242	train
nist_4340252	train
nist_4340330	train
nist_4340345	train
nist_4340347	train
nist_4340360	train
nist_4340583	train
nist_4340595	train
nist_4340609	train
nist_4340624	train
nist_4340664	train
nist_4341933	train
nist_4341946	train
nist_4341948	train
nist_4341959	train
nist_4342327	train
nist_4342338	train
nist_4342383	train
nist_4342392	train
nist_4342847	train
nist_4342862	train
nist_4342889	train
nist_4343150	train
nist_4343165	train
nist_4343186	train
nist_4344286	train
nist_4344300	train
nist_4344306	train
nist_4344313	train
nist_4344505	train
nist_4344509	train
nist_4344798	train
nist_4344810	train
nist_4344815	train
nist_4344829	train
nist_4344844	train
nist_4344847	train
nist_4344858	train
nist_4344884	train
nist_4344897	train
nist_4344902	train
nist_4344914	train
nist_4345267	train
nist_4345281	train
nist_4345304	train
nist_4345315	train
nist_4345901	train
nist_4345906	train
nist_4345943	train
nist_4345952	train
nist_4346347	train
nist_4346359	train
nist_4346360	train
nist_4346375	train
nist_4346481	train
nist_4346490	train
nist_4346499	train
nist_4346514	train
nist_4346615	train
nist_4346623	train
nist_4346640	train
nist_4346655	train
nist_4347481	train
nist_4347494	train
nist_4347497	train
nist_4347510	train
nist_4347671	train
nist_4347679	train
nist_4347690	train
nist_4347736	train
nist_4347738	train
nist_4348019	train
nist_4348032	train
nist_4348066	train
nist_4348077	train
nist_4348162	train
nist_4348177	train
nist_4348215	train
nist_4348335	train
nist_4348350	train
nist_4348372	train
nist_4348375	train
nist_4348552	train
nist_4348567	train
nist_4348593	train
nist_4348601	train
nist_4348722	train
nist_4348734	train
nist_4348740	train
nist_4348748	train
nist_4348892	train
nist_4348906	train
nist_4348926	train
nist_4349771	train
nist_4349786	train
nist_4349788	train
nist_4349800	train
nist_4349934	train
nist_4349947	train
nist_4349952	train
nist_4349965	train
nist_4349974	train
nist_4349989	train
nist_4350042	train
nist_4350268	train
nist_4350283	train
nist_4350303	train
nist_4351755	train
nist_4351767	train
nist_4351782	train
nist_4352023	train
nist_4352035	train
nist_4352079	train
nist_4352094	train
nist_4352133	train
nist_4352142	train
nist_4353039	train
nist_4353054	train
nist_4353069	train
nist_4353084	train
nist_4353149	train
nist_4353164	train
nist_4353189	train
nist_4353199	train
nist_4353353	train
nist_4353368	train
nist_4353369	train
nist_4353384	train
nist_4353672	train
nist_4353687	train
nist_4353706	train
nist_4353715	train
nist_4355074	train
nist_4355086	train
nist_4355111	train
nist_4355121	train
nist_4355154	train
nist_4355164	train
nist_4356689	train
nist_4356699	train
nist_4356707	train
nist_4356720	train
nist_4356822	train
nist_4356837	train
nist_4356874	train
nist_4357461	train
nist_4357476	train
nist_4357499	train
nist_4357504	train
nist_4357679	train
nist_4357694	train
nist_4357758	train
nist_4357773	train
nist_4358064	train
nist_4358075	train
nist_4358102	train
nist_4358112	train
nist_4358465	train
nist_4358479	train
nist_4358484	train
nist_4358488	train
nist_4359200	train
nist_4359214	train
nist_4359221	train
nist_4359233	train
nist_4359234	train
nist_4359247	train
nist_4360098	train
nist_4360109	train
nist_4360114	train
nist_4360122	train
nist_4360124	train
nist_4360137	train
nist_4360141	train
nist_4360155	train
nist_4360444	train
nist_4360454	train
nist_4360459	train
nist_4360466	train
nist_4360467	train
nist_4360480	train
nist_4360892	train
nist_4360906	train
nist_4360926	train
nist_4360938	train
nist_4361356	train
nist_4361369	train
nist_4361885	train
nist_4361900	train
nist_4361919	train
nist_4361932	train
nist_4362191	train
nist_4362206	train
nist_4362210	train
nist_4362225	train
nist_4362363	train
nist_4362378	train
nist_4362425	train
nist_4362440	train
nist_4362479	train
nist_4362629	train
nist_4362642	train
nist_4362662	train
nist_4362866	train
nist_4362877	train
nist_4363341	train
nist_4363353	train
nist_4363358	train
nist_4363372	train
nist_4363506	train
nist_4363521	train
nist_4363525	train
nist_4363538	train
nist_4363998	train
nist_4364008	train
nist_4364011	train
nist_4364071	train
nist_4364658	train
nist_4364670	train
nist_4364672	train
nist_4364683	train
nist_4365422	train
nist_4365434	train
nist_4365438	train
nist_4365451	train
nist_4365468	train
nist_4365483	train
nist_4365500	train
nist_4365862	train
nist_4365873	train
nist_4365901	train
nist_4365911	train
nist_4366352	train
nist_4366733	train
nist_4366745	train
nist_4366751	train
nist_4366759	train
nist_4367211	train
nist_4367226	train
nist_4367244	train
nist_4367252	train
nist_4367568	train
nist_4367583	train
nist_4367605	train
nist_4367620	train
nist_4369828	train
nist_4370226	train
nist_4370229	train
nist_4370242	train
nist_4372435	train
nist_4372449	train
nist_4372470	train
nist_4373363	train
nist_4373376	train
nist_4375053	train
nist_4375066	train
nist_4375073	train
nist_4375088	train
nist_4375526	train
nist_4375541	train
nist_4375543	train
nist_4375558	train
nist_4376198	train
nist_4376213	train
nist_4376295	train
nist_4376308	train
nist_4376428	train
nist_4376439	train
nist_4376613	train
nist_4376625	train
nist_4376628	train
nist_4376641	train
nist_4378155	train
nist_4378169	train
nist_4378200	train
nist_4379906	train
nist_4379918	train
nist_4380680	train
nist_4380691	train
nist_4380711	train
nist_4380721	train
nist_4380780	train
nist_4380792	train
nist_4380795	train
nist_4380808	train
nist_4381222	train
nist_4381237	train
nist_4381243	train
nist_4381258	train
nist_4381629	train
nist_4381644	train
nist_4381665	train
nist_4381668	train
nist_4382093	train
nist_4382102	train
nist_4382137	train
nist_4382148	train
nist_4382280	train
nist_4382295	train
nist_4382412	train
nist_4382424	train
nist_4382642	train
nist_4382657	train
nist_4382689	train
nist_4382694	train
nist_4383258	train
nist_4383270	train
nist_4383461	train
nist_4383473	train
nist_4383478	train
nist_4383492	train
nist_4387164	train
nist_4387179	train
nist_4387201	train
nist_4387214	train
nist_4387234	train
nist_4387292	train
nist_4387304	train
nist_4387310	train
nist_4387322	train
nist_4387993	train
nist_4388004	train
nist_4388007	train
nist_4388017	train
nist_4388035	train
nist_4388050	train
nist_4388057	train
nist_4388072	train
nist_4388952	train
nist_4388964	train
nist_4388967	train
nist_4388978	train
nist_4389043	train
nist_4389053	train
nist_4389058	train
nist_4389070	train
nist_4389922	train
nist_4389925	train
nist_4389935	train
nist_4389948	train
nist_4390549	train
nist_4390562	train
nist_4391728	train
nist_4391742	train
nist_4392462	train
nist_4392475	train
nist_4393723	train
nist_4393736	train
nist_4393998	train
nist_4394011	train
nist_4394012	train
nist_4394027	train
nist_4394276	train
nist_4394291	train
nist_4394297	train
nist_4394312	train
nist_4395488	train
nist_4395503	train
nist_4395544	train
nist_4395550	train
nist_4396127	train
nist_4396138	train
nist_4396161	train
nist_4396172	train
nist_4396186	train
nist_4396199	train
nist_4396206	train
nist_4396221	train
nist_4397805	train
nist_4397820	train
nist_4397825	train
nist_4397840	train
nist_4397890	train
nist_4397905	train
nist_4397927	train
nist_4397942	train
nist_4398800	train
nist_4398813	train
nist_4398833	train
nist_4398845	train
nist_4400090	train
nist_4400101	train
nist_4400546	train
nist_4400561	train
nist_4400584	train
nist_4400598	train
nist_4400613	train
nist_4400625	train
nist_4401292	train
nist_4401304	train
nist_4401307	train
nist_4401322	train
nist_4401462	train
nist_4401477	train
nist_4401519	train
nist_4401678	train
nist_4401689	train
nist_4401693	train
nist_4401704	train
nist_4401760	train
nist_4401774	train
nist_4401799	train
nist_4401814	train
nist_4401831	train
nist_4401845	train
nist_4401858	train
nist_4402196	train
nist_4402211	train
nist_4402229	train
nist_4402237	train
nist_4402254	train
nist_4402269	train
nist_4402276	train
nist_4402290	train
nist_4403354	train
nist_4403366	train
nist_4403400	train
nist_4403410	train
nist_4404029	train
nist_4404043	train
nist_4404080	train
nist_4404089	train
nist_4404566	train
nist_4404567	train
nist_4404994	train
nist_4405007	train
nist_4405030	train
nist_4405041	train
nist_4405093	train
nist_4405108	train
nist_4405127	train
nist_4405134	train
nist_4405135	train
nist_4405150	train
nist_4405163	train
nist_4405176	train
nist_4405396	train
nist_4405411	train
nist_4405431	train
nist_4405436	train
nist_4405515	train
nist_4405528	train
nist_4405548	train
nist_4405557	train
nist_4405814	train
nist_4405826	train
nist_4405860	train
nist_4405863	train
nist_4405868	train
nist_4405883	train
nist_4405904	train
nist_4405915	train
nist_4405975	train
nist_4405990	train
nist_4406015	train
nist_4406026	train
nist_4406257	train
nist_4406271	train
nist_4406291	train
nist_4406303	train
nist_4406351	train
nist_4406366	train
nist_4406387	train
nist_4406512	train
nist_4406524	train
nist_4406563	train
nist_4406576	train
nist_4406723	train
nist_4406738	train
nist_4406743	train
nist_4406756	train
nist_4407484	train
nist_4407498	train
nist_4407501	train
nist_4407516	train
nist_4407623	train
nist_4407637	train
nist_4407640	train
nist_4407652	train
nist_4408105	train
nist_4408120	train
nist_4408141	train
nist_4408151	train
nist_4408629	train
nist_4408642	train
nist_4408679	train
nist_4408692	train
nist_4408724	train
nist_4408739	train
nist_4408779	train
nist_4408791	train
nist_4408808	train
nist_4408823	train
nist_4408843	train
nist_4409303	train
nist_4409315	train
nist_4409321	train
nist_4409332	train
nist_4409402	train
nist_4409413	train
nist_4410773	train
nist_4410788	train
nist_4410829	train
nist_4410844	train
nist_4411163	train
nist_4411176	train
nist_4411215	train
nist_4411227	train
nist_4411330	train
nist_4411343	train
nist_4411381	train
nist_4411393	train
nist_4411517	train
nist_4411532	train
nist_4411550	train
nist_4411562	train
nist_4411916	train
nist_4411931	train
nist_4411948	train
nist_4411949	train
nist_4411964	train
nist_4411980	train
nist_4411990	train
nist_4412019	train
nist_4412034	train
nist_4412053	train
nist_4412062	train
nist_4412187	train
nist_4412199	train
nist_4412201	train
nist_4412205	train
nist_4412304	train
nist_4412319	train
nist_4412371	train
nist_4412383	train
nist_4412738	train
nist_4412753	train
nist_4412774	train
nist_4412857	train
nist_4412868	train
nist_4412872	train
nist_4412884	train
nist_4413996	train
nist_4414007	train
nist_4414010	train
nist_4414016	train
nist_4414547	train
nist_4414561	train
nist_4414583	train
nist_4414828	train
nist_4414841	train
nist_4414858	train
nist_4414947	train
nist_4414961	train
nist_4414979	train
nist_4414986	train
nist_4415288	train
nist_4415302	train
nist_4415340	train
nist_4415351	train
nist_4415585	train
nist_4415600	train
nist_4415616	train
nist_4415622	train
nist_4415673	train
nist_4415684	train
nist_4415913	train
nist_4415925	train
nist_4415943	train
nist_4415948	train
nist_4415953	train
nist_4415968	train
nist_4415994	train
nist_4416204	train
nist_4416214	train
nist_4416216	train
nist_4416405	train
nist_4416416	train
nist_4416424	train
nist_4416439	train
nist_4417228	train
nist_4417242	train
nist_4417246	train
nist_4417252	train
nist_4417796	train
nist_4417811	train
nist_4417923	train
nist_4417927	train
nist_4417931	train
nist_4417946	train
nist_4417950	train
nist_4417963	train
nist_4417978	train
nist_4417982	train
nist_4417997	train
nist_4418000	train
nist_4418012	train
nist_4418020	train
nist_4418032	train
nist_4418454	train
nist_4418462	train
nist_4418465	train
nist_4418477	train
nist_4418497	train
nist_4418568	train
nist_4418582	train
nist_4418612	train
nist_4418626	train
nist_4419025	train
nist_4419040	train
nist_4419251	train
nist_4419262	train
nist_4419264	train
nist_4419279	train
nist_4419473	train
nist_4419474	train
nist_4419489	train
nist_4419776	train
nist_4419786	train
nist_4419790	train
nist_4419801	train
nist_4419807	train
nist_4419812	train
nist_4419822	train
nist_4419837	train
nist_4419853	train
nist_4419868	train
nist_4420011	train
nist_4420025	train
nist_4420040	train
nist_4420113	train
nist_4420128	train
nist_4420148	train
nist_4420156	train
nist_4420173	train
nist_4420188	train
nist_4420216	train
nist_4420397	train
nist_4420411	train
nist_4420429	train
nist_4420441	train
nist_4420507	train
nist_4420521	train
nist_4420542	train
nist_4420639	train
nist_4420654	train
nist_4420678	train
nist_4420686	train
nist_4421069	train
nist_4421082	train
nist_4421104	train
nist_4422185	train
nist_4422197	train
nist_4422201	train
nist_4423085	train
nist_4423097	train
nist_4423112	train
nist_4423125	train
nist_4423152	train
nist_4423164	train
nist_4423178	train
nist_4423191	train
nist_4423230	train
nist_4423243	train
nist_4423246	train
nist_4423261	train
nist_4423266	train
nist_4423278	train
nist_4423284	train
nist_4423297	train
nist_4423311	train
nist_4423325	train
nist_4423341	train
nist_4423356	train
nist_4423577	train
nist_4423606	train
nist_4423617	train
nist_4423631	train
nist_4423852	train
nist_4423867	train
nist_4423885	train
nist_4423902	train
nist_4423915	train
nist_4423963	train
nist_4423977	train
nist_4424421	train
nist_4424435	train
nist_4424453	train
nist_4424459	train
nist_4424776	train
nist_4424787	train
nist_4424789	train
nist_4424801	train
nist_4424854	train
nist_4424867	train
nist_4424901	train
nist_4424917	train
nist_4424929	train
nist_4424933	train
nist_4424943	train
nist_4425150	train
nist_4425165	train
nist_4425171	train
nist_4425186	train
nist_4425204	train
nist_4425215	train
nist_4425222	train
nist_4425235	train
nist_4425418	train
nist_4425433	train
nist_4425453	train
nist_4425465	train
nist_4425497	train
nist_4425512	train
nist_4425531	train
nist_4425681	train
nist_4425694	train
nist_4425717	train
nist_4426007	train
nist_4426022	train
nist_4426040	train
nist_4426049	train
nist_4426062	train
nist_4426077	train
nist_4426167	train
nist_4426171	train
nist_4426178	train
nist_4426193	train
nist_4426199	train
nist_4426211	train
nist_4426896	train
nist_4426911	train
nist_4426926	train
nist_4426940	train
nist_4427037	train
nist_4427050	train
nist_4427055	train
nist_4427069	train
nist_4427424	train
nist_4427439	train
nist_4427473	train
nist_4427487	train
nist_4427655	train
nist_4427698	train
nist_4427713	train
nist_4428584	train
nist_4428599	train
nist_4428602	train
nist_4428616	train
nist_4429979	train
nist_4429994	train
nist_4430394	train
nist_4430409	train
nist_4430439	train
nist_4430451	train
nist_4430717	train
nist_4430728	train
nist_4430730	train
nist_4430741	train
nist_4430755	train
nist_4430768	train
nist_4430773	train
nist_4430831	train
nist_4430846	train
nist_4430883	train
nist_4431305	train
nist_4431317	train
nist_4431321	train
nist_4431333	train
nist_4431592	train
nist_4431607	train
nist_4431625	train
nist_4431637	train
nist_4431713	train
nist_4431725	train
nist_4431744	train
nist_4432190	train
nist_4432199	train
nist_4432215	train
nist_4432222	train
nist_4433624	train
nist_4433639	train
nist_4433660	train
nist_4433667	train
nist_4433785	train
nist_4433799	train
nist_4433813	train
nist_4433921	train
nist_4433933	train
nist_4433951	train
nist_4433960	train
nist_4434077	train
nist_4434092	train
nist_4434096	train
nist_4434109	train
nist_4434714	train
nist_4434729	train
nist_4434749	train
nist_4434760	train
nist_4434887	train
nist_4434896	train
nist_4434908	train
nist_4434918	train
nist_4436654	train
nist_4436667	train
nist_4436670	train
nist_4436680	train
nist_4436798	train
nist_4436811	train
nist_4436816	train
nist_4436831	train
nist_4436851	train
nist_4436862	train
nist_4436903	train
nist_4436916	train
nist_4437009	train
nist_4437023	train
nist_4437040	train
nist_4437044	train
nist_4437288	train
nist_4437302	train
nist_4437325	train
nist_4437336	train
nist_4437351	train
nist_4437366	train
nist_4437389	train
nist_4437393	train
nist_4437437	train
nist_4437452	train
nist_4437469	train
nist_4437472	train
nist_4437525	train
nist_4437540	train
nist_4437559	train
nist_4437566	train
nist_4437567	train
nist_4437582	train
nist_4437625	train
nist_4437638	train
nist_4438590	train
nist_4438603	train
nist_4438631	train
nist_4438673	train
nist_4438687	train
nist_4438709	train
nist_4439083	train
nist_4439096	train
nist_4439122	train
nist_4439128	train
nist_4439324	train
nist_4439336	train
nist_4439359	train
nist_4439371	train
nist_4439448	train
nist_4439461	train
nist_4439465	train
nist_4439476	train
nist_4439794	train
nist_4439807	train
nist_4440020	train
nist_4440032	train
nist_4440069	train
nist_4440206	train
nist_4440221	train
nist_4440242	train
nist_4440254	train
nist_4440303	train
nist_4440316	train
nist_4440332	train
nist_4440338	train
nist_4440606	train
nist_4440621	train
nist_4440638	train
nist_4440644	train
nist_4440658	train
nist_4440672	train
nist_4440693	train
nist_4440698	train
nist_4440713	train
nist_4440727	train
nist_4440748	train
nist_4440757	train
nist_4440772	train
nist_4440787	train
nist_4440802	train
nist_4440810	train
nist_4441204	train
nist_4441218	train
nist_4441221	train
nist_4441225	train
nist_4441420	train
nist_4441431	train
nist_4441438	train
nist_4441909	train
nist_4441923	train
nist_4441948	train
nist_4442029	train
nist_4442043	train
nist_4442064	train
nist_4442071	train
nist_4442455	train
nist_4442468	train
nist_4442494	train
nist_4442497	train
nist_4442510	train
nist_4442524	train
nist_4442563	train
nist_4442573	train
nist_4442926	train
nist_4442940	train
nist_4442965	train
nist_4442977	train
nist_4443116	train
nist_4443130	train
nist_4443154	train
nist_4443171	train
nist_4443185	train
nist_4443212	train
nist_4443227	train
nist_4443258	train
nist_4443272	train
nist_4443335	train
nist_4443347	train
nist_4443603	train
nist_4443618	train
nist_4443640	train
nist_4443651	train
nist_4443652	train
nist_4443664	train
nist_4443699	train
nist_4443723	train
nist_4443737	train
nist_4443742	train
nist_4443798	train
nist_4443811	train
nist_4443829	train
nist_4443832	train
nist_4444239	train
nist_4444254	train
nist_4444293	train
nist_4444303	train
nist_4444693	train
nist_4444708	train
nist_4444727	train
nist_4444740	train
nist_4444961	train
nist_4444976	train
nist_4444996	train
nist_4445003	train
nist_4445004	train
nist_4445016	train
nist_4445021	train
nist_4445025	train
nist_4445026	train
nist_4445041	train
nist_4445062	train
nist_4445067	train
nist_4445202	train
nist_4445214	train
nist_4445235	train
nist_4445415	train
nist_4445427	train
nist_4445433	train
nist_4445498	train
nist_4445509	train
nist_4445550	train
nist_4445753	train
nist_4445768	train
nist_4445789	train
nist_4446302	train
nist_4446317	train
nist_4446330	train
nist_4446695	train
nist_4446708	train
nist_4446739	train
nist_4446752	train
nist_4446815	train
nist_4446826	train
nist_4446832	train
nist_4446837	train
nist_4446945	train
nist_4446958	train
nist_4446996	train
nist_4447004	train
nist_4447039	train
nist_4447054	train
nist_4447072	train
nist_4447084	train
nist_4447310	train
nist_4447321	train
nist_4447358	train
nist_4447361	train
nist_4447810	train
nist_4447825	train
nist_4448682	train
nist_4448694	train
nist_4448723	train
nist_4448742	train
nist_4448755	train
nist_4448780	train
nist_4448799	train
nist_4448813	train
nist_4448832	train
nist_4448859	train
nist_4448872	train
nist_4448877	train
nist_4448929	train
nist_4448944	train
nist_4448960	train
nist_4448971	train
nist_4449094	train
nist_4449103	train
nist_4449116	train
nist_4449169	train
nist_4449184	train
nist_4449202	train
nist_4449574	train
nist_4449642	train
nist_4449655	train
nist_4449986	train
nist_4449998	train
nist_4450025	train
nist_4450038	train
nist_4450223	train
nist_4450234	train
nist_4450834	train
nist_4450846	train
nist_4450888	train
nist_4450898	train
nist_4451102	train
nist_4451116	train
nist_4451119	train
nist_4451130	train
nist_4452009	train
nist_4452024	train
nist_4452328	train
nist_4452342	train
nist_4452369	train
nist_4452390	train
nist_4452405	train
nist_4452415	train
nist_4452427	train
nist_4452746	train
nist_4452752	train
nist_4452755	train
nist_4452760	train
nist_4453034	train
nist_4453046	train
nist_4453089	train
nist_4453093	train
nist_4454278	train
nist_4454292	train
nist_4454299	train
nist_4454529	train
nist_4454539	train
nist_4454730	train
nist_4454745	train
nist_4454771	train
nist_4455289	train
nist_4455304	train
nist_4455307	train
nist_4455322	train
nist_4455611	train
nist_4455623	train
nist_4455670	train
nist_4455678	train
nist_4455689	train
nist_4455704	train
nist_4455761	train
nist_4455775	train
nist_4456614	train
nist_4456628	train
nist_4456642	train
nist_4456656	train
nist_4456671	train
nist_4456675	train
nist_4456689	train
nist_4456960	train
nist_4456975	train
nist_4456994	train
nist_4457095	train
nist_4457107	train
nist_4457126	train
nist_4457136	train
nist_4457150	train
nist_4457163	train
nist_4457181	train
nist_4457184	train
nist_4457310	train
nist_4457325	train
nist_4457362	train
nist_4457963	train
nist_4457975	train
nist_4457980	train
nist_4458081	train
nist_4458095	train
nist_4458117	train
nist_4458131	train
nist_4458386	train
nist_4458401	train
nist_4458407	train
nist_4458420	train
nist_4458973	train
nist_4458988	train
nist_4459006	train
nist_4460231	train
nist_4460245	train
nist_4460266	train
nist_4460316	train
nist_4460329	train
nist_4460363	train
nist_4460378	train
nist_4460844	train
nist_4460859	train
nist_4460877	train
nist_4460883	train
nist_4460960	train
nist_4460974	train
nist_4460977	train
nist_4460992	train
nist_4461344	train
nist_4461357	train
nist_4461366	train
nist_4461380	train
nist_4462752	train
nist_4462767	train
nist_4462786	train
nist_4462795	train
nist_4462811	train
nist_4462824	train
nist_4462859	train
nist_4462860	train
nist_4462967	train
nist_4462982	train
nist_4463001	train
nist_4463011	train
nist_4463508	train
nist_4463522	train
nist_4463547	train
nist_4463562	train
nist_4463663	train
nist_4463674	train
nist_4463692	train
nist_4463703	train
nist_4464018	train
nist_4464033	train
nist_4464076	train
nist_4464088	train
nist_4464089	train
nist_4464101	train
nist_4464115	train
nist_4464118	train
nist_4464119	train
nist_4464133	train
nist_4464143	train
nist_4464151	train
nist_4464171	train
nist_4464185	train
nist_4464203	train
nist_4464206	train
nist_4464427	train
nist_4464442	train
nist_4464463	train
nist_4464560	train
nist_4464575	train
nist_4464594	train
nist_4464596	train
nist_4465356	train
nist_4465359	train
nist_4465366	train
nist_4465459	train
nist_4465474	train
nist_4465520	train
nist_4465530	train
nist_4465658	train
nist_4465672	train
nist_4465696	train
nist_4465854	train
nist_4465866	train
nist_4465885	train
nist_4465895	train
nist_4466160	train
nist_4466175	train
nist_4466180	train
nist_4466191	train
nist_4466684	train
nist_4466697	train
nist_4466722	train
nist_4467110	train
nist_4467122	train
nist_4467127	train
nist_4467139	train
nist_4467243	train
nist_4467256	train
nist_4467272	train
nist_4467284	train
nist_4467712	train
nist_4467727	train
nist_4467749	train
nist_4467839	train
nist_4467850	train
nist_4467855	train
nist_4468053	train
nist_4468065	train
nist_4468106	train
nist_4468180	train
nist_4468195	train
nist_4468216	train
nist_4468227	train
nist_4468533	train
nist_4468547	train
nist_4468551	train
nist_4468557	train
nist_4468662	train
nist_4468675	train
nist_4468714	train
nist_4468935	train
nist_4468949	train
nist_4468951	train
nist_4468965	train
nist_4469078	train
nist_4469215	train
nist_4469230	train
nist_4469420	train
nist_4469431	train
nist_4469438	train
nist_4469448	train
nist_4469838	train
nist_4469852	train
nist_4469865	train
nist_4469878	train
nist_4470104	train
nist_4470117	train
nist_4470129	train
nist_4470405	train
nist_4470419	train
nist_4470469	train
nist_4470976	train
nist_4470980	train
nist_4470993	train
nist_4471006	train
nist_4471148	train
nist_4471164	train
nist_4471173	train
nist_4471295	train
nist_4471308	train
nist_4471325	train
nist_4471330	train
nist_4471458	train
nist_4471472	train
nist_4471489	train
nist_4471762	train
nist_4471777	train
nist_4471791	train
nist_4471806	train
nist_4471849	train
nist_4471862	train
nist_4471877	train
nist_4472589	train
nist_4472600	train
nist_4472610	train
nist_4472617	train
nist_4472618	train
nist_4472631	train
nist_4472644	train
nist_4472650	train
nist_4472882	train
nist_4472896	train
nist_4472924	train
nist_4472933	train
nist_4473112	train
nist_4473126	train
nist_4473159	train
nist_4473166	train
nist_4473366	train
nist_4473377	train
nist_4473390	train
nist_4473715	train
nist_4473724	train
nist_4473911	train
nist_4473927	train
nist_4473942	train
nist_4473946	train
nist_4474123	train
nist_4474133	train
nist_4474155	train
nist_4474164	train
nist_4474431	train
nist_4474445	train
nist_4474460	train
nist_4474467	train
nist_4474613	train
nist_4474628	train
nist_4474641	train
nist_4474654	train
nist_4475354	train
nist_4475365	train
nist_4475377	train
nist_4475381	train
nist_4475487	train
nist_4475496	train
nist_4475512	train
nist_4475524	train
nist_4475993	train
nist_4476004	train
nist_4476040	train
nist_4476046	train
nist_4476047	train
nist_4476060	train
nist_4476187	train
nist_4476202	train
nist_4476203	train
nist_4476217	train
nist_4476246	train
nist_4476260	train
nist_4476413	train
nist_4476426	train
nist_4476427	train
nist_4476431	train
nist_4476524	train
nist_4476541	train
nist_4476542	train
nist_4476545	train
nist_4476546	train
nist_4476561	train
nist_4476576	train
nist_4476655	train
nist_4476669	train
nist_4476684	train
nist_4476834	train
nist_4476848	train
nist_4476863	train
nist_4476872	train
nist_4477126	train
nist_4477135	train
nist_4477162	train
nist_4477177	train
nist_4477356	train
nist_4477372	train
nist_4477387	train
nist_4477393	train
nist_4477394	train
nist_4477407	train
nist_4477422	train
nist_4477430	train
nist_4477431	train
nist_4477444	train
nist_4477445	train
nist_4477457	train
nist_4477601	train
nist_4477613	train
nist_4477627	train
nist_4477633	train
nist_4477938	train
nist_4477954	train
nist_4477966	train
nist_4477973	train
nist_4477987	train
nist_4478002	train
nist_4478014	train
nist_4478022	train
nist_4478069	train
nist_4478084	train
nist_4478096	train
nist_4478105	train
nist_4478106	train
nist_4478119	train
nist_4478132	train
nist_4478133	train
nist_4478148	train
nist_4478177	train
nist_4478183	train
nist_4478403	train
nist_4478410	train
nist_4478446	train
nist_4478454	train
nist_4478944	train
nist_4478960	train
nist_4478975	train
nist_4478981	train
nist_4478982	train
nist_4478997	train
nist_4478998	train
nist_4479008	train
nist_4479037	train
nist_4479051	train
nist_4479061	train
nist_4479075	train
nist_4479082	train
nist_4479095	train
nist_4479141	train
nist_4479155	train
nist_4479233	train
nist_4479243	train
nist_4479257	train
nist_4479261	train
nist_4479377	train
nist_4479390	train
nist_4479405	train
nist_4479418	train
nist_4479435	train
nist_4479450	train
nist_4479458	train
nist_4479542	train
nist_4479552	train
nist_4479553	train
nist_4479562	train
nist_4479573	train
nist_4479585	train
nist_4479594	train
nist_4479602	train
nist_4479660	train
nist_4479675	train
nist_4479696	train
nist_4479705	train
nist_4479820	train
nist_4479836	train
nist_4479849	train
nist_4479854	train
nist_4479855	train
nist_4479868	train
nist_4479904	train
nist_4480038	train
nist_4480053	train
nist_4480068	train
nist_4480071	train
nist_4480082	train
nist_4480083	train
nist_4480088	train
nist_4480121	train
nist_4480136	train
nist_4480137	train
nist_4480139	train
nist_4480287	train
nist_4480303	train
nist_4480319	train
nist_4480323	train
nist_4480437	train
nist_4480438	train
nist_4480450	train
nist_4480763	train
nist_4480777	train
nist_4480778	train
nist_4480788	train
nist_4481134	train
nist_4481145	train
nist_4481146	train
nist_4481703	train
nist_4481708	train
nist_4481709	train
nist_4481723	train
nist_4481724	train
nist_4481739	train
nist_4481740	train
nist_4481755	train
nist_4481920	train
nist_4481922	train
nist_4481935	train
nist_4482448	train
nist_4482460	train
nist_4482473	train
nist_4482478	train
nist_4482479	train
nist_4482493	train
nist_4482518	train
nist_4482528	train
nist_4482539	train
nist_4482552	train
nist_4482578	train
nist_4482588	train
nist_4482597	train
nist_4482610	train
nist_4482625	train
nist_4482637	train
nist_4482638	train
nist_4482670	train
nist_4482671	train
nist_4482683	train
nist_4483187	train
nist_4483200	train
nist_4484123	train
nist_4484136	train
nist_4484150	train
nist_4484160	train
nist_4484495	train
nist_4484509	train
nist_4484522	train
nist_4484527	train
nist_4484528	train
nist_4484540	train
nist_4484554	train
nist_4484557	train
nist_4484558	train
nist_4484572	train
nist_4484573	train
nist_4484585	train
nist_4484707	train
nist_4484722	train
nist_4484729	train
nist_4484742	train
nist_4484743	train
nist_4484755	train
nist_4484756	train
nist_4484762	train
nist_4484788	train
nist_4484802	train
nist_4484828	train
nist_4484834	train
nist_4484896	train
nist_4484911	train
nist_4484922	train
nist_4484951	train
nist_4484965	train
nist_4484978	train
nist_4484983	train
nist_4485082	train
nist_4485097	train
nist_4485124	train
nist_4485130	train
nist_4485136	train
nist_4485149	train
nist_4485163	train
nist_4485170	train
nist_4485228	train
nist_4485242	train
nist_4485253	train
nist_4485259	train
nist_4485871	train
nist_4485887	train
nist_4485903	train
nist_4485915	train
nist_4485935	train
nist_4485947	train
nist_4486132	train
nist_4486141	train
nist_4486179	train
nist_4486184	train
nist_4486232	train
nist_4486245	train
nist_4486246	train
nist_4486253	train
nist_4486519	train
nist_4486532	train
nist_4486533	train
nist_4486541	train
nist_4486575	train
nist_4486587	train
nist_4486588	train
nist_4486740	train
nist_4486755	train
nist_4486756	train
nist_4486766	train
nist_4487336	train
nist_4487337	train
nist_4487350	train
nist_4487351	train
nist_4487358	train
nist_4487371	train
nist_4487382	train
nist_4487429	train
nist_4487443	train
nist_4487444	train
nist_4487458	train
nist_4487540	train
nist_4487555	train
nist_4487556	train
nist_4487571	train
nist_4487667	train
nist_4487681	train
nist_4487682	train
nist_4487693	train
nist_4487845	train
nist_4487859	train
nist_4487871	train
nist_4487883	train
nist_4487936	train
nist_4487949	train
nist_4487950	train
nist_4487960	train
nist_4487971	train
nist_4487987	train
nist_4487988	train
nist_4488003	train
nist_4488503	train
nist_4488518	train
nist_4488537	train
nist_4488539	train
nist_4488652	train
nist_4488679	train
nist_4488693	train
nist_4488753	train
nist_4488768	train
nist_4488784	train
nist_4488798	train
nist_4488814	train
nist_4488829	train
nist_4488845	train
nist_4488859	train
nist_4489014	train
nist_4489028	train
nist_4489049	train
nist_4489061	train
nist_4489062	train
nist_4489078	train
nist_4489116	train
nist_4489128	train
nist_4489222	train
nist_4489236	train
nist_4489249	train
nist_4489260	train
nist_4489270	train
nist_4489284	train
nist_4489299	train
nist_4489310	train
nist_4489363	train
nist_4489380	train
nist_4489396	train
nist_4489445	train
nist_4489458	train
nist_4489481	train
nist_4489497	train
nist_4489753	train
nist_4489762	train
nist_4490331	train
nist_4490340	train
nist_4490367	train
nist_4490374	train
nist_4490518	train
nist_4490531	train
nist_4490666	train
nist_4490680	train
nist_4490681	train
nist_4490697	train
nist_4491037	train
nist_4491053	train
nist_4491080	train
nist_4491090	train
nist_4491091	train
nist_4491095	train
nist_4491463	train
nist_4491479	train
nist_4491510	train
nist_4491633	train
nist_4491647	train
nist_4491763	train
nist_4491780	train
nist_4491799	train
nist_4491840	train
nist_4491853	train
nist_4491854	train
nist_4491864	train
nist_4491950	train
nist_4491962	train
nist_4492410	train
nist_4492424	train
nist_4492431	train
nist_4492436	train
nist_4492652	train
nist_4492666	train
nist_4492674	train
nist_4493415	train
nist_4493431	train
nist_4493444	train
nist_4493656	train
nist_4493670	train
nist_4493699	train
nist_4493952	train
nist_4493969	train
nist_4493997	train
nist_4494010	train
nist_4494011	train
nist_4494017	train
nist_4494209	train
nist_4494224	train
nist_4494239	train
nist_4494252	train
nist_4494312	train
nist_4494327	train
nist_4494359	train
nist_4494368	train
nist_4494581	train
nist_4494592	train
nist_4494605	train
nist_4494975	train
nist_4494987	train
nist_4494998	train
nist_4495003	train
nist_4495470	train
nist_4495483	train
nist_4495484	train
nist_4495495	train
nist_4495506	train
nist_4495522	train
nist_4495523	train
nist_4495534	train
nist_4495569	train
nist_4495585	train
nist_4495586	train
nist_4495601	train
nist_4495749	train
nist_4495762	train
nist_4495775	train
nist_4495782	train
nist_4495787	train
nist_4495801	train
nist_4495802	train
nist_4496290	train
nist_4496303	train
nist_4496328	train
nist_4496345	train
nist_4496451	train
nist_4496464	train
nist_4496465	train
nist_4496473	train
nist_4496474	train
nist_4496485	train
nist_4496486	train
nist_4496497	train
nist_4496967	train
nist_4496983	train
nist_4497014	train
nist_4497024	train
nist_4497209	train
nist_4497222	train
nist_4497235	train
nist_4497773	train
nist_4497787	train
nist_4497788	train
nist_4497836	train
nist_4497850	train
nist_4497851	train
nist_4497864	train
nist_4498299	train
nist_4498313	train
nist_4498325	train
nist_4498330	train
nist_4498331	train
nist_4498344	train
nist_4498372	train
nist_4498384	train
nist_4498401	train
nist_4498409	train
nist_4498448	train
nist_4498464	train
nist_4498465	train
nist_4498478	train
nist_4498675	train
nist_4498738	train
nist_4498752	train
nist_4498754	train
nist_4498763	train
nist_4499361	train
nist_4499377	train
nist_4499395	train
nist_4500249	train
nist_4500263	train
nist_4500264	train
nist_4500276	train
nist_4500484	train
nist_4500496	train
nist_4500524	train
nist_4500829	train
nist_4500843	train
nist_4500935	train
nist_4500950	train
nist_4500963	train
nist_4500977	train
nist_4500991	train
nist_4501003	train
nist_4501020	train
nist_4501885	train
nist_4501902	train
nist_4501914	train
nist_4501920	train
nist_4502291	train
nist_4502302	train
nist_4502303	train
nist_4503334	train
nist_4503345	train
nist_4504142	train
nist_4504154	train
nist_4504268	train
nist_4504281	train
nist_4504323	train
nist_4504445	train
nist_4504459	train
nist_4504467	train
nist_4504477	train
nist_4504546	train
nist_4504558	train
nist_4504658	train
nist_4504672	train
nist_4504673	train
nist_4504695	train
nist_4504708	train
nist_4504709	train
nist_4504716	train
nist_4504883	train
nist_4504895	train
nist_4504909	train
nist_4504914	train
nist_4504924	train
nist_4504938	train
nist_4504939	train
nist_4504945	train
nist_4505049	train
nist_4505064	train
nist_4505080	train
nist_4505086	train
nist_4505087	train
nist_4505102	train
nist_4505118	train
nist_4505122	train
nist_4505123	train
nist_4505138	train
nist_4505444	train
nist_4505460	train
nist_4505475	train
nist_4505490	train
nist_4505518	train
nist_4505530	train
nist_4505531	train
nist_4505535	train
nist_4505589	train
nist_4505601	train
nist_4505602	train
nist_4505607	train
nist_4505608	train
nist_4505624	train
nist_4505641	train
nist_4505652	train
nist_4505653	train
nist_4505670	train
nist_4505686	train
nist_4505696	train
nist_4505697	train
nist_4505710	train
nist_4505721	train
nist_4506041	train
nist_4506056	train
nist_4506091	train
nist_4506106	train
nist_4506186	train
nist_4506200	train
nist_4506216	train
nist_4506227	train
nist_4506241	train
nist_4506255	train
nist_4506265	train
nist_4506274	train
nist_4506364	train
nist_4506380	train
nist_4506394	train
nist_4506522	train
nist_4506537	train
nist_4506538	train
nist_4506553	train
nist_4506668	train
nist_4506682	train
nist_4506697	train
nist_4506713	train
nist_4506714	train
nist_4506726	train
nist_4507178	train
nist_4507191	train
nist_4507192	train
nist_4507570	train
nist_4507582	train
nist_4507719	train
nist_4507735	train
nist_4508384	train
nist_4508401	train
nist_4508437	train
nist_4508537	train
nist_4508549	train
nist_4509283	train
nist_4509295	train
nist_4509307	train
nist_4509382	train
nist_4509395	train
nist_4509532	train
nist_4509547	train
nist_4509548	train
nist_4509553	train
nist_4509597	train
nist_4509613	train
nist_4509633	train
nist_4509639	train
nist_4509640	train
nist_4509653	train
nist_4509783	train
nist_4509797	train
nist_4509804	train
nist_4509815	train
nist_4510097	train
nist_4510109	train
nist_4510206	train
nist_4510219	train
nist_4510231	train
nist_4510239	train
nist_4510253	train
nist_4510266	train
nist_4510267	train
nist_4510276	train
nist_4510402	train
nist_4510416	train
nist_4510430	train
nist_4510436	train
nist_4511898	train
nist_4511907	train
nist_4511908	train
nist_4511925	train
nist_4511938	train
nist_4511952	train
nist_4513049	train
nist_4513062	train
nist_4513089	train
nist_4513130	train
nist_4513138	train
nist_4513167	train
nist_4513194	train
nist_4513207	train
nist_4513461	train
nist_4513471	train
nist_4513487	train
nist_4513715	train
nist_4513721	train
nist_4513733	train
nist_4513747	train
nist_4513906	train
nist_4513918	train
nist_4513931	train
nist_4513939	train
nist_4513946	train
nist_4513962	train
nist_4513978	train
nist_4513988	train
nist_4514122	train
nist_4514137	train
nist_4514149	train
nist_4514157	train
nist_4514158	train
nist_4514172	train
nist_4514187	train
nist_4514202	train
nist_4514439	train
nist_4514454	train
nist_4514469	train
nist_4514474	train
nist_4514619	train
nist_4514629	train
nist_4514638	train
nist_4514645	train
nist_4514693	train
nist_4514705	train
nist_4514706	train
nist_4514720	train
nist_4514746	train
nist_4514760	train
nist_4514783	train
nist_4514793	train
nist_4514838	train
nist_4514851	train
nist_4514852	train
nist_4514860	train
nist_4515317	train
nist_4515320	train
nist_4515329	train
nist_4515336	train
nist_4516038	train
nist_4516050	train
nist_4516051	train
nist_4516059	train
nist_4516084	train
nist_4516097	train
nist_4516098	train
nist_4516111	train
nist_4516250	train
nist_4516266	train
nist_4516292	train
nist_4516300	train
nist_4516301	train
nist_4516317	train
nist_4516352	train
nist_4516363	train
nist_4516422	train
nist_4516436	train
nist_4516437	train
nist_4516450	train
nist_4516567	train
nist_4516581	train
nist_4516594	train
nist_4516600	train
nist_4516730	train
nist_4516744	train
nist_4516745	train
nist_4516752	train
nist_4516766	train
nist_4516781	train
nist_4516825	train
nist_4516830	train
nist_4516831	train
nist_4516848	train
nist_4516867	train
nist_4516881	train
nist_4517306	train
nist_4517316	train
nist_4517327	train
nist_4517337	train
nist_4517705	train
nist_4517719	train
nist_4517736	train
nist_4518081	train
nist_4518092	train
nist_4518102	train
nist_4518109	train
nist_4518117	train
nist_4518125	train
nist_4518137	train
nist_4518142	train
nist_4518143	train
nist_4518157	train
nist_4518168	train
nist_4518173	train
nist_4518216	train
nist_4518233	train
nist_4518248	train
nist_4518263	train
nist_4518278	train
nist_4518308	train
nist_4518312	train
nist_4518313	train
nist_4518327	train
nist_4518328	train
nist_4518341	train
nist_4518380	train
nist_4518393	train
nist_4518420	train
nist_4518432	train
nist_4518526	train
nist_4518541	train
nist_4518775	train
nist_4518788	train
nist_4518800	train
nist_4518804	train
nist_4518945	train
nist_4518958	train
nist_4518966	train
nist_4519146	train
nist_4519159	train
nist_4519160	train
nist_4519165	train
nist_4519166	train
nist_4519178	train
nist_4519179	train
nist_4519183	train
nist_4519194	train
nist_4519206	train
nist_4519211	train
nist_4519250	train
nist_4519262	train
nist_4519291	train
nist_4519305	train
nist_4519312	train
nist_4519323	train
nist_4519394	train
nist_4519406	train
nist_4519426	train
nist_4519431	train
nist_4519432	train
nist_4519445	train
nist_4519468	train
nist_4519476	train
nist_4519566	train
nist_4519579	train
nist_4519593	train
nist_4519597	train
nist_4519750	train
nist_4519765	train
nist_4519789	train
nist_4519797	train
nist_4519880	train
nist_4519893	train
nist_4519894	train
nist_4519962	train
nist_4519976	train
nist_4519991	train
nist_4520002	train
nist_4520040	train
nist_4520048	train
nist_4520058	train
nist_4520063	train
nist_4520064	train
nist_4520075	train
nist_4520076	train
nist_4520084	train
nist_4520085	train
nist_4520096	train
nist_4520097	train
nist_4520102	train
nist_4520467	train
nist_4520479	train
nist_4520480	train
nist_4520486	train
nist_4520500	train
nist_4520513	train
nist_4520528	train
nist_4520539	train
nist_4520653	train
nist_4520661	train
nist_4520662	train
nist_4520665	train
nist_4520666	train
nist_4520677	train
nist_4520688	train
nist_4520697	train
nist_4520722	train
nist_4520732	train
nist_4520746	train
nist_4520755	train
nist_4520879	train
nist_4520893	train
nist_4520902	train
nist_4520908	train
nist_4521353	train
nist_4521621	train
nist_4521634	train
nist_4521635	train
nist_4521647	train
nist_4521966	train
nist_4521981	train
nist_4521998	train
nist_4522003	train
nist_4522144	train
nist_4522155	train
nist_4522168	train
nist_4522178	train
nist_4522353	train
nist_4522366	train
nist_4522380	train
nist_4522386	train
nist_4522655	train
nist_4522669	train
nist_4522670	train
nist_4522680	train
nist_4522704	train
nist_4522717	train
nist_4522718	train
nist_4522728	train
nist_4522841	train
nist_4522857	train
nist_4522884	train
nist_4522895	train
nist_4523138	train
nist_4523152	train
nist_4523153	train
nist_4523159	train
nist_4523289	train
nist_4523306	train
nist_4523320	train
nist_4523335	train
nist_4523347	train
nist_4523358	train
nist_4523557	train
nist_4523570	train
nist_4523581	train
nist_4523586	train
nist_4523632	train
nist_4523645	train
nist_4523657	train
nist_4523666	train
nist_4523698	train
nist_4523708	train
nist_4523735	train
nist_4523742	train
nist_4523825	train
nist_4523838	train
nist_4523839	train
nist_4523851	train
nist_4523867	train
nist_4523878	train
nist_4523879	train
nist_4523887	train
nist_4523935	train
nist_4523945	train
nist_4523950	train
nist_4523957	train
nist_4524286	train
nist_4524301	train
nist_4524315	train
nist_4524321	train
nist_4524593	train
nist_4524606	train
nist_4524607	train
nist_4524623	train
nist_4524634	train
nist_4524646	train
nist_4524657	train
nist_4524663	train
nist_4524664	train
nist_4524679	train
nist_4524688	train
nist_4524699	train
nist_4524782	train
nist_4524791	train
nist_4524828	train
nist_4524841	train
nist_4524842	train
nist_4524843	train
nist_4524857	train
nist_4524858	train
nist_4524871	train
nist_4524954	train
nist_4524971	train
nist_4524972	train
nist_4524988	train
nist_4525098	train
nist_4525109	train
nist_4525110	train
nist_4525123	train
nist_4525182	train
nist_4525195	train
nist_4525208	train
nist_4525216	train
nist_4525601	train
nist_4525614	train
nist_4525628	train
nist_4525685	train
nist_4525699	train
nist_4525700	train
nist_4525710	train
nist_4529091	train
nist_4529100	train
nist_4529102	train
nist_4529108	train
nist_4529921	train
nist_4529936	train
nist_4529962	train
nist_4530388	train
nist_4530401	train
nist_4530406	train
nist_4530418	train
nist_4532600	train
nist_4532605	train
nist_4532608	train
nist_4533654	train
nist_4533666	train
nist_4534529	train
nist_4534553	train
nist_4534564	train
nist_4534591	train
nist_4534597	train
nist_4535017	train
nist_4535032	train
nist_4535058	train
nist_4535068	train
nist_4537149	train
nist_4537160	train
nist_4537204	train
nist_4538829	train
nist_4538834	train
nist_4538835	train
nist_4538850	train
nist_4539675	train
nist_4539687	train
nist_4539691	train
nist_4539703	train
nist_4540887	train
nist_4540896	train
nist_4540900	train
nist_4541652	train
nist_4541665	train
nist_4541672	train
nist_4541685	train
nist_4541775	train
nist_4541787	train
nist_4541837	train
nist_4541838	train
nist_4542085	train
nist_4542100	train
nist_4542122	train
nist_4542129	train
nist_4542267	train
nist_4542278	train
nist_4542282	train
nist_4542286	train
nist_4542681	train
nist_4542693	train
nist_4542711	train
nist_4542723	train
nist_4543423	train
nist_4543434	train
nist_4543451	train
nist_4543464	train
nist_4544130	train
nist_4544141	train
nist_4544148	train
nist_4544163	train
nist_4547503	train
nist_4547518	train
nist_4547539	train
nist_4547554	train
nist_4547613	train
nist_4547626	train
nist_4547641	train
nist_4547827	train
nist_4547838	train
nist_4547854	train
nist_4547866	train
nist_4547884	train
nist_4547898	train
nist_4547921	train
nist_4549005	train
nist_4549012	train
nist_4549013	train
nist_4549027	train
nist_4550360	train
nist_4550374	train
nist_4550375	train
nist_4550386	train
nist_4550457	train
nist_4550469	train
nist_4550475	train
nist_4550952	train
nist_4550965	train
nist_4550966	train
nist_4550981	train
nist_4551224	train
nist_4551239	train
nist_4551244	train
nist_4551259	train
nist_4552863	train
nist_4552871	train
nist_4552872	train
nist_4553893	train
nist_4553908	train
nist_4553931	train
nist_4555712	train
nist_4555722	train
nist_4555723	train
nist_4555734	train
nist_4556865	train
nist_4556869	train
nist_4556870	train
nist_4556885	train
nist_4557178	train
nist_4557191	train
nist_4557213	train
nist_4557218	train
nist_4559122	train
nist_4559149	train
nist_4559156	train
nist_4559186	train
nist_4559198	train
nist_4560633	train
nist_4560638	train
nist_4560639	train
nist_4560646	train
nist_4562064	train
nist_4562073	train
nist_4562080	train
nist_4562092	train
nist_4562595	train
nist_4562609	train
nist_4562613	train
nist_4562627	train
nist_4562760	train
nist_4562767	train
nist_4562784	train
nist_4562799	train
nist_4564225	train
nist_4564236	train
nist_4564263	train
nist_4564273	train
nist_4564393	train
nist_4564405	train
nist_4564469	train
nist_4564480	train
nist_4564497	train
nist_4564508	train
nist_4564529	train
nist_4564540	train
nist_4564557	train
nist_4564569	train
nist_4564623	train
nist_4564635	train
nist_4564776	train
nist_4564790	train
nist_4564808	train
nist_4564821	train
nist_4564838	train
nist_4564851	train
nist_4564874	train
nist_4564906	train
nist_4564921	train
nist_4564944	train
nist_4564954	train
nist_4565096	train
nist_4565109	train
nist_4565176	train
nist_4565180	train
nist_4565733	train
nist_4565748	train
nist_4565767	train
nist_4565772	train
nist_4566477	train
nist_4566489	train
nist_4566497	train
nist_4566604	train
nist_4566614	train
nist_4566618	train
nist_4566632	train
nist_4566659	train
nist_4566673	train
nist_4566691	train
nist_4566706	train
nist_4566814	train
nist_4566826	train
nist_4566863	train
nist_4566875	train
nist_4567377	train
nist_4567390	train
nist_4567394	train
nist_4567409	train
nist_4568175	train
nist_4568190	train
nist_4568227	train
nist_4568234	train
nist_4568251	train
nist_4568266	train
nist_4568269	train
nist_4568281	train
nist_4569665	train
nist_4569677	train
nist_4570175	train
nist_4570190	train
nist_4570213	train
nist_4570312	train
nist_4570324	train
nist_4570329	train
nist_4570334	train
nist_4570562	train
nist_4570574	train
nist_4570578	train
nist_4570588	train
nist_4571004	train
nist_4571016	train
nist_4571054	train
nist_4571066	train
nist_4571681	train
nist_4571692	train
nist_4571697	train
nist_4571710	train
nist_4572551	train
nist_4572566	train
nist_4572605	train
nist_4572617	train
nist_4572820	train
nist_4572833	train
nist_4573190	train
nist_4573203	train
nist_4573207	train
nist_4573387	train
nist_4573399	train
nist_4573419	train
nist_4573544	train
nist_4573556	train
nist_4573589	train
nist_4573599	train
nist_4573604	train
nist_4573613	train
nist_4573645	train
nist_4573656	train
nist_4574082	train
nist_4574097	train
nist_4574103	train
nist_4574118	train
nist_4574255	train
nist_4574270	train
nist_4574289	train
nist_4574333	train
nist_4574348	train
nist_4574389	train
nist_4574402	train
nist_4575352	train
nist_4575367	train
nist_4575402	train
nist_4575417	train
nist_4575418	train
nist_4575432	train
nist_4575437	train
nist_4575498	train
nist_4575511	train
nist_4575936	train
nist_4575951	train
nist_4575970	train
nist_4576253	train
nist_4576265	train
nist_4576349	train
nist_4576361	train
nist_4576543	train
nist_4576555	train
nist_4576559	train
nist_4576995	train
nist_4577010	train
nist_4577057	train
nist_4577072	train
nist_4577109	train
nist_4577120	train
nist_4577567	train
nist_4577582	train
nist_4577648	train
nist_4577663	train
nist_4577666	train
nist_4577680	train
nist_4579603	train
nist_4579618	train
nist_4579691	train
nist_4579701	train
nist_4579867	train
nist_4579881	train
nist_4579886	train
nist_4579897	train
nist_4580033	train
nist_4580047	train
nist_4580082	train
nist_4580086	train
nist_4580284	train
nist_4580299	train
nist_4580319	train
nist_4580330	train
nist_4580332	train
nist_4580346	train
nist_4580359	train
nist_4580371	train
nist_4580385	train
nist_4580397	train
nist_4580421	train
nist_4580427	train
nist_4580428	train
nist_4580439	train
nist_4580734	train
nist_4580747	train
nist_4580750	train
nist_4580764	train
nist_4581201	train
nist_4581215	train
nist_4581237	train
nist_4581247	train
nist_4581334	train
nist_4581348	train
nist_4581367	train
nist_4581581	train
nist_4581593	train
nist_4581610	train
nist_4581769	train
nist_4581783	train
nist_4581786	train
nist_4581798	train
nist_4581867	train
nist_4581880	train
nist_4581885	train
nist_4582066	train
nist_4582079	train
nist_4582083	train
nist_4582601	train
nist_4582613	train
nist_4582618	train
nist_4583013	train
nist_4583019	train
nist_4583022	train
nist_4583044	train
nist_4583051	train
nist_4583789	train
nist_4583797	train
nist_4583802	train
nist_4583814	train
nist_4584974	train
nist_4584989	train
nist_4585005	train
nist_4585222	train
nist_4585234	train
nist_4585237	train
nist_4585302	train
nist_4585315	train
nist_4585320	train
nist_4585332	train
nist_4585643	train
nist_4585653	train
nist_4585665	train
nist_4585674	train
nist_4586066	train
nist_4586087	train
nist_4586100	train
nist_4586128	train
nist_4586143	train
nist_4586146	train
nist_4586151	train
nist_4586418	train
nist_4586431	train
nist_4586451	train
nist_4586463	train
nist_4586524	train
nist_4586537	train
nist_4586561	train
nist_4586596	train
nist_4586611	train
nist_4586623	train
nist_4586636	train
nist_4587012	train
nist_4587025	train
nist_4587029	train
nist_4587318	train
nist_4587330	train
nist_4587333	train
nist_4587344	train
nist_4587659	train
nist_4587672	train
nist_4587676	train
nist_4587689	train
nist_4588022	train
nist_4588037	train
nist_4588068	train
nist_4588081	train
nist_4588097	train
nist_4588109	train
nist_4588114	train
nist_4588204	train
nist_4588217	train
nist_4588323	train
nist_4588338	train
nist_4588932	train
nist_4588944	train
nist_4589695	train
nist_4589710	train
nist_4589713	train
nist_4589725	train
nist_4590016	train
nist_4590029	train
nist_4590045	train
nist_4590059	train
nist_4590652	train
nist_4590665	train
nist_4590682	train
nist_4590687	train
nist_4590804	train
nist_4590819	train
nist_4590821	train
nist_4590829	train
nist_4590848	train
nist_4590863	train
nist_4590864	train
nist_4590989	train
nist_4591004	train
nist_4591008	train
nist_4591019	train
nist_4591432	train
nist_4591447	train
nist_4591482	train
nist_4591591	train
nist_4591606	train
nist_4591625	train
nist_4591638	train
nist_4591644	train
nist_4591658	train
nist_4591691	train
nist_4591706	train
nist_4591730	train
nist_4591762	train
nist_4591777	train
nist_4591800	train
nist_4591801	train
nist_4591816	train
nist_4591856	train
nist_4591869	train
nist_4592756	train
nist_4592771	train
nist_4592790	train
nist_4592796	train
nist_4593080	train
nist_4593092	train
nist_4593132	train
nist_4593144	train
nist_4593197	train
nist_4593211	train
nist_4593363	train
nist_4593375	train
nist_4593410	train
nist_4593570	train
nist_4593585	train
nist_4593606	train
nist_4593619	train
nist_4593637	train
nist_4593739	train
nist_4593751	train
nist_4593771	train
nist_4593789	train
nist_4593801	train
nist_4593821	train
nist_4593997	train
nist_4594009	train
nist_4594016	train
nist_4594028	train
nist_4594230	train
nist_4594245	train
nist_4594267	train
nist_4594278	train
nist_4594293	train
nist_4594308	train
nist_4594343	train
nist_4594352	train
nist_4594368	train
nist_4594380	train
nist_4594410	train
nist_4594424	train
nist_4594735	train
nist_4594744	train
nist_4594759	train
nist_4594770	train
nist_4594941	train
nist_4594956	train
nist_4594978	train
nist_4594983	train
nist_4595301	train
nist_4595316	train
nist_4595319	train
nist_4595330	train
nist_4595519	train
nist_4595534	train
nist_4595538	train
nist_4595553	train
nist_4595571	train
nist_4595586	train
nist_4595602	train
nist_4595615	train
nist_4595831	train
nist_4595844	train
nist_4595866	train
nist_4596083	train
nist_4596098	train
nist_4596101	train
nist_4596116	train
nist_4596135	train
nist_4596150	train
nist_4596265	train
nist_4596280	train
nist_4596283	train
nist_4596297	train
nist_4596369	train
nist_4596377	train
nist_4596729	train
nist_4596742	train
nist_4596747	train
nist_4596757	train
nist_4597040	train
nist_4597054	train
nist_4597077	train
nist_4597090	train
nist_4597623	train
nist_4597634	train
nist_4597653	train
nist_4597664	train
nist_4597724	train
nist_4597736	train
nist_4597755	train
nist_4597766	train
nist_4598392	train
nist_4598403	train
nist_4598417	train
nist_4598429	train
nist_4598580	train
nist_4598592	train
nist_4599318	train
nist_4599329	train
nist_4599343	train
nist_4599354	train
nist_4599516	train
nist_4599528	train
nist_4599538	train
nist_4600535	train
nist_4600547	train
nist_4600583	train
nist_4600594	train
nist_4600731	train
nist_4600744	train
nist_4600751	train
nist_4600765	train
nist_4601071	train
nist_4601081	train
nist_4601088	train
nist_4601100	train
nist_4603255	train
nist_4603260	train
nist_4603269	train
nist_4606591	train
nist_4606602	train
nist_4606622	train
nist_4606626	train
nist_4606638	train
nist_4606644	train
nist_4606657	train
nist_4606814	train
nist_4606829	train
nist_4606872	train
nist_4606875	train
nist_4606911	train
nist_4606924	train
nist_4606946	train
nist_4607340	train
nist_4607352	train
nist_4607381	train
nist_4607391	train
nist_4608105	train
nist_4608119	train
nist_4608139	train
nist_4608154	train
nist_4608189	train
nist_4608199	train
nist_4608204	train
nist_4608213	train
nist_4610152	train
nist_4610167	train
nist_4610173	train
nist_4610187	train
nist_4610332	train
nist_4610344	train
nist_4610345	train
nist_4610359	train
nist_4610538	train
nist_4610553	train
nist_4610575	train
nist_4610582	train
nist_4611344	train
nist_4611345	train
nist_4611360	train
nist_4611755	train
nist_4611769	train
nist_4611773	train
nist_4611774	train
nist_4612119	train
nist_4612130	train
nist_4612149	train
nist_4612163	train
nist_4613515	train
nist_4613528	train
nist_4613552	train
nist_4613559	train
nist_4613903	train
nist_4613916	train
nist_4613920	train
nist_4613932	train
nist_4614190	train
nist_4614202	train
nist_4614205	train
nist_4614220	train
nist_4614446	train
nist_4614461	train
nist_4614865	train
nist_4614875	train
nist_4614878	train
nist_4614887	train
nist_4614921	train
nist_4614936	train
nist_4614939	train
nist_4615021	train
nist_4615036	train
nist_4615052	train
nist_4615056	train
nist_4615073	train
nist_4615088	train
nist_4615093	train
nist_4615105	train
nist_4615166	train
nist_4615181	train
nist_4615187	train
nist_4615200	train
nist_4615216	train
nist_4615238	train
nist_4615274	train
nist_4615289	train
nist_4615308	train
nist_4616250	train
nist_4618126	train
nist_4618132	train
nist_4618133	train
nist_4618140	train
nist_4618141	train
nist_4618144	train
nist_4618153	train
nist_4618647	train
nist_4618661	train
nist_4618675	train
nist_4618687	train
nist_4618846	train
nist_4618861	train
nist_4618874	train
nist_4618883	train
nist_4618891	train
nist_4618897	train
nist_4618898	train
nist_4618911	train
nist_4619225	train
nist_4619231	train
nist_4619232	train
nist_4619246	train
nist_4619269	train
nist_4619279	train
nist_4619280	train
nist_4619294	train
nist_4619742	train
nist_4619758	train
nist_4619759	train
nist_4619771	train
nist_4619923	train
nist_4619924	train
nist_4619929	train
nist_4619945	train
nist_4620444	train
nist_4620459	train
nist_4620460	train
nist_4620474	train
nist_4620911	train
nist_4620925	train
nist_4620926	train
nist_4620936	train
nist_4621084	train
nist_4621098	train
nist_4621099	train
nist_4621111	train
nist_4621270	train
nist_4621284	train
nist_4621285	train
nist_4621299	train
nist_4621311	train
nist_4621323	train
nist_4621324	train
nist_4621337	train
nist_4621450	train
nist_4621455	train
nist_4621456	train
nist_4621462	train
nist_4621546	train
nist_4621550	train
nist_4621551	train
nist_4621565	train
nist_4621654	train
nist_4621668	train
nist_4621669	train
nist_4621676	train
nist_4621677	train
nist_4621688	train
nist_4621697	train
nist_4621704	train
nist_4622589	train
nist_4622604	train
nist_4622605	train
nist_4622620	train
nist_4622621	train
nist_4622626	train
nist_4622627	train
nist_4622637	train
nist_4622756	train
nist_4622757	train
nist_4622773	train
nist_4622777	train
nist_4623056	train
nist_4623072	train
nist_4623117	train
nist_4623131	train
nist_4623529	train
nist_4623538	train
nist_4623539	train
nist_4623638	train
nist_4623653	train
nist_4623666	train
nist_4623671	train
nist_4623727	train
nist_4623730	train
nist_4623731	train
nist_4623744	train
nist_4623952	train
nist_4623953	train
nist_4623966	train
nist_4624457	train
nist_4624464	train
nist_4624465	train
nist_4624474	train
nist_4624481	train
nist_4624482	train
nist_4624488	train
nist_4624534	train
nist_4624541	train
nist_4624542	train
nist_4624550	train
nist_4624563	train
nist_4624580	train
nist_4624587	train
nist_4624588	train
nist_4624603	train
nist_4624618	train
nist_4624626	train
nist_4625461	train
nist_4625466	train
nist_4625467	train
nist_4625483	train
nist_4625538	train
nist_4625543	train
nist_4625544	train
nist_4625554	train
nist_4625770	train
nist_4625776	train
nist_4625777	train
nist_4625791	train
nist_4625911	train
nist_4625928	train
nist_4625947	train
nist_4625958	train
nist_4626170	train
nist_4626177	train
nist_4626178	train
nist_4626191	train
nist_4626252	train
nist_4626267	train
nist_4626268	train
nist_4626280	train
nist_4626602	train
nist_4626617	train
nist_4626618	train
nist_4626630	train
nist_4626631	train
nist_4626636	train
nist_4626637	train
nist_4626646	train
nist_4626907	train
nist_4626920	train
nist_4626934	train
nist_4627048	train
nist_4627059	train
nist_4627060	train
nist_4627073	train
nist_4627074	train
nist_4627081	train
nist_4627082	train
nist_4627094	train
nist_4627441	train
nist_4627457	train
nist_4627473	train
nist_4627480	train
nist_4627530	train
nist_4627544	train
nist_4627545	train
nist_4627557	train
nist_4627925	train
nist_4627936	train
nist_4628152	train
nist_4628157	train
nist_4628158	train
nist_4628503	train
nist_4628510	train
nist_4628511	train
nist_4628524	train
nist_4628707	train
nist_4628718	train
nist_4628743	train
nist_4628747	train
nist_4628990	train
nist_4629004	train
nist_4629017	train
nist_4629026	train
nist_4629059	train
nist_4629063	train
nist_4629064	train
nist_4629069	train
nist_4629119	train
nist_4629126	train
nist_4629127	train
nist_4629140	train
nist_4629202	train
nist_4629203	train
nist_4629209	train
nist_4629210	train
nist_4629215	train
nist_4629219	train
nist_4629220	train
nist_4629225	train
nist_4629259	train
nist_4629274	train
nist_4629326	train
nist_4629330	train
nist_4629723	train
nist_4629735	train
nist_4629749	train
nist_4629760	train
nist_4629867	train
nist_4629871	train
nist_4629872	train
nist_4629885	train
nist_4629951	train
nist_4629963	train
nist_4629964	train
nist_4629971	train
nist_4629972	train
nist_4629986	train
nist_4629987	train
nist_4630000	train
nist_4630106	train
nist_4630120	train
nist_4630132	train
nist_4630139	train
nist_4630163	train
nist_4630169	train
nist_4630170	train
nist_4630183	train
nist_4630451	train
nist_4630466	train
nist_4630482	train
nist_4630489	train
nist_4630676	train
nist_4630678	train
nist_4630679	train
nist_4630690	train
nist_4630883	train
nist_4630887	train
nist_4630888	train
nist_4630902	train
nist_4631178	train
nist_4631182	train
nist_4631183	train
nist_4631190	train
nist_4631428	train
nist_4631442	train
nist_4631443	train
nist_4631455	train
nist_4631456	train
nist_4631470	train
nist_4631471	train
nist_4631994	train
nist_4632008	train
nist_4632025	train
nist_4632031	train
nist_4639133	train
nist_4639136	train
nist_4639137	train
nist_4639149	train
nist_4639286	train
nist_4639287	train
nist_4639293	train
nist_4639300	train
nist_4639491	train
nist_4639492	train
nist_4639493	train
nist_4639508	train
nist_4643393	train
nist_4643404	train
nist_4643409	train
nist_4643422	train
nist_4644836	train
nist_4644842	train
nist_4644843	train
nist_4644857	train
nist_4644905	train
nist_4644917	train
nist_4644923	train
nist_4644931	train
nist_4645014	train
nist_4645025	train
nist_4645030	train
nist_4645042	train
nist_4645403	train
nist_4645409	train
nist_4645414	train
nist_4645425	train
nist_4646157	train
nist_4646168	train
nist_4646287	train
nist_4646298	train
nist_4646299	train
nist_4646396	train
nist_4646405	train
nist_4646407	train
nist_4646422	train
nist_4646435	train
nist_4646437	train
nist_4646451	train
nist_4646455	train
nist_4646462	train
nist_4646464	train
nist_4646478	train
nist_4646548	train
nist_4646559	train
nist_4646783	train
nist_4646798	train
nist_4646824	train
nist_4646839	train
nist_4650091	train
nist_4650102	train
nist_4650107	train
nist_4650118	train
nist_4651218	train
nist_4651229	train
nist_4651273	train
nist_4651279	train
nist_4651449	train
nist_4651460	train
nist_4651466	train
nist_4651477	train
nist_4652877	train
nist_4652890	train
nist_4652916	train
nist_4652930	train
nist_4652951	train
nist_4652964	train
nist_4652968	train
nist_4652981	train
nist_4655839	train
nist_4655854	train
nist_4655860	train
nist_4655872	train
nist_4655927	train
nist_4655938	train
nist_4655963	train
nist_4655975	train
nist_4656029	train
nist_4656030	train
nist_4656045	train
nist_1035318	train
nist_1035779	train
nist_1054863	train
nist_1055069	train
nist_1055752	train
nist_1055936	train
nist_1056563	train
nist_1057383	train
nist_1057530	train
nist_1057641	train
nist_1057680	train
nist_1057859	train
nist_1059187	train
nist_1059323	train
nist_1059524	train
nist_1059653	train
nist_1061048	train
nist_1061761	train
nist_1062259	train
nist_1062429	train
nist_1062815	train
nist_1063852	train
nist_1064140	train
nist_1064779	train
nist_1064855	train
nist_1065511	train
nist_1065932	train
nist_1067095	train
nist_1067140	train
nist_1067171	train
nist_1067595	train
nist_1067646	train
nist_1067676	train
nist_1067891	train
nist_1068110	train
nist_1068353	train
nist_1068398	train
nist_1069049	train
nist_1069296	train
nist_1069417	train
nist_1070042	train
nist_1070679	train
nist_1070962	train
nist_1070976	train
nist_1071204	train
nist_1072023	train
nist_1072606	train
nist_1072934	train
nist_1073017	train
nist_1073033	train
nist_1073499	train
nist_1073895	train
nist_1074005	train
nist_1074036	train
nist_1074532	train
nist_1075589	train
nist_1075966	train
nist_1089987	train
nist_1090505	train
nist_1091440	train
nist_1091653	train
nist_1091969	train
nist_1092053	train
nist_1092068	train
nist_1094170	train
nist_1094277	train
nist_1095982	train
nist_1097287	train
nist_1097993	train
nist_1105065	train
nist_1105137	train
nist_1106570	train
nist_1106833	train
nist_1106926	train
nist_1106995	train
nist_1107236	train
nist_1107278	train
nist_1107609	train
nist_1107899	train
nist_1111349	train
nist_1111392	train
nist_1111685	train
nist_1111716	train
nist_1111745	train
nist_1112634	train
nist_1112999	train
nist_1113294	train
nist_1113527	train
nist_1113975	train
nist_1114572	train
nist_1114583	train
nist_1114671	train
nist_1114759	train
nist_1115049	train
nist_1115157	train
nist_1115307	train
nist_1115707	train
nist_1115723	train
nist_1116243	train
nist_1116340	train
nist_1116706	train
nist_1116744	train
nist_1116793	train
nist_1127505	train
nist_1127542	train
nist_1128262	train
nist_1128350	train
nist_1128525	train
nist_1130552	train
nist_1130648	train
nist_1130720	train
nist_1130755	train
nist_1131699	train
nist_1131723	train
nist_1132121	train
nist_1132141	train
nist_1133318	train
nist_1133405	train
nist_1134121	train
nist_1135072	train
nist_1135097	train
nist_1135151	train
nist_1135173	train
nist_1135355	train
nist_1135394	train
nist_1136858	train
nist_1136896	train
nist_1136987	train
nist_1137026	train
nist_1137513	train
nist_1137534	train
nist_1137630	train
nist_1137681	train
nist_1139116	train
nist_1139158	train
nist_1139875	train
nist_1139914	train
nist_1140021	train
nist_1140065	train
nist_1140084	train
nist_1140133	train
nist_1140252	train
nist_1140276	train
nist_1141563	train
nist_1141582	train
nist_1142910	train
nist_1143346	train
nist_1144309	train
nist_1144330	train
nist_1144840	train
nist_1144867	train
nist_1144879	train
nist_1145109	train
nist_1145344	train
nist_1145379	train
nist_1145568	train
nist_1145714	train
nist_1146158	train
nist_1146177	train
nist_1146713	train
nist_1148076	train
nist_1148643	train
nist_1148659	train
nist_1149327	train
nist_1149347	train
nist_1149381	train
nist_1149402	train
nist_1149841	train
nist_1149908	train
nist_1149947	train
nist_1150364	train
nist_1152233	train
nist_1152299	train
nist_1152597	train
nist_1152823	train
nist_1152845	train
nist_1152896	train
nist_1153668	train
nist_1154148	train
nist_1154208	train
nist_1154471	train
nist_1154480	train
nist_1154751	train
nist_1154766	train
nist_1154851	train
nist_1154885	train
nist_1154936	train
nist_1154958	train
nist_1155477	train
nist_1155488	train
nist_1155923	train
nist_1156350	train
nist_1156367	train
nist_1157046	train
nist_1157065	train
nist_1158210	train
nist_1158229	train
nist_1158469	train
nist_1158485	train
nist_1158611	train
nist_1158629	train
nist_1159008	train
nist_1159025	train
nist_1160831	train
nist_1160903	train
nist_1160925	train
nist_1160992	train
nist_1161292	train
nist_1161362	train
nist_1163220	train
nist_1163263	train
nist_1164619	train
nist_1164640	train
nist_1165132	train
nist_1165154	train
nist_1165368	train
nist_1165374	train
nist_1165422	train
nist_1165906	train
nist_1166097	train
nist_1166286	train
nist_1166965	train
nist_1166991	train
nist_1168066	train
nist_1168245	train
nist_1169802	train
nist_1169816	train
nist_1170783	train
nist_1170804	train
nist_1172153	train
nist_1172184	train
nist_1173252	train
nist_1173487	train
nist_1173805	train
nist_1173841	train
nist_1174302	train
nist_1174804	train
nist_1174864	train
nist_1176523	train
nist_1176704	train
nist_1176783	train
nist_1176965	train
nist_1177487	train
nist_1177558	train
nist_1177912	train
nist_1180137	train
nist_1180167	train
nist_1180186	train
nist_1180471	train
nist_1181848	train
nist_1182680	train
nist_1182695	train
nist_1183109	train
nist_1184090	train
nist_1185065	train
nist_1185342	train
nist_1185431	train
nist_1186178	train
nist_1186199	train
nist_1186586	train
nist_1186599	train
nist_1187082	train
nist_1187099	train
nist_1187155	train
nist_1187240	train
nist_1187272	train
nist_1187333	train
nist_1188108	train
nist_1188725	train
nist_1189533	train
nist_1190026	train
nist_1190086	train
nist_1190284	train
nist_1191029	train
nist_1191048	train
nist_1191866	train
nist_1191908	train
nist_1191928	train
nist_1192302	train
nist_1192571	train
nist_1194052	train
nist_1194349	train
nist_1195065	train
nist_1195186	train
nist_1195507	train
nist_1195579	train
nist_1195671	train
nist_1196236	train
nist_1196385	train
nist_1196561	train
nist_1196693	train
nist_1196731	train
nist_1196748	train
nist_1196824	train
nist_1196903	train
nist_1197133	train
nist_1197611	train
nist_1197614	train
nist_1197778	train
nist_1197794	train
nist_1197945	train
nist_1197953	train
nist_1198086	train
nist_1198101	train
nist_1198184	train
nist_1198286	train
nist_1199045	train
nist_1199072	train
nist_1199268	train
nist_1199277	train
nist_1199614	train
nist_1199653	train
nist_1200183	train
nist_1200222	train
nist_1200820	train
nist_1201615	train
nist_1201686	train
nist_1202318	train
nist_1202338	train
nist_1202674	train
nist_1202689	train
nist_1202733	train
nist_1202754	train
nist_1203074	train
nist_1203160	train
nist_1203969	train
nist_1204291	train
nist_1204309	train
nist_1204981	train
nist_1205023	train
nist_1205354	train
nist_1205397	train
nist_1205456	train
nist_1205723	train
nist_1207636	train
nist_1207669	train
nist_1208382	train
nist_1208512	train
nist_1209206	train
nist_1209225	train
nist_1209406	train
nist_1209580	train
nist_1209917	train
nist_1210299	train
nist_1210411	train
nist_1210427	train
nist_1210507	train
nist_1210739	train
nist_1211005	train
nist_1211024	train
nist_1211445	train
nist_1211695	train
nist_1212196	train
nist_1212215	train
nist_1214841	train
nist_1214866	train
nist_1215146	train
nist_1215317	train
nist_1215751	train
nist_1215994	train
nist_1217315	train
nist_1217344	train
nist_1217375	train
nist_1218318	train
nist_1218374	train
nist_1218400	train
nist_1219334	train
nist_1219459	train
nist_1219572	train
nist_1220443	train
nist_1220446	train
nist_1220587	train
nist_1221076	train
nist_1221112	train
nist_1221957	train
nist_1222593	train
nist_1222861	train
nist_1223776	train
nist_1224885	train
nist_1225036	train
nist_1225107	train
nist_1225289	train
nist_1225947	train
nist_1226312	train
nist_1226341	train
nist_1226371	train
nist_1227893	train
nist_1234008	train
nist_1236252	train
nist_1236270	train
nist_1236458	train
nist_1237705	train
nist_1237874	train
nist_1239379	train
nist_1239396	train
nist_1240186	train
nist_1241235	train
nist_1241261	train
nist_1241884	train
nist_1241933	train
nist_1242678	train
nist_1242729	train
nist_1242990	train
nist_1243056	train
nist_1244733	train
nist_1244915	train
nist_1245362	train
nist_1245609	train
nist_1245790	train
nist_1246938	train
nist_1246957	train
nist_1246980	train
nist_1247431	train
nist_1247547	train
nist_1247554	train
nist_1248244	train
nist_1248266	train
nist_1250306	train
nist_1250326	train
nist_1250376	train
nist_1250515	train
nist_1250536	train
nist_1251215	train
nist_1251718	train
nist_1251810	train
nist_1253663	train
nist_1255585	train
nist_1256893	train
nist_1256987	train
nist_1257119	train
nist_1257159	train
nist_1257499	train
nist_1257975	train
nist_1258035	train
nist_1260406	train
nist_1260465	train
nist_1260484	train
nist_1260637	train
nist_1260646	train
nist_1260978	train
nist_1262152	train
nist_1262543	train
nist_1266112	train
nist_1266165	train
nist_1266312	train
nist_1266781	train
nist_1267924	train
nist_1269535	train
nist_1271547	train
nist_1273565	train
nist_1273622	train
nist_1274197	train
nist_1274254	train
nist_1274652	train
nist_1274658	train
nist_1274774	train
nist_1274796	train
nist_1275172	train
nist_1275180	train
nist_1276036	train
nist_1277273	train
nist_1277276	train
nist_1278376	train
nist_1278393	train
nist_1278472	train
nist_1278497	train
nist_1278539	train
nist_1278564	train
nist_1279157	train
nist_1279183	train
nist_1279789	train
nist_1279851	train
nist_1280264	train
nist_1280284	train
nist_1281402	train
nist_1281573	train
nist_1282395	train
nist_1282420	train
nist_1283107	train
nist_1284218	train
nist_1284259	train
nist_1288143	train
nist_1288808	train
nist_1288870	train
nist_1290068	train
nist_1290083	train
nist_1291172	train
nist_1291186	train
nist_1292809	train
nist_1292856	train
nist_1293158	train
nist_1293498	train
nist_1293543	train
nist_1293581	train
nist_1295212	train
nist_1295227	train
nist_1295510	train
nist_1295578	train
nist_1295959	train
nist_1296029	train
nist_1296041	train
nist_1296926	train
nist_1297277	train
nist_1297313	train
nist_1298211	train
nist_1298390	train
nist_1298756	train
nist_1298817	train
nist_1300610	train
nist_1300639	train
nist_1302648	train
nist_1302693	train
nist_1302834	train
nist_1302857	train
nist_1302887	train
nist_1305087	train
nist_1305107	train
nist_1305468	train
nist_1307531	train
nist_1307854	train
nist_1308266	train
nist_1309496	train
nist_1310628	train
nist_1310639	train
nist_1312713	train
nist_1312749	train
nist_1313169	train
nist_1313463	train
nist_1313510	train
nist_1314967	train
nist_1315406	train
nist_1315442	train
nist_1315457	train
nist_1316870	train
nist_1317016	train
nist_1318935	train
nist_1319019	train
nist_1320990	train
nist_1322185	train
nist_1322201	train
nist_1323025	train
nist_1324808	train
nist_1326613	train
nist_1326631	train
nist_1326936	train
nist_1326992	train
nist_1327712	train
nist_1330826	train
nist_1331124	train
nist_1331512	train
nist_1331532	train
nist_1332414	train
nist_1333603	train
nist_1333613	train
nist_1333940	train
nist_1334158	train
nist_1334698	train
nist_1334807	train
nist_1335544	train
nist_1337913	train
nist_1339806	train
nist_1340286	train
nist_1340382	train
nist_1341453	train
nist_1341465	train
nist_1341956	train
nist_1341964	train
nist_1342548	train
nist_1342575	train
nist_1343066	train
nist_1343373	train
nist_1343581	train
nist_1343602	train
nist_1344494	train
nist_1344525	train
nist_1344779	train
nist_1344813	train
nist_1346886	train
nist_1347046	train
nist_1347065	train
nist_1347293	train
nist_1347319	train
nist_1347344	train
nist_1347364	train
nist_1347472	train
nist_1347489	train
nist_1347496	train
nist_1347522	train
nist_1350965	train
nist_1350986	train
nist_1352800	train
nist_1353833	train
nist_1354235	train
nist_1354274	train
nist_1355289	train
nist_1355307	train
nist_1355445	train
nist_1355447	train
nist_1356518	train
nist_1357192	train
nist_1358164	train
nist_1359019	train
nist_1359168	train
nist_1359188	train
nist_1360271	train
nist_1360291	train
nist_1360484	train
nist_1360826	train
nist_1360844	train
nist_1361007	train
nist_1361976	train
nist_1362430	train
nist_1362456	train
nist_1363904	train
nist_1363948	train
nist_1364300	train
nist_1364388	train
nist_1365022	train
nist_1365061	train
nist_1365083	train
nist_1368841	train
nist_1369144	train
nist_1369165	train
nist_1373172	train
nist_1373232	train
nist_1373428	train
nist_1373599	train
nist_1374353	train
nist_1374374	train
nist_1374587	train
nist_1375674	train
nist_1377322	train
nist_1377574	train
nist_1378374	train
nist_1378751	train
nist_1378773	train
nist_1381980	train
nist_1382006	train
nist_1382637	train
nist_1382657	train
nist_1382713	train
nist_1386587	train
nist_1386608	train
nist_1387176	train
nist_1387211	train
nist_1388666	train
nist_1388686	train
nist_1390236	train
nist_1390288	train
nist_1390867	train
nist_1391222	train
nist_1392570	train
nist_1392602	train
nist_1393535	train
nist_1396077	train
nist_1396093	train
nist_1397523	train
nist_1397546	train
nist_1397664	train
nist_1400125	train
nist_1401326	train
nist_1401483	train
nist_1401655	train
nist_1401695	train
nist_1402395	train
nist_1402414	train
nist_1405534	train
nist_1405622	train
nist_1405794	train
nist_1406162	train
nist_1406241	train
nist_1406855	train
nist_1406901	train
nist_1407367	train
nist_1407448	train
nist_1407631	train
nist_1407742	train
nist_1408117	train
nist_1408155	train
nist_1408206	train
nist_1408355	train
nist_1410187	train
nist_1411391	train
nist_1411411	train
nist_1411677	train
nist_1411739	train
nist_1411960	train
nist_1411983	train
nist_1412214	train
nist_1412244	train
nist_1412683	train
nist_1413835	train
nist_1413900	train
nist_1414748	train
nist_1415772	train
nist_1416646	train
nist_1417400	train
nist_1417620	train
nist_1421483	train
nist_1421519	train
nist_1421786	train
nist_1421924	train
nist_1422980	train
nist_1422991	train
nist_1423737	train
nist_1423756	train
nist_1424741	train
nist_1424765	train
nist_1424778	train
nist_1424835	train
nist_1424882	train
nist_1425326	train
nist_1426250	train
nist_1426300	train
nist_1427418	train
nist_1427432	train
nist_1429419	train
nist_1429452	train
nist_1430265	train
nist_1430292	train
nist_1430346	train
nist_1430382	train
nist_1430649	train
nist_1430688	train
nist_1431680	train
nist_1431689	train
nist_1433840	train
nist_1433864	train
nist_1437222	train
nist_1437307	train
nist_1439712	train
nist_1439849	train
nist_1440383	train
nist_1440913	train
nist_1440929	train
nist_1441344	train
nist_1441364	train
nist_1441897	train
nist_1442973	train
nist_1443017	train
nist_1443252	train
nist_1443264	train
nist_1444763	train
nist_1446381	train
nist_1446422	train
nist_1447643	train
nist_1447673	train
nist_1450023	train
nist_1450050	train
nist_1450093	train
nist_1450144	train
nist_1452453	train
nist_1452511	train
nist_1452605	train
nist_1452885	train
nist_1453593	train
nist_1453614	train
nist_1459899	train
nist_1460305	train
nist_1460348	train
nist_1462127	train
nist_1462167	train
nist_1462252	train
nist_1464071	train
nist_1464268	train
nist_1464282	train
nist_1465021	train
nist_1465083	train
nist_1467152	train
nist_1467226	train
nist_1467338	train
nist_1467380	train
nist_1467866	train
nist_1467941	train
nist_1469130	train
nist_1470004	train
nist_1470008	train
nist_1471359	train
nist_1471395	train
nist_1471757	train
nist_1471777	train
nist_1472403	train
nist_1472408	train
nist_1472827	train
nist_1472880	train
nist_1473935	train
nist_1473952	train
nist_1476231	train
nist_1477256	train
nist_1477266	train
nist_1477535	train
nist_1477671	train
nist_1477689	train
nist_1479898	train
nist_1480479	train
nist_1480618	train
nist_1481815	train
nist_1481858	train
nist_1481880	train
nist_1481939	train
nist_1483008	train
nist_1483029	train
nist_1483337	train
nist_1483404	train
nist_1486216	train
nist_1486249	train
nist_1486468	train
nist_1486490	train
nist_1487676	train
nist_1487705	train
nist_1487739	train
nist_1487796	train
nist_1487874	train
nist_1487895	train
nist_1487903	train
nist_1489103	train
nist_1489145	train
nist_1489464	train
nist_1489567	train
nist_1489699	train
nist_1489743	train
nist_1490268	train
nist_1490323	train
nist_1490466	train
nist_1490787	train
nist_1490822	train
nist_1491029	train
nist_1491062	train
nist_1493402	train
nist_1494592	train
nist_1494620	train
nist_1494861	train
nist_1494936	train
nist_1495036	train
nist_1495080	train
nist_1495286	train
nist_1495302	train
nist_1496470	train
nist_1496491	train
nist_1497954	train
nist_1497972	train
nist_1502740	train
nist_1502773	train
nist_1504991	train
nist_1505009	train
nist_1505072	train
nist_1505133	train
nist_1505907	train
nist_1505930	train
nist_1505959	train
nist_1505978	train
nist_1506104	train
nist_1506139	train
nist_1506837	train
nist_1506860	train
nist_1508446	train
nist_1508461	train
nist_1512498	train
nist_1512571	train
nist_1513473	train
nist_1513525	train
nist_1514036	train
nist_1514113	train
nist_1515630	train
nist_1515651	train
nist_1516233	train
nist_1516327	train
nist_1516344	train
nist_1516406	train
nist_1516445	train
nist_1516483	train
nist_1516754	train
nist_1516789	train
nist_1517429	train
nist_1518770	train
nist_1519706	train
nist_1520437	train
nist_1520458	train
nist_1520727	train
nist_1520794	train
nist_1522541	train
nist_1523907	train
nist_1525908	train
nist_1527450	train
nist_1527481	train
nist_1529428	train
nist_1529778	train
nist_1529792	train
nist_1529850	train
nist_1531210	train
nist_1531212	train
nist_1531725	train
nist_1532226	train
nist_1532274	train
nist_1534028	train
nist_1534280	train
nist_1534306	train
nist_1535346	train
nist_1535534	train
nist_1537053	train
nist_1537107	train
nist_1537439	train
nist_1537736	train
nist_1537766	train
nist_1538131	train
nist_1538153	train
nist_1541017	train
nist_1542352	train
nist_1542411	train
nist_1542758	train
nist_1543845	train
nist_1543879	train
nist_1544096	train
nist_1544608	train
nist_1545034	train
nist_1545059	train
nist_1545211	train
nist_1547702	train
nist_1548829	train
nist_1548874	train
nist_1548980	train
nist_1549001	train
nist_1550584	train
nist_1550639	train
nist_1550927	train
nist_1550969	train
nist_1551628	train
nist_1551642	train
nist_1551895	train
nist_1556545	train
nist_1557205	train
nist_1558265	train
nist_1558820	train
nist_1558859	train
nist_1559164	train
nist_1559212	train
nist_1559749	train
nist_1559786	train
nist_1560068	train
nist_1560109	train
nist_1562645	train
nist_1562669	train
nist_1563435	train
nist_1563889	train
nist_1564193	train
nist_1564227	train
nist_1564256	train
nist_1566215	train
nist_1567048	train
nist_1567084	train
nist_1568158	train
nist_1568179	train
nist_1568635	train
nist_1599515	train
nist_1602006	train
nist_1602067	train
nist_1602726	train
nist_1603879	train
nist_1603889	train
nist_1603993	train
nist_1603998	train
nist_1604190	train
nist_1604210	train
nist_1604394	train
nist_1605048	train
nist_1605625	train
nist_1605657	train
nist_1608041	train
nist_1608065	train
nist_1608703	train
nist_1608748	train
nist_1609216	train
nist_1609260	train
nist_1611996	train
nist_1613036	train
nist_1613107	train
nist_1614151	train
nist_1614172	train
nist_1614608	train
nist_1614630	train
nist_1614803	train
nist_1614836	train
nist_1614845	train
nist_1614867	train
nist_1614878	train
nist_1614998	train
nist_1615698	train
nist_1617552	train
nist_1617574	train
nist_1617902	train
nist_1617921	train
nist_1619287	train
nist_1619304	train
nist_1619893	train
nist_1621023	train
nist_1621462	train
nist_1621610	train
nist_1621777	train
nist_1621833	train
nist_1621864	train
nist_1622377	train
nist_1622398	train
nist_1623394	train
nist_1625022	train
nist_1625042	train
nist_1627517	train
nist_1627536	train
nist_1627807	train
nist_1627828	train
nist_1627909	train
nist_1628017	train
nist_1628070	train
nist_1628096	train
nist_1628155	train
nist_1628709	train
nist_1628726	train
nist_1629136	train
nist_1629903	train
nist_1630167	train
nist_1630185	train
nist_1630303	train
nist_1630319	train
nist_1630388	train
nist_1630563	train
nist_1630669	train
nist_1630727	train
nist_1630824	train
nist_1631439	train
nist_1631665	train
nist_1632060	train
nist_1632138	train
nist_1632483	train
nist_1632592	train
nist_1632594	train
nist_1632711	train
nist_1632770	train
nist_1632972	train
nist_1633357	train
nist_1633579	train
nist_1633643	train
nist_1633956	train
nist_1634275	train
nist_1634389	train
nist_1634930	train
nist_1635022	train
nist_1635032	train
nist_1635123	train
nist_1635133	train
nist_1635180	train
nist_1635294	train
nist_1635364	train
nist_1635402	train
nist_1635486	train
nist_1635905	train
nist_1636035	train
nist_1636279	train
nist_1636630	train
nist_1636717	train
nist_1636748	train
nist_1636865	train
nist_1636900	train
nist_1636997	train
nist_1637026	train
nist_1637267	train
nist_1637298	train
nist_1637816	train
nist_1638225	train
nist_1638542	train
nist_1638556	train
nist_1638576	train
nist_1638710	train
nist_1638797	train
nist_1638848	train
nist_1638963	train
nist_1639384	train
nist_1639448	train
nist_1639825	train
nist_1639857	train
nist_1640049	train
nist_1640140	train
nist_1640202	train
nist_1640356	train
nist_1640899	train
nist_1640998	train
nist_1641350	train
nist_1641762	train
nist_1641912	train
nist_1642417	train
nist_1642725	train
nist_1642940	train
nist_1643261	train
nist_1643552	train
nist_1644067	train
nist_1644083	train
nist_1644576	train
nist_1644665	train
nist_1644716	train
nist_1645272	train
nist_1645333	train
nist_1646541	train
nist_1646771	train
nist_1646808	train
nist_1648020	train
nist_1648608	train
nist_1651809	train
nist_1651856	train
nist_1652344	train
nist_1652654	train
nist_1652682	train
nist_1653398	train
nist_1653577	train
nist_1653604	train
nist_1654846	train
nist_1655662	train
nist_1655672	train
nist_1656156	train
nist_1656166	train
nist_1656268	train
nist_1656287	train
nist_1657260	train
nist_1658018	train
nist_1658238	train
nist_1658264	train
nist_1658584	train
nist_1658618	train
nist_1659459	train
nist_1659487	train
nist_1659779	train
nist_1661118	train
nist_1661136	train
nist_1661292	train
nist_1661324	train
nist_1662108	train
nist_1662131	train
nist_1662285	train
nist_1662618	train
nist_1662653	train
nist_1662811	train
nist_1662857	train
nist_1663977	train
nist_1664114	train
nist_1664523	train
nist_1664539	train
nist_1665091	train
nist_1665130	train
nist_1666881	train
nist_1666896	train
nist_1666907	train
nist_1666930	train
nist_1669029	train
nist_1669043	train
nist_1669658	train
nist_1670570	train
nist_1670586	train
nist_1672217	train
nist_1672253	train
nist_1672746	train
nist_1672765	train
nist_1673398	train
nist_1673416	train
nist_1673705	train
nist_1673780	train
nist_1674608	train
nist_1674642	train
nist_1674676	train
nist_1674734	train
nist_1674862	train
nist_1674882	train
nist_1677390	train
nist_1677392	train
nist_1678539	train
nist_1680062	train
nist_1680429	train
nist_1680928	train
nist_1680976	train
nist_1681277	train
nist_1681322	train
nist_1681342	train
nist_1681460	train
nist_1681488	train
nist_1681692	train
nist_1681903	train
nist_1681925	train
nist_1682387	train
nist_1682687	train
nist_1683805	train
nist_1683917	train
nist_1683969	train
nist_1683984	train
nist_1684425	train
nist_1684548	train
nist_1685285	train
nist_1685319	train
nist_1685345	train
nist_1685383	train
nist_1685879	train
nist_1685908	train
nist_1686312	train
nist_1686330	train
nist_1686982	train
nist_1687557	train
nist_1688358	train
nist_1688398	train
nist_1688983	train
nist_1689018	train
nist_1689982	train
nist_1691053	train
nist_1691531	train
nist_1691562	train
nist_1691999	train
nist_1692816	train
nist_1692827	train
nist_1692985	train
nist_1693554	train
nist_1694339	train
nist_1694803	train
nist_1694834	train
nist_1695246	train
nist_1695261	train
nist_1695949	train
nist_1696477	train
nist_1697411	train
nist_1697471	train
nist_1697496	train
nist_1697953	train
nist_1697969	train
nist_1698243	train
nist_1698312	train
nist_1699481	train
nist_1699837	train
nist_1700308	train
nist_1701342	train
nist_1702568	train
nist_1702599	train
nist_1703077	train
nist_1703133	train
nist_1704623	train
nist_1704914	train
nist_1705116	train
nist_1706855	train
nist_1706873	train
nist_1707002	train
nist_1707019	train
nist_1707039	train
nist_1707078	train
nist_1707110	train
nist_1707124	train
nist_1707440	train
nist_1707586	train
nist_1707609	train
nist_1708629	train
nist_1708651	train
nist_1708783	train
nist_1708810	train
nist_1709074	train
nist_1709980	train
nist_1710075	train
nist_1710934	train
nist_1711042	train
nist_1711069	train
nist_1711818	train
nist_1711830	train
nist_1712911	train
nist_1713161	train
nist_1713442	train
nist_1713465	train
nist_1713811	train
nist_1714009	train
nist_1714226	train
nist_1714278	train
nist_1714550	train
nist_1714576	train
nist_1714582	train
nist_1714676	train
nist_1714698	train
nist_1715612	train
nist_1715626	train
nist_1715705	train
nist_1715728	train
nist_1715926	train
nist_1715940	train
nist_1716282	train
nist_1716321	train
nist_1716682	train
nist_1716696	train
nist_1716705	train
nist_1716749	train
nist_1717304	train
nist_1717751	train
nist_1717765	train
nist_1720481	train
nist_1720516	train
nist_1720692	train
nist_1720730	train
nist_1721733	train
nist_1721758	train
nist_1722165	train
nist_1722177	train
nist_1722191	train
nist_1722985	train
nist_1723040	train
nist_1723077	train
nist_1723123	train
nist_1723600	train
nist_1723628	train
nist_1723729	train
nist_1723742	train
nist_1724697	train
nist_1724712	train
nist_1725706	train
nist_1725727	train
nist_1725939	train
nist_1725959	train
nist_1727050	train
nist_1727074	train
nist_1727086	train
nist_1728242	train
nist_1728278	train
nist_1728696	train
nist_1728739	train
nist_1729007	train
nist_1729072	train
nist_1729102	train
nist_1729127	train
nist_1729144	train
nist_1729161	train
nist_1729187	train
nist_1729232	train
nist_1764437	train
nist_1764788	train
nist_1765404	train
nist_1765490	train
nist_1765526	train
nist_1765966	train
nist_1765984	train
nist_1766406	train
nist_1766439	train
nist_1766571	train
nist_1767044	train
nist_1767762	train
nist_1775791	train
nist_1775822	train
nist_1776059	train
nist_1776075	train
nist_1776131	train
nist_1776771	train
nist_1776816	train
nist_1776968	train
nist_1776998	train
nist_1777247	train
nist_1777267	train
nist_1778985	train
nist_1779008	train
nist_1779126	train
nist_1779157	train
nist_1779169	train
nist_1779184	train
nist_1780224	train
nist_1780245	train
nist_1780767	train
nist_1780786	train
nist_1780991	train
nist_1781001	train
nist_1781038	train
nist_1781061	train
nist_1781076	train
nist_1781094	train
nist_1783116	train
nist_1783137	train
nist_1784562	train
nist_1784616	train
nist_1785221	train
nist_1785324	train
nist_1785331	train
nist_1785826	train
nist_1785863	train
nist_1786059	train
nist_1786831	train
nist_1786848	train
nist_1786963	train
nist_1787135	train
nist_1787154	train
nist_1787426	train
nist_1787690	train
nist_1787745	train
nist_1788605	train
nist_1788691	train
nist_1788952	train
nist_1789280	train
nist_1789412	train
nist_1789746	train
nist_1790196	train
nist_1790224	train
nist_1792217	train
nist_1792270	train
nist_1793725	train
nist_1793970	train
nist_1794013	train
nist_1794979	train
nist_1795026	train
nist_1795351	train
nist_1795372	train
nist_1796495	train
nist_1796518	train
nist_1796765	train
nist_1796825	train
nist_1797020	train
nist_1797036	train
nist_1797460	train
nist_1797491	train
nist_1797735	train
nist_1797768	train
nist_1798416	train
nist_1798454	train
nist_1798923	train
nist_1798934	train
nist_1799118	train
nist_1799485	train
nist_1799516	train
nist_1799572	train
nist_1799915	train
nist_1801252	train
nist_1801258	train
nist_1801453	train
nist_1801494	train
nist_1802140	train
nist_1802153	train
nist_1802327	train
nist_1803070	train
nist_1803102	train
nist_1803427	train
nist_1803463	train
nist_1804937	train
nist_1805084	train
nist_1805133	train
nist_1805211	train
nist_1805642	train
nist_1806340	train
nist_1806384	train
nist_1806489	train
nist_1806511	train
nist_1806690	train
nist_1806728	train
nist_1806806	train
nist_1806832	train
nist_1808083	train
nist_1809296	train
nist_1809326	train
nist_1811114	train
nist_1811175	train
nist_1811979	train
nist_1812015	train
nist_1812115	train
nist_1812128	train
nist_1812231	train
nist_1812244	train
nist_1813183	train
nist_1813219	train
nist_1813539	train
nist_1813552	train
nist_1815850	train
nist_1815890	train
nist_1818852	train
nist_1818874	train
nist_1821737	train
nist_1822010	train
nist_1822070	train
nist_1822298	train
nist_1822314	train
nist_1822493	train
nist_1822536	train
nist_1823094	train
nist_1823115	train
nist_1823361	train
nist_1824443	train
nist_1824484	train
nist_1824968	train
nist_1825000	train
nist_1825381	train
nist_1825561	train
nist_1825583	train
nist_1825855	train
nist_1825871	train
nist_1826131	train
nist_1826289	train
nist_1826325	train
nist_1827668	train
nist_1827697	train
nist_1827880	train
nist_1827899	train
nist_1828131	train
nist_1828153	train
nist_1828447	train
nist_1828485	train
nist_1828527	train
nist_1829129	train
nist_1829146	train
nist_1829243	train
nist_1829262	train
nist_1829854	train
nist_1829878	train
nist_1829941	train
nist_1829979	train
nist_1831268	train
nist_1831300	train
nist_1831311	train
nist_1831323	train
nist_1831693	train
nist_1831716	train
nist_1832255	train
nist_1832276	train
nist_1832688	train
nist_1832731	train
nist_1832767	train
nist_1832816	train
nist_1832922	train
nist_1832961	train
nist_1833616	train
nist_1833649	train
nist_1834068	train
nist_1834924	train
nist_1834956	train
nist_1835091	train
nist_1835117	train
nist_1835369	train
nist_1835394	train
nist_1835803	train
nist_1835816	train
nist_1835895	train
nist_1835924	train
nist_1836547	train
nist_1836598	train
nist_1836829	train
nist_1836881	train
nist_1837523	train
nist_1837557	train
nist_1838281	train
nist_1838320	train
nist_1838939	train
nist_1839019	train
nist_1839178	train
nist_1839229	train
nist_1839916	train
nist_1839924	train
nist_1840413	train
nist_1840436	train
nist_1840652	train
nist_1840661	train
nist_1840765	train
nist_1840789	train
nist_1840949	train
nist_1840988	train
nist_1841680	train
nist_1841713	train
nist_1843604	train
nist_1843670	train
nist_1844223	train
nist_1844244	train
nist_1845153	train
nist_1845168	train
nist_1845844	train
nist_1845872	train
nist_1846949	train
nist_1846992	train
nist_1847323	train
nist_1847364	train
nist_1847692	train
nist_1847729	train
nist_1847870	train
nist_1848632	train
nist_1848747	train
nist_1850408	train
nist_1850428	train
nist_1850444	train
nist_1850495	train
nist_1851052	train
nist_1851066	train
nist_1851554	train
nist_1851576	train
nist_1851587	train
nist_1851623	train
nist_1851977	train
nist_1851995	train
nist_1852017	train
nist_1852039	train
nist_1852784	train
nist_1852804	train
nist_1852992	train
nist_1853031	train
nist_1853377	train
nist_1853419	train
nist_1854653	train
nist_1855321	train
nist_1855388	train
nist_1855613	train
nist_1855697	train
nist_1856376	train
nist_1856480	train
nist_1856644	train
nist_1856716	train
nist_1857361	train
nist_1858692	train
nist_1858864	train
nist_1858925	train
nist_1859014	train
nist_1859332	train
nist_1859360	train
nist_1859363	train
nist_1859689	train
nist_1859705	train
nist_1859805	train
nist_1859939	train
nist_1860025	train
nist_1860037	train
nist_1860589	train
nist_1860638	train
nist_1861104	train
nist_1861127	train
nist_1861498	train
nist_1861516	train
nist_1861610	train
nist_1861627	train
nist_1862358	train
nist_1863609	train
nist_1863644	train
nist_1863881	train
nist_1863891	train
nist_1864045	train
nist_1864058	train
nist_1864494	train
nist_1864733	train
nist_1864750	train
nist_1865235	train
nist_1865287	train
nist_1865616	train
nist_1865888	train
nist_1865938	train
nist_1865952	train
nist_1866131	train
nist_1866592	train
nist_1866642	train
nist_1866718	train
nist_1866752	train
nist_1866783	train
nist_1866798	train
nist_1867251	train
nist_1867454	train
nist_1867475	train
nist_1868221	train
nist_1868282	train
nist_1868994	train
nist_1870232	train
nist_1871248	train
nist_1871267	train
nist_1871300	train
nist_1871319	train
nist_1872282	train
nist_1872309	train
nist_1872323	train
nist_1873799	train
nist_1873831	train
nist_1874158	train
nist_1874171	train
nist_1875197	train
nist_1875227	train
nist_1875537	train
nist_1875547	train
nist_1877032	train
nist_1877045	train
nist_1885486	train
nist_1885496	train
nist_1886235	train
nist_1886244	train
nist_1886288	train
nist_1887310	train
nist_1887325	train
nist_1888835	train
nist_1888863	train
nist_1888940	train
nist_1889363	train
nist_1889379	train
nist_1889401	train
nist_1889615	train
nist_1889737	train
nist_1890452	train
nist_1890477	train
nist_1891997	train
nist_1893774	train
nist_1893791	train
nist_1894148	train
nist_1894180	train
nist_1894450	train
nist_1894648	train
nist_1895262	train
nist_1895634	train
nist_1895661	train
nist_1897360	train
nist_1898041	train
nist_1898255	train
nist_1898270	train
nist_1898445	train
nist_1901138	train
nist_1901163	train
nist_1901284	train
nist_1901297	train
nist_1901845	train
nist_1901888	train
nist_1902219	train
nist_1902620	train
nist_1902747	train
nist_1902797	train
nist_1903351	train
nist_1904231	train
nist_1905006	train
nist_1905030	train
nist_1906285	train
nist_1906328	train
nist_1906903	train
nist_1908520	train
nist_1908580	train
nist_1908728	train
nist_1908748	train
nist_1909391	train
nist_1909415	train
nist_1909780	train
nist_1909786	train
nist_1912732	train
nist_1912742	train
nist_1913155	train
nist_1913201	train
nist_1915621	train
nist_1915623	train
nist_1915857	train
nist_1915879	train
nist_1915928	train
nist_1916886	train
nist_1916920	train
nist_1918252	train
nist_1918295	train
nist_1918324	train
nist_1918934	train
nist_1918954	train
nist_1918967	train
nist_1919583	train
nist_1919593	train
nist_1920307	train
nist_1921651	train
nist_1921678	train
nist_1921718	train
nist_1921761	train
nist_1924252	train
nist_1924288	train
nist_1924809	train
nist_1924820	train
nist_1926913	train
nist_1926964	train
nist_1927403	train
nist_1927437	train
nist_1927887	train
nist_1927912	train
nist_1929109	train
nist_1929400	train
nist_1929643	train
nist_1929683	train
nist_1929773	train
nist_1929802	train
nist_1929981	train
nist_1930198	train
nist_1930258	train
nist_1930752	train
nist_1930820	train
nist_1931459	train
nist_1931471	train
nist_1932538	train
nist_1932573	train
nist_1933673	train
nist_1933695	train
nist_1934489	train
nist_1934527	train
nist_1936433	train
nist_1936469	train
nist_1936888	train
nist_1936924	train
nist_1938149	train
nist_1938193	train
nist_1939613	train
nist_1939655	train
nist_1940212	train
nist_1940270	train
nist_1940402	train
nist_1940446	train
nist_1940600	train
nist_1940619	train
nist_1942957	train
nist_1943018	train
nist_1944466	train
nist_1944482	train
nist_1944873	train
nist_1944884	train
nist_1945618	train
nist_1945631	train
nist_1946394	train
nist_1946431	train
nist_1947735	train
nist_1947751	train
nist_1947839	train
nist_1947873	train
nist_1948146	train
nist_1948172	train
nist_1948452	train
nist_1948472	train
nist_1949479	train
nist_1949492	train
nist_1950911	train
nist_1950918	train
nist_1952021	train
nist_1952092	train
nist_1953477	train
nist_1953489	train
nist_1954348	train
nist_1954500	train
nist_1954565	train
nist_1954999	train
nist_1955028	train
nist_1956517	train
nist_1956526	train
nist_1957396	train
nist_1957809	train
nist_1957820	train
nist_1957842	train
nist_1957859	train
nist_1959123	train
nist_1959721	train
nist_1959741	train
nist_1960279	train
nist_1960300	train
nist_1961602	train
nist_1962014	train
nist_1962158	train
nist_1962179	train
nist_1962236	train
nist_1962253	train
nist_1963010	train
nist_1963506	train
nist_1963691	train
nist_1963713	train
nist_1964255	train
nist_1965466	train
nist_1965495	train
nist_1965509	train
nist_1965857	train
nist_1965874	train
nist_1966180	train
nist_1966206	train
nist_1966533	train
nist_1966590	train
nist_1967014	train
nist_1967039	train
nist_1968265	train
nist_1968377	train
nist_1968395	train
nist_1968447	train
nist_1968463	train
nist_1969072	train
nist_1969089	train
nist_1970179	train
nist_1970224	train
nist_1972467	train
nist_1972499	train
nist_1972549	train
nist_1972588	train
nist_1974417	train
nist_1974424	train
nist_1974502	train
nist_1974541	train
nist_1975470	train
nist_1975507	train
nist_1976482	train
nist_1976521	train
nist_1977362	train
nist_1977385	train
nist_1978159	train
nist_1978205	train
nist_1978390	train
nist_1978461	train
nist_1979147	train
nist_1980966	train
nist_1980999	train
nist_1982160	train
nist_1982187	train
nist_1982573	train
nist_1982621	train
nist_1982701	train
nist_1982722	train
nist_1982931	train
nist_1982980	train
nist_1983207	train
nist_1983224	train
nist_1983932	train
nist_1983949	train
nist_1985154	train
nist_1985179	train
nist_1985330	train
nist_1985345	train
nist_1986751	train
nist_1986794	train
nist_1986919	train
nist_1986939	train
nist_1987147	train
nist_1987190	train
nist_1987354	train
nist_1988289	train
nist_1988307	train
nist_1988973	train
nist_1989001	train
nist_1989771	train
nist_1989797	train
nist_1990324	train
nist_1990364	train
nist_1990780	train
nist_1990832	train
nist_1993972	train
nist_1993993	train
nist_1995208	train
nist_1995274	train
nist_1995471	train
nist_1995487	train
nist_1997966	train
nist_1998008	train
nist_1999981	train
nist_3000104	train
nist_3000785	train
nist_3000826	train
nist_3000836	train
nist_3000877	train
nist_3001614	train
nist_3001637	train
nist_3003012	train
nist_3003028	train
nist_3003298	train
nist_3003356	train
nist_3003491	train
nist_3003861	train
nist_3005204	train
nist_3005216	train
nist_3007090	train
nist_3007109	train
nist_3007122	train
nist_3007152	train
nist_3008223	train
nist_3008290	train
nist_3009912	train
nist_3009977	train
nist_3012494	train
nist_3012502	train
nist_3013618	train
nist_3013635	train
nist_3013718	train
nist_3013726	train
nist_3013755	train
nist_3013795	train
nist_3014239	train
nist_3014256	train
nist_3016455	train
nist_3016510	train
nist_3016816	train
nist_3017129	train
nist_3017178	train
nist_3017203	train
nist_3017233	train
nist_3017728	train
nist_3017743	train
nist_3018372	train
nist_3018428	train
nist_3018686	train
nist_3018717	train
nist_3019326	train
nist_3019360	train
nist_3019388	train
nist_3019408	train
nist_3020203	train
nist_3020242	train
nist_3021610	train
nist_3021672	train
nist_3022750	train
nist_3022794	train
nist_3023445	train
nist_3023478	train
nist_3024035	train
nist_3024111	train
nist_3024367	train
nist_3024399	train
nist_3024767	train
nist_3024789	train
nist_3026320	train
nist_3026396	train
nist_3026668	train
nist_3026806	train
nist_3027082	train
nist_3027101	train
nist_3027198	train
nist_3027215	train
nist_3028455	train
nist_3028466	train
nist_3028655	train
nist_3028662	train
nist_3029175	train
nist_3029199	train
nist_3029938	train
nist_3047282	train
nist_3047328	train
nist_3047758	train
nist_3048031	train
nist_3048340	train
nist_3048357	train
nist_3048824	train
nist_3049629	train
nist_3049657	train
nist_3050597	train
nist_3050615	train
nist_3051381	train
nist_3052962	train
nist_3052992	train
nist_3053790	train
nist_3053807	train
nist_3053922	train
nist_3053968	train
nist_3055183	train
nist_3055277	train
nist_3055411	train
nist_3055790	train
nist_3056047	train
nist_3056074	train
nist_3059787	train
nist_3061035	train
nist_3061054	train
nist_3061785	train
nist_3062255	train
nist_3062276	train
nist_3064156	train
nist_3065193	train
nist_3065451	train
nist_3065484	train
nist_3067109	train
nist_3067341	train
nist_3067380	train
nist_3067790	train
nist_3067808	train
nist_3071254	train
nist_3071628	train
nist_3072468	train
nist_3074058	train
nist_3074072	train
nist_3074311	train
nist_3074409	train
nist_3075516	train
nist_3075538	train
nist_3075723	train
nist_3075776	train
nist_3076381	train
nist_3076445	train
nist_3076586	train
nist_3076603	train
nist_3078989	train
nist_3079010	train
nist_3079168	train
nist_3079192	train
nist_3080052	train
nist_3080084	train
nist_3080441	train
nist_3080457	train
nist_3081076	train
nist_3081114	train
nist_3081643	train
nist_3081669	train
nist_3083983	train
nist_3084002	train
nist_3084093	train
nist_3084166	train
nist_3084218	train
nist_3084268	train
nist_3085516	train
nist_3085628	train
nist_3086351	train
nist_3086368	train
nist_3087713	train
nist_3087754	train
nist_3089654	train
nist_3089700	train
nist_3089855	train
nist_3089894	train
nist_3089907	train
nist_3089940	train
nist_3090220	train
nist_3090252	train
nist_3092439	train
nist_3092451	train
nist_3092743	train
nist_3092762	train
nist_3095289	train
nist_3095365	train
nist_3095524	train
nist_3095558	train
nist_3095808	train
nist_3095869	train
nist_3096238	train
nist_3096316	train
nist_3098268	train
nist_3098306	train
nist_3098656	train
nist_3098668	train
nist_3099148	train
nist_3099156	train
nist_3100662	train
nist_3100681	train
nist_3100726	train
nist_3100747	train
nist_3101724	train
nist_3101799	train
nist_3103832	train
nist_3104403	train
nist_3104719	train
nist_3104742	train
nist_3105759	train
nist_3105779	train
nist_3105985	train
nist_3121485	train
nist_3121519	train
nist_3121812	train
nist_3121833	train
nist_3122904	train
nist_3122916	train
nist_3123200	train
nist_3125631	train
nist_3125714	train
nist_3127904	train
nist_3129284	train
nist_3129321	train
nist_3129510	train
nist_3130905	train
nist_3130922	train
nist_3131821	train
nist_3131867	train
nist_3132860	train
nist_3132894	train
nist_3134176	train
nist_3134614	train
nist_3134783	train
nist_3135039	train
nist_3135052	train
nist_3135085	train
nist_3135097	train
nist_3135107	train
nist_3135121	train
nist_3135365	train
nist_3135386	train
nist_3135517	train
nist_3135551	train
nist_3135701	train
nist_3135712	train
nist_3136597	train
nist_3136619	train
nist_3138261	train
nist_3138286	train
nist_3138356	train
nist_3138380	train
nist_3139693	train
nist_3140041	train
nist_3140051	train
nist_3140320	train
nist_3140368	train
nist_3140581	train
nist_3140618	train
nist_3142261	train
nist_3142309	train
nist_3142693	train
nist_3142884	train
nist_3143861	train
nist_3143902	train
nist_3143916	train
nist_3143945	train
nist_3144738	train
nist_3144768	train
nist_3144954	train
nist_3144994	train
nist_3145919	train
nist_3146130	train
nist_3146163	train
nist_3146574	train
nist_3146601	train
nist_3146724	train
nist_3146739	train
nist_3146869	train
nist_3147452	train
nist_3147479	train
nist_3147805	train
nist_3148315	train
nist_3148328	train
nist_3148887	train
nist_3148920	train
nist_3149201	train
nist_3149211	train
nist_3149419	train
nist_3149455	train
nist_3149828	train
nist_3149849	train
nist_3150042	train
nist_3150580	train
nist_3150728	train
nist_3150729	train
nist_3150934	train
nist_3150954	train
nist_3151326	train
nist_3151343	train
nist_3151645	train
nist_3151681	train
nist_3151769	train
nist_3152306	train
nist_3152428	train
nist_3152441	train
nist_3153397	train
nist_3153432	train
nist_3154192	train
nist_3154236	train
nist_3155631	train
nist_3155794	train
nist_3155810	train
nist_3156631	train
nist_3156649	train
nist_3156719	train
nist_3156742	train
nist_3158514	train
nist_3158541	train
nist_3158972	train
nist_3158992	train
nist_3159929	train
nist_3159945	train
nist_3159998	train
nist_3160004	train
nist_3160102	train
nist_3160134	train
nist_3160244	train
nist_3160249	train
nist_3160962	train
nist_3161021	train
nist_3161114	train
nist_3161125	train
nist_3161686	train
nist_3161694	train
nist_3162322	train
nist_3162375	train
nist_3163043	train
nist_3163078	train
nist_3163133	train
nist_3163155	train
nist_3163860	train
nist_3163882	train
nist_3165406	train
nist_3165441	train
nist_3165929	train
nist_3165951	train
nist_3167784	train
nist_3167800	train
nist_3168441	train
nist_3168465	train
nist_3169073	train
nist_3169194	train
nist_3169738	train
nist_3169802	train
nist_3170228	train
nist_3170241	train
nist_3170890	train
nist_3170914	train
nist_3172022	train
nist_3172618	train
nist_3173076	train
nist_3173088	train
nist_3173608	train
nist_3173651	train
nist_3174659	train
nist_3174680	train
nist_3174828	train
nist_3175142	train
nist_3175409	train
nist_3175422	train
nist_3175511	train
nist_3175531	train
nist_3176412	train
nist_3176460	train
nist_3176481	train
nist_3176533	train
nist_3176640	train
nist_3176668	train
nist_3177356	train
nist_3177681	train
nist_3177702	train
nist_3178344	train
nist_3178370	train
nist_3178620	train
nist_3178652	train
nist_3178794	train
nist_3178815	train
nist_3179059	train
nist_3179105	train
nist_3179319	train
nist_3179373	train
nist_3179654	train
nist_3179752	train
nist_3179832	train
nist_3179890	train
nist_3180474	train
nist_3180488	train
nist_3182735	train
nist_3182750	train
nist_3184686	train
nist_3184720	train
nist_3186561	train
nist_3187396	train
nist_3188801	train
nist_3188823	train
nist_3189531	train
nist_3189542	train
nist_3189573	train
nist_3189930	train
nist_3190542	train
nist_3190558	train
nist_3190593	train
nist_3190606	train
nist_3190649	train
nist_3190658	train
nist_3190787	train
nist_3191045	train
nist_3191404	train
nist_3191421	train
nist_3191670	train
nist_3191834	train
nist_3191847	train
nist_3192114	train
nist_3192130	train
nist_3192542	train
nist_3192572	train
nist_3193192	train
nist_3193206	train
nist_3194188	train
nist_3194194	train
nist_3194868	train
nist_3194875	train
nist_3194961	train
nist_3194993	train
nist_3196031	train
nist_3196054	train
nist_3196152	train
nist_3196183	train
nist_3196733	train
nist_3196742	train
nist_3196783	train
nist_3196986	train
nist_3197046	train
nist_3197527	train
nist_3197710	train
nist_3197743	train
nist_3197881	train
nist_3197911	train
nist_3198896	train
nist_3199459	train
nist_3199472	train
nist_3200455	train
nist_3200483	train
nist_3200843	train
nist_3200853	train
nist_3201607	train
nist_3201642	train
nist_3202413	train
nist_3203808	train
nist_3203847	train
nist_3223919	train
nist_3224965	train
nist_3225842	train
nist_3225864	train
nist_3227008	train
nist_3227555	train
nist_3228112	train
nist_3228870	train
nist_3229120	train
nist_3229127	train
nist_3229665	train
nist_3229694	train
nist_3230484	train
nist_3230557	train
nist_3230846	train
nist_3230874	train
nist_3231520	train
nist_3232989	train
nist_3233448	train
nist_3233627	train
nist_3233869	train
nist_3234477	train
nist_3235665	train
nist_3235684	train
nist_3237915	train
nist_3237979	train
nist_3238099	train
nist_3238133	train
nist_3238748	train
nist_3238761	train
nist_3239058	train
nist_3240423	train
nist_3240436	train
nist_3240890	train
nist_3241196	train
nist_3241213	train
nist_3242991	train
nist_3243063	train
nist_3243258	train
nist_3243301	train
nist_3243318	train
nist_3243337	train
nist_3243387	train
nist_3243415	train
nist_3243437	train
nist_3243485	train
nist_3243653	train
nist_3243687	train
nist_3243697	train
nist_3244977	train
nist_3244996	train
nist_3247308	train
nist_3248406	train
nist_3248477	train
nist_3249105	train
nist_3249502	train
nist_3249518	train
nist_3250659	train
nist_3250698	train
nist_3253126	train
nist_3254531	train
nist_3254829	train
nist_3254844	train
nist_3255369	train
nist_3256417	train
nist_3256522	train
nist_3257538	train
nist_3257705	train
nist_3258091	train
nist_3259190	train
nist_3259251	train
nist_3259682	train
nist_3259744	train
nist_3259960	train
nist_3260080	train
nist_3261431	train
nist_3261676	train
nist_3263300	train
nist_3263344	train
nist_3263401	train
nist_3263437	train
nist_3264950	train
nist_3264992	train
nist_3265113	train
nist_3265128	train
nist_3266664	train
nist_3266797	train
nist_3266968	train
nist_3266986	train
nist_3267419	train
nist_3267459	train
nist_3269317	train
nist_3269335	train
nist_3269629	train
nist_3269646	train
nist_3271131	train
nist_3272418	train
nist_3272432	train
nist_3272854	train
nist_3272898	train
nist_3273009	train
nist_3273057	train
nist_3273292	train
nist_3273502	train
nist_3274632	train
nist_3274674	train
nist_3275121	train
nist_3275169	train
nist_3276144	train
nist_3276211	train
nist_3276258	train
nist_3276317	train
nist_3278309	train
nist_3278331	train
nist_3278526	train
nist_3278547	train
nist_3279441	train
nist_3279498	train
nist_3280737	train
nist_3280791	train
nist_3280903	train
nist_3280938	train
nist_3281504	train
nist_3282693	train
nist_3282703	train
nist_3282735	train
nist_3282784	train
nist_3283957	train
nist_3284034	train
nist_3284119	train
nist_3284146	train
nist_3285600	train
nist_3285671	train
nist_3287349	train
nist_3287369	train
nist_3289482	train
nist_3289523	train
nist_3289535	train
nist_3289589	train
nist_3290793	train
nist_3291798	train
nist_3291900	train
nist_3292020	train
nist_3292066	train
nist_3292274	train
nist_3292304	train
nist_3292662	train
nist_3292709	train
nist_3293171	train
nist_3293263	train
nist_3293588	train
nist_3293614	train
nist_3295191	train
nist_3296042	train
nist_3296060	train
nist_3296230	train
nist_3296254	train
nist_3296335	train
nist_3296374	train
nist_3297062	train
nist_3297091	train
nist_3297103	train
nist_3297143	train
nist_3297331	train
nist_3297367	train
nist_3297752	train
nist_3297771	train
nist_3298484	train
nist_3298519	train
nist_3299368	train
nist_3299428	train
nist_3300734	train
nist_3300762	train
nist_3302021	train
nist_3302082	train
nist_3303010	train
nist_3303067	train
nist_3304627	train
nist_3304643	train
nist_3304792	train
nist_3304815	train
nist_3306305	train
nist_3306399	train
nist_3306521	train
nist_3306572	train
nist_3307084	train
nist_3307144	train
nist_3308526	train
nist_3308564	train
nist_3308590	train
nist_3308632	train
nist_3308744	train
nist_3308766	train
nist_3309174	train
nist_3309199	train
nist_3310951	train
nist_3310997	train
nist_3312291	train
nist_3312342	train
nist_3312357	train
nist_3312414	train
nist_3312953	train
nist_3312988	train
nist_3313116	train
nist_3313141	train
nist_3313318	train
nist_3313414	train
nist_3314700	train
nist_3314769	train
nist_3317105	train
nist_3317124	train
nist_3319276	train
nist_3319320	train
nist_3320417	train
nist_3320480	train
nist_3321837	train
nist_3321858	train
nist_3322018	train
nist_3322034	train
nist_3323187	train
nist_3323381	train
nist_3323904	train
nist_3323973	train
nist_3324025	train
nist_3324093	train
nist_3324824	train
nist_3324878	train
nist_3324995	train
nist_3325030	train
nist_3326038	train
nist_3327860	train
nist_3327926	train
nist_3328538	train
nist_3328941	train
nist_3328952	train
nist_3328953	train
nist_3330681	train
nist_3332183	train
nist_3333121	train
nist_3333179	train
nist_3333265	train
nist_3335435	train
nist_3337127	train
nist_3337642	train
nist_3338184	train
nist_3338693	train
nist_3339824	train
nist_3339839	train
nist_3341174	train
nist_3341213	train
nist_3341832	train
nist_3342223	train
nist_3343792	train
nist_3343811	train
nist_3344625	train
nist_3346034	train
nist_3346085	train
nist_3346343	train
nist_3346388	train
nist_3346904	train
nist_3346921	train
nist_3347514	train
nist_3347631	train
nist_3347670	train
nist_3347849	train
nist_3347882	train
nist_3348075	train
nist_3348502	train
nist_3348994	train
nist_3349245	train
nist_3349465	train
nist_3349480	train
nist_3349515	train
nist_3350982	train
nist_3351018	train
nist_3351358	train
nist_3351380	train
nist_3352342	train
nist_3352630	train
nist_3352649	train
nist_3352660	train
nist_3354765	train
nist_3355171	train
nist_3355233	train
nist_3355384	train
nist_3355442	train
nist_3355694	train
nist_3355720	train
nist_3355741	train
nist_3355813	train
nist_3356610	train
nist_3358237	train
nist_3358271	train
nist_3359346	train
nist_3359400	train
nist_3359471	train
nist_3359486	train
nist_3360172	train
nist_3360615	train
nist_3360630	train
nist_3360894	train
nist_3360966	train
nist_3361526	train
nist_3361711	train
nist_3361739	train
nist_3361828	train
nist_3363739	train
nist_3363786	train
nist_3364018	train
nist_3364047	train
nist_3364187	train
nist_3364219	train
nist_3364400	train
nist_3364433	train
nist_3365343	train
nist_3365373	train
nist_3367526	train
nist_3367570	train
nist_3367585	train
nist_3367692	train
nist_3367709	train
nist_3367783	train
nist_3367813	train
nist_3368382	train
nist_3368406	train
nist_3370352	train
nist_3370395	train
nist_3371299	train
nist_3371344	train
nist_3374113	train
nist_3374173	train
nist_3374799	train
nist_3375961	train
nist_3376031	train
nist_3377020	train
nist_3377099	train
nist_3377550	train
nist_3377582	train
nist_3377724	train
nist_3377766	train
nist_3378424	train
nist_3378448	train
nist_3379144	train
nist_3379174	train
nist_3379909	train
nist_3379915	train
nist_3379922	train
nist_3380043	train
nist_3380060	train
nist_3380554	train
nist_3380930	train
nist_3380972	train
nist_3381603	train
nist_3381622	train
nist_3381696	train
nist_3381712	train
nist_3382015	train
nist_3382032	train
nist_3382562	train
nist_3382574	train
nist_3384107	train
nist_3384754	train
nist_3384795	train
nist_3384838	train
nist_3384878	train
nist_3385145	train
nist_3385537	train
nist_3385656	train
nist_3385683	train
nist_3385759	train
nist_3387063	train
nist_3387131	train
nist_3387262	train
nist_3387556	train
nist_3394957	train
nist_3395017	train
nist_3395044	train
nist_3395389	train
nist_3395427	train
nist_3396186	train
nist_3396626	train
nist_3396766	train
nist_3396894	train
nist_3396909	train
nist_3397192	train
nist_3398059	train
nist_3398533	train
nist_3399014	train
nist_3400496	train
nist_3400890	train
nist_3400908	train
nist_3402686	train
nist_3403002	train
nist_3403271	train
nist_3403703	train
nist_3403741	train
nist_3405018	train
nist_3405084	train
nist_3405362	train
nist_3405397	train
nist_3405536	train
nist_3405563	train
nist_3405696	train
nist_3405720	train
nist_3405966	train
nist_3406121	train
nist_3406159	train
nist_3407386	train
nist_3407935	train
nist_3407952	train
nist_3408620	train
nist_3408722	train
nist_3409236	train
nist_3409253	train
nist_3409597	train
nist_3409638	train
nist_3409734	train
nist_3409747	train
nist_3410279	train
nist_3410296	train
nist_3411370	train
nist_3411450	train
nist_3411573	train
nist_3411592	train
nist_3412060	train
nist_3412685	train
nist_3412716	train
nist_3412735	train
nist_3412830	train
nist_3412854	train
nist_3416474	train
nist_3416560	train
nist_3416838	train
nist_3418744	train
nist_3420156	train
nist_3420294	train
nist_3423150	train
nist_3423918	train
nist_3424185	train
nist_3424335	train
nist_3424381	train
nist_3424664	train
nist_3425628	train
nist_3426518	train
nist_3427224	train
nist_3428275	train
nist_3428437	train
nist_3428488	train
nist_3429144	train
nist_3429179	train
nist_3430048	train
nist_3430268	train
nist_3430494	train
nist_3431564	train
nist_3431581	train
nist_3431746	train
nist_3431802	train
nist_3431925	train
nist_3432120	train
nist_3432163	train
nist_3432756	train
nist_3432788	train
nist_3433068	train
nist_3434024	train
nist_3435372	train
nist_3435424	train
nist_3435920	train
nist_3435964	train
nist_3436109	train
nist_3436198	train
nist_3436201	train
nist_3436886	train
nist_3437056	train
nist_3437457	train
nist_3437468	train
nist_3438280	train
nist_3439229	train
nist_3439558	train
nist_3439578	train
nist_3439638	train
nist_3440513	train
nist_3440541	train
nist_3441144	train
nist_3441185	train
nist_3441821	train
nist_3442813	train
nist_3444992	train
nist_3445568	train
nist_3445588	train
nist_3446434	train
nist_3446454	train
nist_3447808	train
nist_3447915	train
nist_3447949	train
nist_3447960	train
nist_3448147	train
nist_3448167	train
nist_3449114	train
nist_3449139	train
nist_3450298	train
nist_3450429	train
nist_3452090	train
nist_3452111	train
nist_3452421	train
nist_3452437	train
nist_3452862	train
nist_3452883	train
nist_3452965	train
nist_3453000	train
nist_3453062	train
nist_3453081	train
nist_3453688	train
nist_3454423	train
nist_3454449	train
nist_3457335	train
nist_3457906	train
nist_3457943	train
nist_3459605	train
nist_3459654	train
nist_3459687	train
nist_3459752	train
nist_3459975	train
nist_3460325	train
nist_3460344	train
nist_3462141	train
nist_3462249	train
nist_3462481	train
nist_3462973	train
nist_3462993	train
nist_3463012	train
nist_3463025	train
nist_3463088	train
nist_3463171	train
nist_3463272	train
nist_3463897	train
nist_3464847	train
nist_3464874	train
nist_3464893	train
nist_3464980	train
nist_3465379	train
nist_3466220	train
nist_3466847	train
nist_3467180	train
nist_3467767	train
nist_3468119	train
nist_3468127	train
nist_3468140	train
nist_3469517	train
nist_3469548	train
nist_3526507	train
nist_3526748	train
nist_3527262	train
nist_3528544	train
nist_3528602	train
nist_3575698	train
nist_3575734	train
nist_3575834	train
nist_3575919	train
nist_3772118	train
nist_3772191	train
nist_3772524	train
nist_3772581	train
nist_3775948	train
nist_3775975	train
nist_3776213	train
nist_3776275	train
nist_3777783	train
nist_3777881	train
nist_3777913	train
nist_3777943	train
nist_3780038	train
nist_3780101	train
nist_3780311	train
nist_3780331	train
nist_3780779	train
nist_3780856	train
nist_3781379	train
nist_3781442	train
nist_3783213	train
nist_3783246	train
nist_3786282	train
nist_3786364	train
nist_3786725	train
nist_3786779	train
nist_3786837	train
nist_3786870	train
nist_3787238	train
nist_3787603	train
nist_3787670	train
nist_3788369	train
nist_3791582	train
nist_3791634	train
nist_3792260	train
nist_3792286	train
nist_3792885	train
nist_3792913	train
nist_3794092	train
nist_3794174	train
nist_3794750	train
nist_3794803	train
nist_3794859	train
nist_3794889	train
nist_3795203	train
nist_3795283	train
nist_3795892	train
nist_3795912	train
nist_3799078	train
nist_3799103	train
nist_3799513	train
nist_3799546	train
nist_3799857	train
nist_3799898	train
nist_3801298	train
nist_3801386	train
nist_3801915	train
nist_3801964	train
nist_3802471	train
nist_3802549	train
nist_3803490	train
nist_3803502	train
nist_3803542	train
nist_3803560	train
nist_3803642	train
nist_3803688	train
nist_3803800	train
nist_3803841	train
nist_3804884	train
nist_3804917	train
nist_3805682	train
nist_3805739	train
nist_3806098	train
nist_3806212	train
nist_3806453	train
nist_3806524	train
nist_3807579	train
nist_3807619	train
nist_3809063	train
nist_3809084	train
nist_3809446	train
nist_3809497	train
nist_3810512	train
nist_3810589	train
nist_3811185	train
nist_3811251	train
nist_3813208	train
nist_3813248	train
nist_3814910	train
nist_3814983	train
nist_3815068	train
nist_3815166	train
nist_3815324	train
nist_3815378	train
nist_3815766	train
nist_3815781	train
nist_3815892	train
nist_3815911	train
nist_3817514	train
nist_3817586	train
nist_3818054	train
nist_3818091	train
nist_3818631	train
nist_3818676	train
nist_3819488	train
nist_3819538	train
nist_3820596	train
nist_3820700	train
nist_3821684	train
nist_3821726	train
nist_3821807	train
nist_3821877	train
nist_3823053	train
nist_3823071	train
nist_3823446	train
nist_3823466	train
nist_3823485	train
nist_3823620	train
nist_3823709	train
nist_3826895	train
nist_3826967	train
nist_3827962	train
nist_3828004	train
nist_3829114	train
nist_3829210	train
nist_3829481	train
nist_3829503	train
nist_3829577	train
nist_3829862	train
nist_3829897	train
nist_3830276	train
nist_3830283	train
nist_3830738	train
nist_3830908	train
nist_3830986	train
nist_3832539	train
nist_3832577	train
nist_3833344	train
nist_3833392	train
nist_3833411	train
nist_3833464	train
nist_3834337	train
nist_3834383	train
nist_3834986	train
nist_3835007	train
nist_3835217	train
nist_3835272	train
nist_3836081	train
nist_3836171	train
nist_3837669	train
nist_3837728	train
nist_3838144	train
nist_3838217	train
nist_3838450	train
nist_3838490	train
nist_3840446	train
nist_3843449	train
nist_3843512	train
nist_3843907	train
nist_3843964	train
nist_3846953	train
nist_3846968	train
nist_3847315	train
nist_3847361	train
nist_3847853	train
nist_3847895	train
nist_3848580	train
nist_3848615	train
nist_3848686	train
nist_3848744	train
nist_3849836	train
nist_3849897	train
nist_3850290	train
nist_3850348	train
nist_3851516	train
nist_3851533	train
nist_3852519	train
nist_3852537	train
nist_3852831	train
nist_3852875	train
nist_3854001	train
nist_3854016	train
nist_3854100	train
nist_3854136	train
nist_3854662	train
nist_3854679	train
nist_3855008	train
nist_3855665	train
nist_3855701	train
nist_3855743	train
nist_3855921	train
nist_3856495	train
nist_3858441	train
nist_3858458	train
nist_3860180	train
nist_3860207	train
nist_3860234	train
nist_3860338	train
nist_3862954	train
nist_3863031	train
nist_3863049	train
nist_3863190	train
nist_3863203	train
nist_3863803	train
nist_3865525	train
nist_3866875	train
nist_3867898	train
nist_3868104	train
nist_3869761	train
nist_3869828	train
nist_3871436	train
nist_3871451	train
nist_3871818	train
nist_3871874	train
nist_3872052	train
nist_3872466	train
nist_3872524	train
nist_3873004	train
nist_3873045	train
nist_3873285	train
nist_3873304	train
nist_3873405	train
nist_3873419	train
nist_3873487	train
nist_3874140	train
nist_3874574	train
nist_3874629	train
nist_3875078	train
nist_3876003	train
nist_3877474	train
nist_3877508	train
nist_3878236	train
nist_3878252	train
nist_3878534	train
nist_3879557	train
nist_3879589	train
nist_3880458	train
nist_3880658	train
nist_3881587	train
nist_3882525	train
nist_3883453	train
nist_3883645	train
nist_3884869	train
nist_3886257	train
nist_3886320	train
nist_3886825	train
nist_3887025	train
nist_3887042	train
nist_3887189	train
nist_3887204	train
nist_3887574	train
nist_3887590	train
nist_3888182	train
nist_3888199	train
nist_3888319	train
nist_3888351	train
nist_3888386	train
nist_3888577	train
nist_3888593	train
nist_3888643	train
nist_3888788	train
nist_3889166	train
nist_3889183	train
nist_3889790	train
nist_3892616	train
nist_3892650	train
nist_3894480	train
nist_3895022	train
nist_3895122	train
nist_3895693	train
nist_3895710	train
nist_3896006	train
nist_3896118	train
nist_3896162	train
nist_3896558	train
nist_3897713	train
nist_3897743	train
nist_3897821	train
nist_3897903	train
nist_3898685	train
nist_3898712	train
nist_3900222	train
nist_3900232	train
nist_3900306	train
nist_3900352	train
nist_3901308	train
nist_3901737	train
nist_3901832	train
nist_3902496	train
nist_3902970	train
nist_3903527	train
nist_3904011	train
nist_3904032	train
nist_3904754	train
nist_3904785	train
nist_3904836	train
nist_3904987	train
nist_3904997	train
nist_3906642	train
nist_3907295	train
nist_3908262	train
nist_3908289	train
nist_3908417	train
nist_3909088	train
nist_3909283	train
nist_3910170	train
nist_3910249	train
nist_3910561	train
nist_3910602	train
nist_3910911	train
nist_3910929	train
nist_3911506	train
nist_3911539	train
nist_3912026	train
nist_3912041	train
nist_3912495	train
nist_3912588	train
nist_3912604	train
nist_3913163	train
nist_3914211	train
nist_3914478	train
nist_3915104	train
nist_3915128	train
nist_3915150	train
nist_3915710	train
nist_3915785	train
nist_3915800	train
nist_3916402	train
nist_3916635	train
nist_3916829	train
nist_3917105	train
nist_3917121	train
nist_3917398	train
nist_3917656	train
nist_3917918	train
nist_3918039	train
nist_3918156	train
nist_3918186	train
nist_3918462	train
nist_3918529	train
nist_3918565	train
nist_3919152	train
nist_3919235	train
nist_3919655	train
nist_3919679	train
nist_3919707	train
nist_3919733	train
nist_3919743	train
nist_3920944	train
nist_3920973	train
nist_3921347	train
nist_3921589	train
nist_3923653	train
nist_3923923	train
nist_3926879	train
nist_3926972	train
nist_3926987	train
nist_3927771	train
nist_3927816	train
nist_3930381	train
nist_3930394	train
nist_3930622	train
nist_3930634	train
nist_3932539	train
nist_3932545	train
nist_3932634	train
nist_3932668	train
nist_3933725	train
nist_3937084	train
nist_3937525	train
nist_3937567	train
nist_3938128	train
nist_3938142	train
nist_3938165	train
nist_3939055	train
nist_3939071	train
nist_3939533	train
nist_3939562	train
nist_3939588	train
nist_3939594	train
nist_3939598	train
nist_3939604	train
nist_3940128	train
nist_3940135	train
nist_3940392	train
nist_3940406	train
nist_3940435	train
nist_3940469	train
nist_3940633	train
nist_3940658	train
nist_3940812	train
nist_3940847	train
nist_3941331	train
nist_3941339	train
nist_3941345	train
nist_3941644	train
nist_3941661	train
nist_3942340	train
nist_3942358	train
nist_3942775	train
nist_3942790	train
nist_3943175	train
nist_3943185	train
nist_3943210	train
nist_3943711	train
nist_3943736	train
nist_3950725	train
nist_3951889	train
nist_3951928	train
nist_3951999	train
nist_3952014	train
nist_3952028	train
nist_3952085	train
nist_3952388	train
nist_3952422	train
nist_3952617	train
nist_3953063	train
nist_3953072	train
nist_3953273	train
nist_3953321	train
nist_3953339	train
nist_3953777	train
nist_3954351	train
nist_3954682	train
nist_3954805	train
nist_3955248	train
nist_3955482	train
nist_3955742	train
nist_3955751	train
nist_3956047	train
nist_3956064	train
nist_3956312	train
nist_3956328	train
nist_3956346	train
nist_3956520	train
nist_3956865	train
nist_3956904	train
nist_3956932	train
nist_3957168	train
nist_3957413	train
nist_3957595	train
nist_3958769	train
nist_3958881	train
nist_3959234	train
nist_3959685	train
nist_3959719	train
nist_3962353	train
nist_3962428	train
nist_3962795	train
nist_3962812	train
nist_3963790	train
nist_3964126	train
nist_3964160	train
nist_3964177	train
nist_3964439	train
nist_3964822	train
nist_3965079	train
nist_3965455	train
nist_3965478	train
nist_3966381	train
nist_3966412	train
nist_3966508	train
nist_3966546	train
nist_3966922	train
nist_3966936	train
nist_3967278	train
nist_3967293	train
nist_3967759	train
nist_3967783	train
nist_3967880	train
nist_3968132	train
nist_3968143	train
nist_3968168	train
nist_3968681	train
nist_3968703	train
nist_3969643	train
nist_3969723	train
nist_3969759	train
nist_3969870	train
nist_3969895	train
nist_3970091	train
nist_3970118	train
nist_3970130	train
nist_3970663	train
nist_3970941	train
nist_3971082	train
nist_3971229	train
nist_3971462	train
nist_3971479	train
nist_3971574	train
nist_3971615	train
nist_3971776	train
nist_3972206	train
nist_3972224	train
nist_3972435	train
nist_3972763	train
nist_3972778	train
nist_3973936	train
nist_3974244	train
nist_3974257	train
nist_3974788	train
nist_3975581	train
nist_3975594	train
nist_3975708	train
nist_3975843	train
nist_3975987	train
nist_3976260	train
nist_3976293	train
nist_3976471	train
nist_3977625	train
nist_3977645	train
nist_3977726	train
nist_3979179	train
nist_3979535	train
nist_3979677	train
nist_3979718	train
nist_3979828	train
nist_3979855	train
nist_3981112	train
nist_3981143	train
nist_3981483	train
nist_3981508	train
nist_3981546	train
nist_3981563	train
nist_3981885	train
nist_3982158	train
nist_3982516	train
nist_3982534	train
nist_3982710	train
nist_3982730	train
nist_3982782	train
nist_3982792	train
nist_3983125	train
nist_3983468	train
nist_3983484	train
nist_3983989	train
nist_3984331	train
nist_3984356	train
nist_3984392	train
nist_3984500	train
nist_3984527	train
nist_3984711	train
nist_3984739	train
nist_3985609	train
nist_3985909	train
nist_3985993	train
nist_3986890	train
nist_3987149	train
nist_3987646	train
nist_3987671	train
nist_3987888	train
nist_3987917	train
nist_3987962	train
nist_3987997	train
nist_3988567	train
nist_3988583	train
nist_3988679	train
nist_3988829	train
nist_3989228	train
nist_3989386	train
nist_3989432	train
nist_3990207	train
nist_3990231	train
nist_3990636	train
nist_3990650	train
nist_3990702	train
nist_3990990	train
nist_3991055	train
nist_3991350	train
nist_3991355	train
nist_3991469	train
nist_3991487	train
nist_3991690	train
nist_3992017	train
nist_3992043	train
nist_3992174	train
nist_3992191	train
nist_3992836	train
nist_3992938	train
nist_3993265	train
nist_3993391	train
nist_3993683	train
nist_3993991	train
nist_3994009	train
nist_3994404	train
nist_3994415	train
nist_3995852	train
nist_3995868	train
nist_3996627	train
nist_3996649	train
nist_3996945	train
nist_3996960	train
nist_3997035	train
nist_3997065	train
nist_3997233	train
nist_3997247	train
nist_3997479	train
nist_3997740	train
nist_3997752	train
nist_3998326	train
nist_3998453	train
nist_3999195	train
nist_3999348	train
nist_3999363	train
nist_4005723	train
nist_4006858	train
nist_4007178	train
nist_4007243	train
nist_4007277	train
nist_4008141	train
nist_4008409	train
nist_4008525	train
nist_4009083	train
nist_4009113	train
nist_4010041	train
nist_4010913	train
nist_4011277	train
nist_4011323	train
nist_4011537	train
nist_4011901	train
nist_4011928	train
nist_4011995	train
nist_4012112	train
nist_4012145	train
nist_4012944	train
nist_4012993	train
nist_4013128	train
nist_4013146	train
nist_4013823	train
nist_4013853	train
nist_4014475	train
nist_4014499	train
nist_4014631	train
nist_4015073	train
nist_4015343	train
nist_4015386	train
nist_4015688	train
nist_4016183	train
nist_4016195	train
nist_4016257	train
nist_4016284	train
nist_4016524	train
nist_4016610	train
nist_4016674	train
nist_4016721	train
nist_4017976	train
nist_4017992	train
nist_4018934	train
nist_4019608	train
nist_4021498	train
nist_4021819	train
nist_4022751	train
nist_4022759	train
nist_4026618	train
nist_4026971	train
nist_4027009	train
nist_4027734	train
nist_4027830	train
nist_4028003	train
nist_4028223	train
nist_4028239	train
nist_4028253	train
nist_4028423	train
nist_4028441	train
nist_4028550	train
nist_4028974	train
nist_4029001	train
nist_4029018	train
nist_4029840	train
nist_4029859	train
nist_4030102	train
nist_4030355	train
nist_4030380	train
nist_4030443	train
nist_4030948	train
nist_4031000	train
nist_4031708	train
nist_4031722	train
nist_4031829	train
nist_4032157	train
nist_4032181	train
nist_4032603	train
nist_4032635	train
nist_4032783	train
nist_4032970	train
nist_4033450	train
nist_4033479	train
nist_4034414	train
nist_4035687	train
nist_4035720	train
nist_4036827	train
nist_4037075	train
nist_4038009	train
nist_4038309	train
nist_4038828	train
nist_4039097	train
nist_4039171	train
nist_4039255	train
nist_4039683	train
nist_4039721	train
nist_4039780	train
nist_4039807	train
nist_4039824	train
nist_4039851	train
nist_4041088	train
nist_4041130	train
nist_4041213	train
nist_4041566	train
nist_4041611	train
nist_4042230	train
nist_4042260	train
nist_4042379	train
nist_4042395	train
nist_4042638	train
nist_4042653	train
nist_4042969	train
nist_4042986	train
nist_4043574	train
nist_4043672	train
nist_4045316	train
nist_4045332	train
nist_4045347	train
nist_4045363	train
nist_4046259	train
nist_4047270	train
nist_4047288	train
nist_4047473	train
nist_4048605	train
nist_4048853	train
nist_4048950	train
nist_4048965	train
nist_4049315	train
nist_4049324	train
nist_4049690	train
nist_4049704	train
nist_4050401	train
nist_4050428	train
nist_4050481	train
nist_4050500	train
nist_4050581	train
nist_4050636	train
nist_4050644	train
nist_4050891	train
nist_4051069	train
nist_4051082	train
nist_4051157	train
nist_4053918	train
nist_4055735	train
nist_4055834	train
nist_4056840	train
nist_4056906	train
nist_4056920	train
nist_4057669	train
nist_4057992	train
nist_4069207	train
nist_4069224	train
nist_4069465	train
nist_4070309	train
nist_4070827	train
nist_4073601	train
nist_4073618	train
nist_4073978	train
nist_4074983	train
nist_4075680	train
nist_4076435	train
nist_4078487	train
nist_4078561	train
nist_4079394	train
nist_4079474	train
nist_4080638	train
nist_4082468	train
nist_4083067	train
nist_4083159	train
nist_4085346	train
nist_4085610	train
nist_4085903	train
nist_4086310	train
nist_4087190	train
nist_4087220	train
nist_4087398	train
nist_4087418	train
nist_4088983	train
nist_4089957	train
nist_4091507	train
nist_4096324	train
nist_4096362	train
nist_4098218	train
nist_4098333	train
nist_4098380	train
nist_4099064	train
nist_4099097	train
nist_4099574	train
nist_4099626	train
nist_4099756	train
nist_4099766	train
nist_4100593	train
nist_4100610	train
nist_4101189	train
nist_4101233	train
nist_4101249	train
nist_4102274	train
nist_4102288	train
nist_4102355	train
nist_4102773	train
nist_4103605	train
nist_4103633	train
nist_4105151	train
nist_4105202	train
nist_4105456	train
nist_4105507	train
nist_4106281	train
nist_4106387	train
nist_4106454	train
nist_4106468	train
nist_4108292	train
nist_4108340	train
nist_4108738	train
nist_4108855	train
nist_4108863	train
nist_4109232	train
nist_4109272	train
nist_4111369	train
nist_4111596	train
nist_4111609	train
nist_4111795	train
nist_4111835	train
nist_4113746	train
nist_4113760	train
nist_4113975	train
nist_4114213	train
nist_4114229	train
nist_4115557	train
nist_4116541	train
nist_4117021	train
nist_4117037	train
nist_4117220	train
nist_4117234	train
nist_4117628	train
nist_4118251	train
nist_4118269	train
nist_4118835	train
nist_4119044	train
nist_4119061	train
nist_4120134	train
nist_4120289	train
nist_4120744	train
nist_4121431	train
nist_4121819	train
nist_4122141	train
nist_4122365	train
nist_4122392	train
nist_4122506	train
nist_4122719	train
nist_4124245	train
nist_4124274	train
nist_4124568	train
nist_4125457	train
nist_4125767	train
nist_4125779	train
nist_4125849	train
nist_4125862	train
nist_4126472	train
nist_4126556	train
nist_4126578	train
nist_4126720	train
nist_4126733	train
nist_4126743	train
nist_4126757	train
nist_4127391	train
nist_4128282	train
nist_4128588	train
nist_4128609	train
nist_4128964	train
nist_4128992	train
nist_4129639	train
nist_4129660	train
nist_4130379	train
nist_4130380	train
nist_4130567	train
nist_4130599	train
nist_4130660	train
nist_4130681	train
nist_4132181	train
nist_4132775	train
nist_4133954	train
nist_4133969	train
nist_4135141	train
nist_4135161	train
nist_4136246	train
nist_4136270	train
nist_4138884	train
nist_4139303	train
nist_4139564	train
nist_4139604	train
nist_4140923	train
nist_4140954	train
nist_4141216	train
nist_4141590	train
nist_4141968	train
nist_4141982	train
nist_4143012	train
nist_4143042	train
nist_4143390	train
nist_4145086	train
nist_4146056	train
nist_4146126	train
nist_4146290	train
nist_4146336	train
nist_4146571	train
nist_4146605	train
nist_4147132	train
nist_4147177	train
nist_4147662	train
nist_4147705	train
nist_4147849	train
nist_4147911	train
nist_4149379	train
nist_4149572	train
nist_4150207	train
nist_4150224	train
nist_4150767	train
nist_4151006	train
nist_4151034	train
nist_4151407	train
nist_4151474	train
nist_4151822	train
nist_4152513	train
nist_4152553	train
nist_4152860	train
nist_4152874	train
nist_4153062	train
nist_4153086	train
nist_4153253	train
nist_4153465	train
nist_4153519	train
nist_4154210	train
nist_4154988	train
nist_4155011	train
nist_4155112	train
nist_4155791	train
nist_4155806	train
nist_4156563	train
nist_4156589	train
nist_4158166	train
nist_4158465	train
nist_4158702	train
nist_4158720	train
nist_4159532	train
nist_4159548	train
nist_4160002	train
nist_4160103	train
nist_4160121	train
nist_4160648	train
nist_4160887	train
nist_4160917	train
nist_4161393	train
nist_4161409	train
nist_4161577	train
nist_4161605	train
nist_4161735	train
nist_4162289	train
nist_4162318	train
nist_4162854	train
nist_4163447	train
nist_4163461	train
nist_4163527	train
nist_4164241	train
nist_4164256	train
nist_4164565	train
nist_4164770	train
nist_4164806	train
nist_4165163	train
nist_4165219	train
nist_4165231	train
nist_4165272	train
nist_4166364	train
nist_4166911	train
nist_4167590	train
nist_4167696	train
nist_4167710	train
nist_4167955	train
nist_4167987	train
nist_4168945	train
nist_4169006	train
nist_4169048	train
nist_4169092	train
nist_4169108	train
nist_4169266	train
nist_4169323	train
nist_4169531	train
nist_4169634	train
nist_4169652	train
nist_4169857	train
nist_4169887	train
nist_4169965	train
nist_4169995	train
nist_4170445	train
nist_4171485	train
nist_4171501	train
nist_4171992	train
nist_4172033	train
nist_4173466	train
nist_4173518	train
nist_4173524	train
nist_4173536	train
nist_4173553	train
nist_4173920	train
nist_4173944	train
nist_4174710	train
nist_4174735	train
nist_4175092	train
nist_4175110	train
nist_4175304	train
nist_4175558	train
nist_4176074	train
nist_4177076	train
nist_4177898	train
nist_4177914	train
nist_4178322	train
nist_4178364	train
nist_4178411	train
nist_4179007	train
nist_4179050	train
nist_4179644	train
nist_4179705	train
nist_4179862	train
nist_4179895	train
nist_4181061	train
nist_4182235	train
nist_4183563	train
nist_4183581	train
nist_4183860	train
nist_4183874	train
nist_4183912	train
nist_4183920	train
nist_4183981	train
nist_4184012	train
nist_4184487	train
nist_4185605	train
nist_4185830	train
nist_4185848	train
nist_4186697	train
nist_4187307	train
nist_4187351	train
nist_4187445	train
nist_4187526	train
nist_4187536	train
nist_4187744	train
nist_4187811	train
nist_4187829	train
nist_4187842	train
nist_4188153	train
nist_4189062	train
nist_4189658	train
nist_4189675	train
nist_4190265	train
nist_4190299	train
nist_4190563	train
nist_4190658	train
nist_4190676	train
nist_4190918	train
nist_4198530	train
nist_4198552	train
nist_4199194	train
nist_4199463	train
nist_4199495	train
nist_4199897	train
nist_4200585	train
nist_4200601	train
nist_4200615	train
nist_4200632	train
nist_4200712	train
nist_4200796	train
nist_4200831	train
nist_4200979	train
nist_4201243	train
nist_4201575	train
nist_4201590	train
nist_4203651	train
nist_4203941	train
nist_4203954	train
nist_4204154	train
nist_4204172	train
nist_4204227	train
nist_4204291	train
nist_4205017	train
nist_4205053	train
nist_4205200	train
nist_4205271	train
nist_4205749	train
nist_4205768	train
nist_4207398	train
nist_4207413	train
nist_4208033	train
nist_4208044	train
nist_4208151	train
nist_4208226	train
nist_4208727	train
nist_4209795	train
nist_4209848	train
nist_4210188	train
nist_4210403	train
nist_4210420	train
nist_4210447	train
nist_4210468	train
nist_4211211	train
nist_4211216	train
nist_4211494	train
nist_4211694	train
nist_4211696	train
nist_4211731	train
nist_4212242	train
nist_4212252	train
nist_4212350	train
nist_4212368	train
nist_4212434	train
nist_4212489	train
nist_4212701	train
nist_4212760	train
nist_4214146	train
nist_4214210	train
nist_4214434	train
nist_4214883	train
nist_4214899	train
nist_4215190	train
nist_4216170	train
nist_4216208	train
nist_4217712	train
nist_4217733	train
nist_4217808	train
nist_4217865	train
nist_4218360	train
nist_4218833	train
nist_4218843	train
nist_4219395	train
nist_4219415	train
nist_4220026	train
nist_4220057	train
nist_4220263	train
nist_4220386	train
nist_4220404	train
nist_4222589	train
nist_4222617	train
nist_4222762	train
nist_4222843	train
nist_4222861	train
nist_4223263	train
nist_4223275	train
nist_4225948	train
nist_4227958	train
nist_4227991	train
nist_4229118	train
nist_4229151	train
nist_4229290	train
nist_4230236	train
nist_4230341	train
nist_4232564	train
nist_4233234	train
nist_4233265	train
nist_4233597	train
nist_4233612	train
nist_4234207	train
nist_4234479	train
nist_4234842	train
nist_4234992	train
nist_4235023	train
nist_4235053	train
nist_4235302	train
nist_4235486	train
nist_4236086	train
nist_4236225	train
nist_4236466	train
nist_4236490	train
nist_4236604	train
nist_4237007	train
nist_4237077	train
nist_4237092	train
nist_4237135	train
nist_4237183	train
nist_4238026	train
nist_4238041	train
nist_4238884	train
nist_4239401	train
nist_4239433	train
nist_4239461	train
nist_4240571	train
nist_4240587	train
nist_4241135	train
nist_4241152	train
nist_4241715	train
nist_4241753	train
nist_4245591	train
nist_4245624	train
nist_4248675	train
nist_4248688	train
nist_4249010	train
nist_4249033	train
nist_4250606	train
nist_4250632	train
nist_4251036	train
nist_4251045	train
nist_4252386	train
nist_4252420	train
nist_4252752	train
nist_4252782	train
nist_4253608	train
nist_4253619	train
nist_4253787	train
nist_4253806	train
nist_4256170	train
nist_4256197	train
nist_4256710	train
nist_4258807	train
nist_4258858	train
nist_4262796	train
nist_4262827	train
nist_4264248	train
nist_4264262	train
nist_4264595	train
nist_4264623	train
nist_4264763	train
nist_4265434	train
nist_4265461	train
nist_4265770	train
nist_4265813	train
nist_4266451	train
nist_4266719	train
nist_4266827	train
nist_4266832	train
nist_4266898	train
nist_4272238	train
nist_4272289	train
nist_4272323	train
nist_4272781	train
nist_4272796	train
nist_4273408	train
nist_4273421	train
nist_4277873	train
nist_4277976	train
nist_4278148	train
nist_4278165	train
nist_4278753	train
nist_4278765	train
nist_4278922	train
nist_4278940	train
nist_4279528	train
nist_4279631	train
nist_4279648	train
nist_4280279	train
nist_4280311	train
nist_4290166	train
nist_4290235	train
nist_4290365	train
nist_4290439	train
nist_4291071	train
nist_4291274	train
nist_4291307	train
nist_4293613	train
nist_4293628	train
nist_4293640	train
nist_4293718	train
nist_4293734	train
nist_4293838	train
nist_4293861	train
nist_4294356	train
nist_4295619	train
nist_4296032	train
nist_4296049	train
nist_4296929	train
nist_4296969	train
nist_4299564	train
nist_4300325	train
nist_4300379	train
nist_4301894	train
nist_4301908	train
nist_4303259	train
nist_4303297	train
nist_4304623	train
nist_4307300	train
nist_4307365	train
nist_4307556	train
nist_4307573	train
nist_4308061	train
nist_4308379	train
nist_4308423	train
nist_4308466	train
nist_4308481	train
nist_4308538	train
nist_4309025	train
nist_4312062	train
nist_4312076	train
nist_4313211	train
nist_4313275	train
nist_4313549	train
nist_4313578	train
nist_4313609	train
nist_4313800	train
nist_4313817	train
nist_4314484	train
nist_4314927	train
nist_4315642	train
nist_4315703	train
nist_4317769	train
nist_4317812	train
nist_4318988	train
nist_4319027	train
nist_4319209	train
nist_4319227	train
nist_4319313	train
nist_4320212	train
nist_4320224	train
nist_4320519	train
nist_4320556	train
nist_4320696	train
nist_4322010	train
nist_4322057	train
nist_4322930	train
nist_4323262	train
nist_4323625	train
nist_4324422	train
nist_4324438	train
nist_4324449	train
nist_4324717	train
nist_4324756	train
nist_4324941	train
nist_4324985	train
nist_4325165	train
nist_4326477	train
nist_4326492	train
nist_4328136	train
nist_4328318	train
nist_4328355	train
nist_4328497	train
nist_4328545	train
nist_4329184	train
nist_4329218	train
nist_4329260	train
nist_4329697	train
nist_4330644	train
nist_4331014	train
nist_4331045	train
nist_4331966	train
nist_4331988	train
nist_4332217	train
nist_4332234	train
nist_4332560	train
nist_4332829	train
nist_4332841	train
nist_4333321	train
nist_4333342	train
nist_4333747	train
nist_4333830	train
nist_4334953	train
nist_4335164	train
nist_4336034	train
nist_4336080	train
nist_4336117	train
nist_4336135	train
nist_4336250	train
nist_4336278	train
nist_4337661	train
nist_4337717	train
nist_4337893	train
nist_4338125	train
nist_4338176	train
nist_4338741	train
nist_4339149	train
nist_4339470	train
nist_4340449	train
nist_4340486	train
nist_4341358	train
nist_4341377	train
nist_4341489	train
nist_4341533	train
nist_4341737	train
nist_4341774	train
nist_4343050	train
nist_4343092	train
nist_4343531	train
nist_4343559	train
nist_4344045	train
nist_4344062	train
nist_4346447	train
nist_4346535	train
nist_4346578	train
nist_4347259	train
nist_4347286	train
nist_4349077	train
nist_4349190	train
nist_4349243	train
nist_4349268	train
nist_4349571	train
nist_4349634	train
nist_4349655	train
nist_4350153	train
nist_4350172	train
nist_4350925	train
nist_4350942	train
nist_4352177	train
nist_4352226	train
nist_4352918	train
nist_4352933	train
nist_4353249	train
nist_4353288	train
nist_4354205	train
nist_4354277	train
nist_4354670	train
nist_4355209	train
nist_4355242	train
nist_4355634	train
nist_4355666	train
nist_4355922	train
nist_4357908	train
nist_4357925	train
nist_4358837	train
nist_4358901	train
nist_4360828	train
nist_4360880	train
nist_4360983	train
nist_4361023	train
nist_4361272	train
nist_4361314	train
nist_4361412	train
nist_4361429	train
nist_4361579	train
nist_4361592	train
nist_4361696	train
nist_4362397	train
nist_4364040	train
nist_4364054	train
nist_4365309	train
nist_4365325	train
nist_4365761	train
nist_4365812	train
nist_4366501	train
nist_4366827	train
nist_4366841	train
nist_4367326	train
nist_4367358	train
nist_4367711	train
nist_4367753	train
nist_4367993	train
nist_4368025	train
nist_4368617	train
nist_4369221	train
nist_4369237	train
nist_4371300	train
nist_4371313	train
nist_4371478	train
nist_4371495	train
nist_4371682	train
nist_4371947	train
nist_4372077	train
nist_4372262	train
nist_4372279	train
nist_4372295	train
nist_4372311	train
nist_4372324	train
nist_4372720	train
nist_4372942	train
nist_4373586	train
nist_4373606	train
nist_4374663	train
nist_4374700	train
nist_4375878	train
nist_4375938	train
nist_4376795	train
nist_4376929	train
nist_4378071	train
nist_4378345	train
nist_4378363	train
nist_4378785	train
nist_4379181	train
nist_4379662	train
nist_4379677	train
nist_4380397	train
nist_4380411	train
nist_4382617	train
nist_4382626	train
nist_4383956	train
nist_4383974	train
nist_4384704	train
nist_4384719	train
nist_4385303	train
nist_4385489	train
nist_4385511	train
nist_4385538	train
nist_4385553	train
nist_4388136	train
nist_4388188	train
nist_4389251	train
nist_4390793	train
nist_4391185	train
nist_4391799	train
nist_4391816	train
nist_4392589	train
nist_4392638	train
nist_4395873	train
nist_4395893	train
nist_4396910	train
nist_4396972	train
nist_4398369	train
nist_4398416	train
nist_4398469	train
nist_4398894	train
nist_4398939	train
nist_4398994	train
nist_4399025	train
nist_4399442	train
nist_4399483	train
nist_4400804	train
nist_4400859	train
nist_4401128	train
nist_4401160	train
nist_4401896	train
nist_4402343	train
nist_4402359	train
nist_4403163	train
nist_4403265	train
nist_4403509	train
nist_4404743	train
nist_4406773	train
nist_4406863	train
nist_4406918	train
nist_4409828	train
nist_4411838	train
nist_4411887	train
nist_4412788	train
nist_4412835	train
nist_4413617	train
nist_4413649	train
nist_4415148	train
nist_4415228	train
nist_4417479	train
nist_4417587	train
nist_4419137	train
nist_4421122	train
nist_4421173	train
nist_4424276	train
nist_4424310	train
nist_4424366	train
nist_4426945	train
nist_4426977	train
nist_4428089	train
nist_4428115	train
nist_4428365	train
nist_4428396	train
nist_4429102	train
nist_4429119	train
nist_4429322	train
nist_4429339	train
nist_4431097	train
nist_4431129	train
nist_4431170	train
nist_4431203	train
nist_4431542	train
nist_4431557	train
nist_4432438	train
nist_4432511	train
nist_4435272	train
nist_4435289	train
nist_4435791	train
nist_4435860	train
nist_4436940	train
nist_4437082	train
nist_4437134	train
nist_4439241	train
nist_4439278	train
nist_4439759	train
nist_4442106	train
nist_4442128	train
nist_4442317	train
nist_4442391	train
nist_4444414	train
nist_4444445	train
nist_4446196	train
nist_4446281	train
nist_4446382	train
nist_4446433	train
nist_4447100	train
nist_4447149	train
nist_4450534	train
nist_4450553	train
nist_4451211	train
nist_4452116	train
nist_4452460	train
nist_4453744	train
nist_4453772	train
nist_4455000	train
nist_4455012	train
nist_4455197	train
nist_4455223	train
nist_4458822	train
nist_4458855	train
nist_4460498	train
nist_4460537	train
nist_4461682	train
nist_4461716	train
nist_4461764	train
nist_4461799	train
nist_4461894	train
nist_4461979	train
nist_4465903	train
nist_4465930	train
nist_4466464	train
nist_4466497	train
nist_4467029	train
nist_4467054	train
nist_4468243	train
nist_4468334	train
nist_4468573	train
nist_4468650	train
nist_4471331	train
nist_4471375	train
nist_4473077	train
nist_4473089	train
nist_4473244	train
nist_4473280	train
nist_4474398	train
nist_4474413	train
nist_4474532	train
nist_4474568	train
nist_4475888	train
nist_4475900	train
nist_4476076	train
nist_4476084	train
nist_4476095	train
nist_4476122	train
nist_4476287	train
nist_4476300	train
nist_4476475	train
nist_4476510	train
nist_4477178	train
nist_4477215	train
nist_4479288	train
nist_4480089	train
nist_4480104	train
nist_4481153	train
nist_4481162	train
nist_4481661	train
nist_4481685	train
nist_4482358	train
nist_4482376	train
nist_4485051	train
nist_4485077	train
nist_4485655	train
nist_4485670	train
nist_4487036	train
nist_4487047	train
nist_4487578	train
nist_4487648	train
nist_4490172	train
nist_4490799	train
nist_4491286	train
nist_4491331	train
nist_4491700	train
nist_4491865	train
nist_4492467	train
nist_4493118	train
nist_4493133	train
nist_4493514	train
nist_4493535	train
nist_4493564	train
nist_4494369	train
nist_4494405	train
nist_4495535	train
nist_4495558	train
nist_4495703	train
nist_4495733	train
nist_4498141	train
nist_4498156	train
nist_4501296	train
nist_4501321	train
nist_4501822	train
nist_4501829	train
nist_4502305	train
nist_4504067	train
nist_4504674	train
nist_4504730	train
nist_4504746	train
nist_4504997	train
nist_4505010	train
nist_4505239	train
nist_4505274	train
nist_4506847	train
nist_4506854	train
nist_4510129	train
nist_4510840	train
nist_4510869	train
nist_4511008	train
nist_4511378	train
nist_4511408	train
nist_4511580	train
nist_4511611	train
nist_4511962	train
nist_4512034	train
nist_4512998	train
nist_4513208	train
nist_4513257	train
nist_4513279	train
nist_4513297	train
nist_4513989	train
nist_4514052	train
nist_4514886	train
nist_4514891	train
nist_4515152	train
nist_4515210	train
nist_4515511	train
nist_4517241	train
nist_4517256	train
nist_4517350	train
nist_4517384	train
nist_4517416	train
nist_4517440	train
nist_4519798	train
nist_4519817	train
nist_4519903	train
nist_4519954	train
nist_4520103	train
nist_4520138	train
nist_4520301	train
nist_4520342	train
nist_4522188	train
nist_4522216	train
nist_4524066	train
nist_4524175	train
nist_4524201	train
nist_4525124	train
nist_4525531	train
nist_4525549	train
nist_4526064	train
nist_4526093	train
nist_4526375	train
nist_4526391	train
nist_4529139	train
nist_4529207	train
nist_4529541	train
nist_4529583	train
nist_4531367	train
nist_4531397	train
nist_4531883	train
nist_4531900	train
nist_4532624	train
nist_4532733	train
nist_4532989	train
nist_4533048	train
nist_4533783	train
nist_4533858	train
nist_4534285	train
nist_4534330	train
nist_4535857	train
nist_4535960	train
nist_4538392	train
nist_4538419	train
nist_4539471	train
nist_4539505	train
nist_4539612	train
nist_4539631	train
nist_4540551	train
nist_4540567	train
nist_4541908	train
nist_4541997	train
nist_4542627	train
nist_4542643	train
nist_4543048	train
nist_4543129	train
nist_4543312	train
nist_4543375	train
nist_4543629	train
nist_4543648	train
nist_4544256	train
nist_4544300	train
nist_4545745	train
nist_4545807	train
nist_4545989	train
nist_4546031	train
nist_4546060	train
nist_4546093	train
nist_4546144	train
nist_4546169	train
nist_4546450	train
nist_4546466	train
nist_4546804	train
nist_4549237	train
nist_4549324	train
nist_4549961	train
nist_4550077	train
nist_4552025	train
nist_4552075	train
nist_4552831	train
nist_4553181	train
nist_4553217	train
nist_4554085	train
nist_4554130	train
nist_4554712	train
nist_4554796	train
nist_4555112	train
nist_4555180	train
nist_4556711	train
nist_4556749	train
nist_4556811	train
nist_4556851	train
nist_4557219	train
nist_4557255	train
nist_4558617	train
nist_4558695	train
nist_4558726	train
nist_4558804	train
nist_4560200	train
nist_4560250	train
nist_4560316	train
nist_4560333	train
nist_4560761	train
nist_4561483	train
nist_4562474	train
nist_4562981	train
nist_4563107	train
nist_4563374	train
nist_4563401	train
nist_4563966	train
nist_4564027	train
nist_4564072	train
nist_4564970	train
nist_4565039	train
nist_4567824	train
nist_4567870	train
nist_4567931	train
nist_4568299	train
nist_4568675	train
nist_4568715	train
nist_4569072	train
nist_4569150	train
nist_4569472	train
nist_4569529	train
nist_4570729	train
nist_4570759	train
nist_4572355	train
nist_4572370	train
nist_4572382	train
nist_4572419	train
nist_4572618	train
nist_4572670	train
nist_4573921	train
nist_4573959	train
nist_4574122	train
nist_4574163	train
nist_4575999	train
nist_4576461	train
nist_4576492	train
nist_4576817	train
nist_4577260	train
nist_4577275	train
nist_4577426	train
nist_4577443	train
nist_4577838	train
nist_4577906	train
nist_4578941	train
nist_4579531	train
nist_4579545	train
nist_4580250	train
nist_4580542	train
nist_4581677	train
nist_4582119	train
nist_4583249	train
nist_4585738	train
nist_4585787	train
nist_4586653	train
nist_4586773	train
nist_4586936	train
nist_4586983	train
nist_4587141	train
nist_4587224	train
nist_4588435	train
nist_4588462	train
nist_4588945	train
nist_4588963	train
nist_4589126	train
nist_4589230	train
nist_4589596	train
nist_4589617	train
nist_4590385	train
nist_4590408	train
nist_4592009	train
nist_4592052	train
nist_4593158	train
nist_4593181	train
nist_4594455	train
nist_4594513	train
nist_4594674	train
nist_4594711	train
nist_4594912	train
nist_4595258	train
nist_4595439	train
nist_4595499	train
nist_4595806	train
nist_4597248	train
nist_4597273	train
nist_4597318	train
nist_4600148	train
nist_4600167	train
nist_4601279	train
nist_4605124	train
nist_4605192	train
nist_4605266	train
nist_4605296	train
nist_4605734	train
nist_4605767	train
nist_4605790	train
nist_4608219	train
nist_4609095	train
nist_4609122	train
nist_4609877	train
nist_4609912	train
nist_4610935	train
nist_4610987	train
nist_4611154	train
nist_4611221	train
nist_4611496	train
nist_4611537	train
nist_4612998	train
nist_4613015	train
nist_4613036	train
nist_4613690	train
nist_4613708	train
nist_4613832	train
nist_4614486	train
nist_4614530	train
nist_4615414	train
nist_4615449	train
nist_4619800	train
nist_4619837	train
nist_4620192	train
nist_4620259	train
nist_4620729	train
nist_4620752	train
nist_4620831	train
nist_4620866	train
nist_4620972	train
nist_4620984	train
nist_4621154	train
nist_4621250	train
nist_4621416	train
nist_4621432	train
nist_4621746	train
nist_4622187	train
nist_4622204	train
nist_4622778	train
nist_4622808	train
nist_4622834	train
nist_4622841	train
nist_4623204	train
nist_4623240	train
nist_4623303	train
nist_4623319	train
nist_4623360	train
nist_4623404	train
nist_4623416	train
nist_4623431	train
nist_4623540	train
nist_4623562	train
nist_4623783	train
nist_4623784	train
nist_4624095	train
nist_4624110	train
nist_4624298	train
nist_4624311	train
nist_4625334	train
nist_4625365	train
nist_4625495	train
nist_4625520	train
nist_4625735	train
nist_4625763	train
nist_4626121	train
nist_4626153	train
nist_4626461	train
nist_4626471	train
nist_4627865	train
nist_4628305	train
nist_4628354	train
nist_4628859	train
nist_4628876	train
nist_4628891	train
nist_4628934	train
nist_4629582	train
nist_4629603	train
nist_4630190	train
nist_4630204	train
nist_4632074	train
nist_4632094	train
nist_4632556	train
nist_4632569	train
nist_4634325	train
nist_4634490	train
nist_4634505	train
nist_4636483	train
nist_4636603	train
nist_4637416	train
nist_4637450	train
nist_4639198	train
nist_4639231	train
nist_4639535	train
nist_4640163	train
nist_4641406	train
nist_4641421	train
nist_4642234	train
nist_4642284	train
nist_4642988	train
nist_4643027	train
nist_4643558	train
nist_4643635	train
nist_4643896	train
nist_4643956	train
nist_4646107	train
nist_4646144	train
nist_4646201	train
nist_4646273	train
nist_4646367	train
nist_4646379	train
nist_4647259	train
nist_4647311	train
nist_4649742	train
nist_4649757	train
nist_4652387	train
nist_4652438	train
nist_4652775	train
nist_4652862	train
nist_4653128	train
nist_4653165	train
nist_4653710	train
nist_4653716	train
nist_4653740	train
nist_4653741	train
nist_4655652	train
nist_4655706	train
nist_4656702	train
nist_4656723	train
nist_4656922	train
nist_4656955	train
